LBE,CONGRESSIONAL_DISTRICT_CODE,LEGISLATIVE_DISTRICT_CODE,PRECINCT,PARTY,POLLS,EARLY_VOING,ABSENTEE,PROVISIONAL,ELIGIBLE_VOTERS
Allegany,6,01C,001-000,DEMOCRATIC,37,11,19,0,88
Allegany,6,01C,001-000,GREEN,0,0,0,0,0
Allegany,6,01C,001-000,LIBERTARIAN,2,0,0,0,7
Allegany,6,01C,001-000,NO LABELS MARYLAND,1,0,0,0,1
Allegany,6,01C,001-000,OTHER PARTIES,2,0,0,0,6
Allegany,6,01C,001-000,REPUBLICAN,277,48,31,4,422
Allegany,6,01C,001-000,UNAFFILIATED,48,12,6,1,105
Allegany,6,01C,002-000,DEMOCRATIC,35,13,20,1,113
Allegany,6,01C,002-000,GREEN,0,0,0,0,1
Allegany,6,01C,002-000,LIBERTARIAN,0,0,0,0,3
Allegany,6,01C,002-000,NO LABELS MARYLAND,0,0,0,0,0
Allegany,6,01C,002-000,OTHER PARTIES,6,0,1,1,12
Allegany,6,01C,002-000,REPUBLICAN,263,76,38,14,468
Allegany,6,01C,002-000,UNAFFILIATED,61,16,9,5,145
Allegany,6,01C,003-000,DEMOCRATIC,27,18,19,5,93
Allegany,6,01C,003-000,GREEN,0,0,0,0,0
Allegany,6,01C,003-000,LIBERTARIAN,1,0,0,0,1
Allegany,6,01C,003-000,NO LABELS MARYLAND,1,0,0,0,1
Allegany,6,01C,003-000,OTHER PARTIES,3,1,0,0,7
Allegany,6,01C,003-000,REPUBLICAN,280,84,38,16,476
Allegany,6,01C,003-000,UNAFFILIATED,65,18,5,6,134
Allegany,6,01B,004-000,DEMOCRATIC,417,257,351,37,1536
Allegany,6,01B,004-000,GREEN,2,0,0,0,13
Allegany,6,01B,004-000,LIBERTARIAN,16,3,1,0,35
Allegany,6,01B,004-000,NO LABELS MARYLAND,5,3,2,1,15
Allegany,6,01B,004-000,OTHER PARTIES,19,7,6,2,84
Allegany,6,01B,004-000,REPUBLICAN,791,516,255,54,2131
Allegany,6,01B,004-000,UNAFFILIATED,324,119,97,34,1169
Allegany,6,01B,005-000,DEMOCRATIC,144,64,97,17,452
Allegany,6,01B,005-000,GREEN,0,0,0,0,0
Allegany,6,01B,005-000,LIBERTARIAN,3,1,0,0,14
Allegany,6,01B,005-000,NO LABELS MARYLAND,1,0,0,0,7
Allegany,6,01B,005-000,OTHER PARTIES,6,7,0,3,30
Allegany,6,01B,005-000,REPUBLICAN,292,172,75,15,695
Allegany,6,01B,005-000,UNAFFILIATED,129,41,25,14,352
Allegany,6,01B,006-005,DEMOCRATIC,265,222,269,26,1015
Allegany,6,01B,006-005,GREEN,0,1,2,0,8
Allegany,6,01B,006-005,LIBERTARIAN,5,2,1,0,21
Allegany,6,01B,006-005,NO LABELS MARYLAND,0,0,1,0,3
Allegany,6,01B,006-005,OTHER PARTIES,3,5,2,0,23
Allegany,6,01B,006-005,REPUBLICAN,338,304,137,21,1014
Allegany,6,01B,006-005,UNAFFILIATED,194,94,84,17,627
Allegany,6,01B,006-006,DEMOCRATIC,135,46,73,1,359
Allegany,6,01B,006-006,GREEN,2,0,0,0,2
Allegany,6,01B,006-006,LIBERTARIAN,2,2,2,0,12
Allegany,6,01B,006-006,NO LABELS MARYLAND,0,0,0,0,0
Allegany,6,01B,006-006,OTHER PARTIES,4,7,1,0,22
Allegany,6,01B,006-006,REPUBLICAN,323,166,70,9,732
Allegany,6,01B,006-006,UNAFFILIATED,76,30,16,2,256
Allegany,6,01B,007-001,DEMOCRATIC,131,43,76,11,350
Allegany,6,01B,007-001,GREEN,0,0,0,0,1
Allegany,6,01B,007-001,LIBERTARIAN,5,0,0,0,10
Allegany,6,01B,007-001,NO LABELS MARYLAND,0,0,0,0,1
Allegany,6,01B,007-001,OTHER PARTIES,3,1,1,0,12
Allegany,6,01B,007-001,REPUBLICAN,420,181,65,20,844
Allegany,6,01B,007-001,UNAFFILIATED,119,30,24,4,279
Allegany,6,01A,007-002,DEMOCRATIC,156,51,76,4,369
Allegany,6,01A,007-002,GREEN,1,1,0,0,3
Allegany,6,01A,007-002,LIBERTARIAN,2,0,0,0,6
Allegany,6,01A,007-002,NO LABELS MARYLAND,0,0,0,0,0
Allegany,6,01A,007-002,OTHER PARTIES,5,5,0,0,16
Allegany,6,01A,007-002,REPUBLICAN,532,158,55,14,903
Allegany,6,01A,007-002,UNAFFILIATED,118,27,20,4,264
Allegany,6,01A,008-000,DEMOCRATIC,145,25,82,4,392
Allegany,6,01A,008-000,GREEN,0,0,0,0,1
Allegany,6,01A,008-000,LIBERTARIAN,3,1,0,0,4
Allegany,6,01A,008-000,NO LABELS MARYLAND,0,0,0,1,2
Allegany,6,01A,008-000,OTHER PARTIES,5,1,2,0,16
Allegany,6,01A,008-000,REPUBLICAN,670,146,108,15,1204
Allegany,6,01A,008-000,UNAFFILIATED,164,20,33,9,433
Allegany,6,01A,009-000,DEMOCRATIC,49,8,17,1,110
Allegany,6,01A,009-000,GREEN,0,0,0,0,0
Allegany,6,01A,009-000,LIBERTARIAN,1,1,1,0,5
Allegany,6,01A,009-000,NO LABELS MARYLAND,0,0,0,0,0
Allegany,6,01A,009-000,OTHER PARTIES,3,0,0,0,7
Allegany,6,01A,009-000,REPUBLICAN,314,45,50,6,534
Allegany,6,01A,009-000,UNAFFILIATED,62,6,11,1,151
Allegany,6,01A,010-000,DEMOCRATIC,67,9,34,3,163
Allegany,6,01A,010-000,GREEN,0,0,0,0,0
Allegany,6,01A,010-000,LIBERTARIAN,3,0,0,1,4
Allegany,6,01A,010-000,NO LABELS MARYLAND,1,0,0,0,1
Allegany,6,01A,010-000,OTHER PARTIES,2,0,0,0,8
Allegany,6,01A,010-000,REPUBLICAN,521,75,72,20,879
Allegany,6,01A,010-000,UNAFFILIATED,69,6,12,5,203
Allegany,6,01B,011-000,DEMOCRATIC,122,24,77,3,269
Allegany,6,01B,011-000,GREEN,0,0,0,0,0
Allegany,6,01B,011-000,LIBERTARIAN,1,1,1,0,5
Allegany,6,01B,011-000,NO LABELS MARYLAND,0,0,0,0,0
Allegany,6,01B,011-000,OTHER PARTIES,1,0,0,1,4
Allegany,6,01B,011-000,REPUBLICAN,194,56,47,11,372
Allegany,6,01B,011-000,UNAFFILIATED,81,8,15,4,148
Allegany,6,01B,012-000,DEMOCRATIC,256,72,127,89,601
Allegany,6,01B,012-000,GREEN,3,0,0,1,4
Allegany,6,01B,012-000,LIBERTARIAN,6,4,2,2,13
Allegany,6,01B,012-000,NO LABELS MARYLAND,3,0,0,3,5
Allegany,6,01B,012-000,OTHER PARTIES,12,2,3,1,37
Allegany,6,01B,012-000,REPUBLICAN,542,136,143,75,1065
Allegany,6,01B,012-000,UNAFFILIATED,181,32,62,80,457
Allegany,6,01B,013-000,DEMOCRATIC,97,21,48,6,260
Allegany,6,01B,013-000,GREEN,0,0,0,0,1
Allegany,6,01B,013-000,LIBERTARIAN,3,0,0,0,4
Allegany,6,01B,013-000,NO LABELS MARYLAND,2,0,0,0,3
Allegany,6,01B,013-000,OTHER PARTIES,4,0,0,1,7
Allegany,6,01B,013-000,REPUBLICAN,522,125,57,9,895
Allegany,6,01B,013-000,UNAFFILIATED,104,24,20,9,290
Allegany,6,01B,014-000,DEMOCRATIC,45,38,44,2,203
Allegany,6,01B,014-000,GREEN,0,0,0,0,1
Allegany,6,01B,014-000,LIBERTARIAN,4,1,1,0,9
Allegany,6,01B,014-000,NO LABELS MARYLAND,0,0,0,0,2
Allegany,6,01B,014-000,OTHER PARTIES,2,1,1,0,9
Allegany,6,01B,014-000,REPUBLICAN,49,29,25,4,174
Allegany,6,01B,014-000,UNAFFILIATED,33,5,20,2,151
Allegany,6,01C,016-001,DEMOCRATIC,81,36,55,5,253
Allegany,6,01C,016-001,GREEN,0,0,0,0,2
Allegany,6,01C,016-001,LIBERTARIAN,2,0,0,0,5
Allegany,6,01C,016-001,NO LABELS MARYLAND,1,0,0,0,2
Allegany,6,01C,016-001,OTHER PARTIES,2,3,1,1,12
Allegany,6,01C,016-001,REPUBLICAN,378,257,89,14,887
Allegany,6,01C,016-001,UNAFFILIATED,85,44,14,7,254
Allegany,6,01B,016-002,DEMOCRATIC,6,1,2,1,12
Allegany,6,01B,016-002,GREEN,0,0,0,0,0
Allegany,6,01B,016-002,LIBERTARIAN,0,0,0,0,0
Allegany,6,01B,016-002,NO LABELS MARYLAND,0,0,0,0,0
Allegany,6,01B,016-002,OTHER PARTIES,0,0,0,0,0
Allegany,6,01B,016-002,REPUBLICAN,16,9,2,2,39
Allegany,6,01B,016-002,UNAFFILIATED,3,2,0,0,14
Allegany,6,01B,018-000,DEMOCRATIC,80,23,40,6,215
Allegany,6,01B,018-000,GREEN,0,0,0,0,0
Allegany,6,01B,018-000,LIBERTARIAN,2,0,1,0,6
Allegany,6,01B,018-000,NO LABELS MARYLAND,2,0,0,0,2
Allegany,6,01B,018-000,OTHER PARTIES,2,1,1,1,13
Allegany,6,01B,018-000,REPUBLICAN,556,141,87,8,965
Allegany,6,01B,018-000,UNAFFILIATED,98,14,18,1,215
Allegany,6,01B,020-000,DEMOCRATIC,81,26,30,3,191
Allegany,6,01B,020-000,GREEN,0,0,0,0,2
Allegany,6,01B,020-000,LIBERTARIAN,1,0,0,0,3
Allegany,6,01B,020-000,NO LABELS MARYLAND,1,0,0,0,2
Allegany,6,01B,020-000,OTHER PARTIES,3,3,0,0,12
Allegany,6,01B,020-000,REPUBLICAN,471,179,81,21,901
Allegany,6,01B,020-000,UNAFFILIATED,98,20,22,4,240
Allegany,6,01C,021-000,DEMOCRATIC,49,20,25,1,134
Allegany,6,01C,021-000,GREEN,0,0,0,0,1
Allegany,6,01C,021-000,LIBERTARIAN,1,0,0,1,3
Allegany,6,01C,021-000,NO LABELS MARYLAND,0,0,0,0,0
Allegany,6,01C,021-000,OTHER PARTIES,1,0,0,1,3
Allegany,6,01C,021-000,REPUBLICAN,297,95,37,4,493
Allegany,6,01C,021-000,UNAFFILIATED,57,12,6,1,144
Allegany,6,01B,022-000,DEMOCRATIC,104,98,110,31,488
Allegany,6,01B,022-000,GREEN,0,0,0,0,5
Allegany,6,01B,022-000,LIBERTARIAN,5,1,1,1,16
Allegany,6,01B,022-000,NO LABELS MARYLAND,0,0,1,1,2
Allegany,6,01B,022-000,OTHER PARTIES,8,6,2,3,43
Allegany,6,01B,022-000,REPUBLICAN,242,221,105,31,783
Allegany,6,01B,022-000,UNAFFILIATED,92,48,38,18,369
Allegany,6,01B,023-000,DEMOCRATIC,154,92,118,8,540
Allegany,6,01B,023-000,GREEN,1,0,0,0,5
Allegany,6,01B,023-000,LIBERTARIAN,4,2,0,0,10
Allegany,6,01B,023-000,NO LABELS MARYLAND,0,0,0,0,0
Allegany,6,01B,023-000,OTHER PARTIES,8,2,2,0,25
Allegany,6,01B,023-000,REPUBLICAN,326,174,57,14,760
Allegany,6,01B,023-000,UNAFFILIATED,127,37,38,6,421
Allegany,6,01B,024-000,DEMOCRATIC,96,29,78,5,263
Allegany,6,01B,024-000,GREEN,0,0,0,0,2
Allegany,6,01B,024-000,LIBERTARIAN,6,0,1,0,9
Allegany,6,01B,024-000,NO LABELS MARYLAND,1,0,1,0,2
Allegany,6,01B,024-000,OTHER PARTIES,3,3,1,0,10
Allegany,6,01B,024-000,REPUBLICAN,378,145,77,12,772
Allegany,6,01B,024-000,UNAFFILIATED,66,13,17,4,195
Allegany,6,01A,026-000,DEMOCRATIC,257,85,187,107,677
Allegany,6,01A,026-000,GREEN,0,0,0,0,1
Allegany,6,01A,026-000,LIBERTARIAN,9,0,0,5,20
Allegany,6,01A,026-000,NO LABELS MARYLAND,1,0,0,2,1
Allegany,6,01A,026-000,OTHER PARTIES,6,5,2,0,23
Allegany,6,01A,026-000,REPUBLICAN,369,128,131,56,847
Allegany,6,01A,026-000,UNAFFILIATED,130,47,63,71,425
Allegany,6,01B,029-001,DEMOCRATIC,157,76,119,6,443
Allegany,6,01B,029-001,GREEN,0,0,0,0,2
Allegany,6,01B,029-001,LIBERTARIAN,2,3,1,0,11
Allegany,6,01B,029-001,NO LABELS MARYLAND,1,0,0,0,1
Allegany,6,01B,029-001,OTHER PARTIES,5,2,3,0,13
Allegany,6,01B,029-001,REPUBLICAN,389,271,99,20,922
Allegany,6,01B,029-001,UNAFFILIATED,135,52,40,8,346
Allegany,6,01B,029-002,DEMOCRATIC,153,81,93,6,408
Allegany,6,01B,029-002,GREEN,0,0,0,0,0
Allegany,6,01B,029-002,LIBERTARIAN,6,0,0,1,9
Allegany,6,01B,029-002,NO LABELS MARYLAND,2,0,0,0,3
Allegany,6,01B,029-002,OTHER PARTIES,6,0,2,0,12
Allegany,6,01B,029-002,REPUBLICAN,400,219,84,5,817
Allegany,6,01B,029-002,UNAFFILIATED,83,47,33,6,261
Allegany,6,01B,029-003,DEMOCRATIC,99,62,87,2,312
Allegany,6,01B,029-003,GREEN,0,0,0,0,1
Allegany,6,01B,029-003,LIBERTARIAN,4,1,2,0,15
Allegany,6,01B,029-003,NO LABELS MARYLAND,0,0,3,0,3
Allegany,6,01B,029-003,OTHER PARTIES,8,1,0,0,9
Allegany,6,01B,029-003,REPUBLICAN,305,145,70,6,641
Allegany,6,01B,029-003,UNAFFILIATED,74,32,23,4,215
Allegany,6,01A,031-000,DEMOCRATIC,81,23,34,3,205
Allegany,6,01A,031-000,GREEN,0,0,0,0,0
Allegany,6,01A,031-000,LIBERTARIAN,0,2,1,0,5
Allegany,6,01A,031-000,NO LABELS MARYLAND,1,0,0,0,2
Allegany,6,01A,031-000,OTHER PARTIES,4,0,0,1,10
Allegany,6,01A,031-000,REPUBLICAN,388,131,50,19,694
Allegany,6,01A,031-000,UNAFFILIATED,93,21,17,4,218
Allegany,6,01B,034-000,DEMOCRATIC,122,43,52,6,298
Allegany,6,01B,034-000,GREEN,0,0,0,0,0
Allegany,6,01B,034-000,LIBERTARIAN,0,1,0,0,9
Allegany,6,01B,034-000,NO LABELS MARYLAND,0,0,0,0,2
Allegany,6,01B,034-000,OTHER PARTIES,4,1,0,0,10
Allegany,6,01B,034-000,REPUBLICAN,356,146,68,17,687
Allegany,6,01B,034-000,UNAFFILIATED,113,31,27,1,249
Allegany,,,Unable to Determine,DEMOCRATIC,0,0,0,23,
Allegany,,,Unable to Determine,GREEN,0,0,0,0,
Allegany,,,Unable to Determine,LIBERTARIAN,0,0,0,0,
Allegany,,,Unable to Determine,NO LABELS MARYLAND,0,0,0,0,
Allegany,,,Unable to Determine,OTHER PARTIES,0,0,0,0,
Allegany,,,Unable to Determine,REPUBLICAN,0,0,0,13,
Allegany,,,Unable to Determine,UNAFFILIATED,0,0,0,10,
Anne Arundel,3,32,001-001,DEMOCRATIC,198,130,129,18,586
Anne Arundel,3,32,001-001,GREEN,0,0,0,0,2
Anne Arundel,3,32,001-001,LIBERTARIAN,4,0,1,0,10
Anne Arundel,3,32,001-001,NO LABELS MARYLAND,2,0,2,1,5
Anne Arundel,3,32,001-001,OTHER PARTIES,7,3,3,3,22
Anne Arundel,3,32,001-001,REPUBLICAN,326,159,69,21,665
Anne Arundel,3,32,001-001,UNAFFILIATED,156,62,53,15,408
Anne Arundel,3,32,001-002,DEMOCRATIC,272,136,169,36,812
Anne Arundel,3,32,001-002,GREEN,0,0,1,0,2
Anne Arundel,3,32,001-002,LIBERTARIAN,5,1,0,1,11
Anne Arundel,3,32,001-002,NO LABELS MARYLAND,2,0,1,1,5
Anne Arundel,3,32,001-002,OTHER PARTIES,1,4,2,0,17
Anne Arundel,3,32,001-002,REPUBLICAN,311,132,77,19,664
Anne Arundel,3,32,001-002,UNAFFILIATED,150,75,61,36,477
Anne Arundel,3,32,001-003,DEMOCRATIC,184,163,158,33,768
Anne Arundel,3,32,001-003,GREEN,0,0,1,1,1
Anne Arundel,3,32,001-003,LIBERTARIAN,1,2,0,0,12
Anne Arundel,3,32,001-003,NO LABELS MARYLAND,2,0,0,0,2
Anne Arundel,3,32,001-003,OTHER PARTIES,3,2,1,0,13
Anne Arundel,3,32,001-003,REPUBLICAN,273,162,89,36,727
Anne Arundel,3,32,001-003,UNAFFILIATED,139,68,57,22,491
Anne Arundel,3,12B,001-004,DEMOCRATIC,280,221,199,57,1027
Anne Arundel,3,12B,001-004,GREEN,0,0,0,0,2
Anne Arundel,3,12B,001-004,LIBERTARIAN,4,2,0,1,9
Anne Arundel,3,12B,001-004,NO LABELS MARYLAND,2,1,0,0,4
Anne Arundel,3,12B,001-004,OTHER PARTIES,2,6,4,4,22
Anne Arundel,3,12B,001-004,REPUBLICAN,173,110,59,27,473
Anne Arundel,3,12B,001-004,UNAFFILIATED,117,57,42,36,429
Anne Arundel,3,32,001-005,DEMOCRATIC,455,582,538,68,2122
Anne Arundel,3,32,001-005,GREEN,0,0,0,0,3
Anne Arundel,3,32,001-005,LIBERTARIAN,7,2,1,3,21
Anne Arundel,3,32,001-005,NO LABELS MARYLAND,0,1,2,0,4
Anne Arundel,3,32,001-005,OTHER PARTIES,14,10,3,2,47
Anne Arundel,3,32,001-005,REPUBLICAN,225,254,187,24,894
Anne Arundel,3,32,001-005,UNAFFILIATED,244,185,194,47,1046
Anne Arundel,3,32,001-006,DEMOCRATIC,372,412,366,44,1542
Anne Arundel,3,32,001-006,GREEN,0,0,0,0,4
Anne Arundel,3,32,001-006,LIBERTARIAN,2,3,1,0,12
Anne Arundel,3,32,001-006,NO LABELS MARYLAND,1,0,1,0,5
Anne Arundel,3,32,001-006,OTHER PARTIES,3,3,2,0,22
Anne Arundel,3,32,001-006,REPUBLICAN,130,116,80,10,464
Anne Arundel,3,32,001-006,UNAFFILIATED,188,151,108,17,761
Anne Arundel,3,12B,001-007,DEMOCRATIC,199,70,121,17,540
Anne Arundel,3,12B,001-007,GREEN,1,0,0,0,1
Anne Arundel,3,12B,001-007,LIBERTARIAN,5,1,1,0,16
Anne Arundel,3,12B,001-007,NO LABELS MARYLAND,0,0,0,0,2
Anne Arundel,3,12B,001-007,OTHER PARTIES,6,3,1,1,21
Anne Arundel,3,12B,001-007,REPUBLICAN,266,107,55,11,567
Anne Arundel,3,12B,001-007,UNAFFILIATED,140,52,44,9,418
Anne Arundel,3,32,001-008,DEMOCRATIC,242,142,165,10,808
Anne Arundel,3,32,001-008,GREEN,1,0,0,0,3
Anne Arundel,3,32,001-008,LIBERTARIAN,6,0,1,0,15
Anne Arundel,3,32,001-008,NO LABELS MARYLAND,0,0,2,3,5
Anne Arundel,3,32,001-008,OTHER PARTIES,9,0,0,1,22
Anne Arundel,3,32,001-008,REPUBLICAN,350,192,96,13,827
Anne Arundel,3,32,001-008,UNAFFILIATED,183,78,59,8,567
Anne Arundel,3,32,001-009,DEMOCRATIC,177,119,161,24,656
Anne Arundel,3,32,001-009,GREEN,1,0,0,0,2
Anne Arundel,3,32,001-009,LIBERTARIAN,8,4,0,1,15
Anne Arundel,3,32,001-009,NO LABELS MARYLAND,1,0,1,0,3
Anne Arundel,3,32,001-009,OTHER PARTIES,1,4,1,1,15
Anne Arundel,3,32,001-009,REPUBLICAN,258,196,91,23,715
Anne Arundel,3,32,001-009,UNAFFILIATED,164,67,53,14,486
Anne Arundel,3,32,001-010,DEMOCRATIC,188,93,135,2,521
Anne Arundel,3,32,001-010,GREEN,0,0,0,0,2
Anne Arundel,3,32,001-010,LIBERTARIAN,3,0,1,0,6
Anne Arundel,3,32,001-010,NO LABELS MARYLAND,0,0,0,0,0
Anne Arundel,3,32,001-010,OTHER PARTIES,3,1,0,0,8
Anne Arundel,3,32,001-010,REPUBLICAN,233,133,47,8,503
Anne Arundel,3,32,001-010,UNAFFILIATED,128,38,43,4,303
Anne Arundel,3,32,001-011,DEMOCRATIC,162,54,84,22,394
Anne Arundel,3,32,001-011,GREEN,0,0,1,1,1
Anne Arundel,3,32,001-011,LIBERTARIAN,1,1,2,0,5
Anne Arundel,3,32,001-011,NO LABELS MARYLAND,1,0,1,0,3
Anne Arundel,3,32,001-011,OTHER PARTIES,3,1,2,0,11
Anne Arundel,3,32,001-011,REPUBLICAN,248,106,52,18,489
Anne Arundel,3,32,001-011,UNAFFILIATED,116,25,30,24,262
Anne Arundel,3,12B,001-012,DEMOCRATIC,422,264,240,76,1565
Anne Arundel,3,12B,001-012,GREEN,2,0,0,1,7
Anne Arundel,3,12B,001-012,LIBERTARIAN,5,2,1,1,18
Anne Arundel,3,12B,001-012,NO LABELS MARYLAND,1,0,1,0,9
Anne Arundel,3,12B,001-012,OTHER PARTIES,8,4,3,1,52
Anne Arundel,3,12B,001-012,REPUBLICAN,114,75,51,28,420
Anne Arundel,3,12B,001-012,UNAFFILIATED,167,74,67,42,696
Anne Arundel,3,12B,001-013,DEMOCRATIC,160,47,49,22,526
Anne Arundel,3,12B,001-013,GREEN,0,0,0,0,4
Anne Arundel,3,12B,001-013,LIBERTARIAN,0,1,1,0,6
Anne Arundel,3,12B,001-013,NO LABELS MARYLAND,1,0,1,0,3
Anne Arundel,3,12B,001-013,OTHER PARTIES,4,1,0,0,27
Anne Arundel,3,12B,001-013,REPUBLICAN,112,42,20,14,292
Anne Arundel,3,12B,001-013,UNAFFILIATED,98,17,8,5,301
Anne Arundel,3,32,001-014,DEMOCRATIC,210,116,163,29,736
Anne Arundel,3,32,001-014,GREEN,0,0,1,0,3
Anne Arundel,3,32,001-014,LIBERTARIAN,2,2,1,0,9
Anne Arundel,3,32,001-014,NO LABELS MARYLAND,1,0,3,0,5
Anne Arundel,3,32,001-014,OTHER PARTIES,9,4,2,0,27
Anne Arundel,3,32,001-014,REPUBLICAN,247,175,77,26,661
Anne Arundel,3,32,001-014,UNAFFILIATED,129,55,50,23,428
Anne Arundel,3,12B,001-015,DEMOCRATIC,286,134,152,26,871
Anne Arundel,3,12B,001-015,GREEN,0,0,0,0,3
Anne Arundel,3,12B,001-015,LIBERTARIAN,6,1,0,1,10
Anne Arundel,3,12B,001-015,NO LABELS MARYLAND,1,0,6,0,7
Anne Arundel,3,12B,001-015,OTHER PARTIES,8,2,2,0,22
Anne Arundel,3,12B,001-015,REPUBLICAN,244,128,58,16,580
Anne Arundel,3,12B,001-015,UNAFFILIATED,160,53,51,15,483
Anne Arundel,3,12B,001-016,DEMOCRATIC,249,92,102,38,822
Anne Arundel,3,12B,001-016,GREEN,0,0,0,0,1
Anne Arundel,3,12B,001-016,LIBERTARIAN,6,1,0,1,11
Anne Arundel,3,12B,001-016,NO LABELS MARYLAND,1,0,0,0,5
Anne Arundel,3,12B,001-016,OTHER PARTIES,10,2,1,0,40
Anne Arundel,3,12B,001-016,REPUBLICAN,194,110,36,19,536
Anne Arundel,3,12B,001-016,UNAFFILIATED,141,30,38,32,499
Anne Arundel,3,12B,001-017,DEMOCRATIC,230,158,134,36,852
Anne Arundel,3,12B,001-017,GREEN,0,0,0,1,3
Anne Arundel,3,12B,001-017,LIBERTARIAN,7,1,2,0,16
Anne Arundel,3,12B,001-017,NO LABELS MARYLAND,3,0,1,0,10
Anne Arundel,3,12B,001-017,OTHER PARTIES,5,3,2,0,33
Anne Arundel,3,12B,001-017,REPUBLICAN,136,74,31,11,395
Anne Arundel,3,12B,001-017,UNAFFILIATED,123,53,38,11,478
Anne Arundel,3,12B,001-018,DEMOCRATIC,334,293,290,29,1392
Anne Arundel,3,12B,001-018,GREEN,0,0,0,0,1
Anne Arundel,3,12B,001-018,LIBERTARIAN,3,2,3,0,13
Anne Arundel,3,12B,001-018,NO LABELS MARYLAND,2,0,0,0,3
Anne Arundel,3,12B,001-018,OTHER PARTIES,8,4,5,1,41
Anne Arundel,3,12B,001-018,REPUBLICAN,207,145,74,5,625
Anne Arundel,3,12B,001-018,UNAFFILIATED,170,92,79,8,644
Anne Arundel,3,32,001-019,DEMOCRATIC,262,398,300,93,1285
Anne Arundel,3,32,001-019,GREEN,1,0,2,0,4
Anne Arundel,3,32,001-019,LIBERTARIAN,3,2,0,3,13
Anne Arundel,3,32,001-019,NO LABELS MARYLAND,1,0,2,0,4
Anne Arundel,3,32,001-019,OTHER PARTIES,5,7,4,1,29
Anne Arundel,3,32,001-019,REPUBLICAN,100,126,69,21,407
Anne Arundel,3,32,001-019,UNAFFILIATED,138,130,132,31,653
Anne Arundel,3,32,001-020,DEMOCRATIC,361,526,338,54,1770
Anne Arundel,3,32,001-020,GREEN,1,1,0,0,3
Anne Arundel,3,32,001-020,LIBERTARIAN,5,2,2,1,14
Anne Arundel,3,32,001-020,NO LABELS MARYLAND,1,1,1,0,3
Anne Arundel,3,32,001-020,OTHER PARTIES,7,2,4,0,31
Anne Arundel,3,32,001-020,REPUBLICAN,70,93,46,10,301
Anne Arundel,3,32,001-020,UNAFFILIATED,117,119,87,32,643
Anne Arundel,3,32,001-021,DEMOCRATIC,802,923,862,115,3645
Anne Arundel,3,32,001-021,GREEN,1,0,3,2,10
Anne Arundel,3,32,001-021,LIBERTARIAN,12,10,4,2,45
Anne Arundel,3,32,001-021,NO LABELS MARYLAND,5,1,3,3,21
Anne Arundel,3,32,001-021,OTHER PARTIES,19,12,10,2,66
Anne Arundel,3,32,001-021,REPUBLICAN,247,208,181,33,983
Anne Arundel,3,32,001-021,UNAFFILIATED,444,359,348,63,2000
Anne Arundel,3,32,001-022,DEMOCRATIC,267,338,274,54,1147
Anne Arundel,3,32,001-022,GREEN,0,0,0,0,1
Anne Arundel,3,32,001-022,LIBERTARIAN,7,0,1,0,12
Anne Arundel,3,32,001-022,NO LABELS MARYLAND,1,0,2,0,7
Anne Arundel,3,32,001-022,OTHER PARTIES,5,0,2,2,18
Anne Arundel,3,32,001-022,REPUBLICAN,63,55,36,15,225
Anne Arundel,3,32,001-022,UNAFFILIATED,132,99,87,45,516
Anne Arundel,5,32,001-023,DEMOCRATIC,117,118,100,16,475
Anne Arundel,5,32,001-023,GREEN,0,0,0,0,0
Anne Arundel,5,32,001-023,LIBERTARIAN,1,0,2,0,6
Anne Arundel,5,32,001-023,NO LABELS MARYLAND,0,0,0,0,0
Anne Arundel,5,32,001-023,OTHER PARTIES,3,1,1,0,10
Anne Arundel,5,32,001-023,REPUBLICAN,29,28,24,5,118
Anne Arundel,5,32,001-023,UNAFFILIATED,54,47,43,9,241
Anne Arundel,3,32,001-024,DEMOCRATIC,165,241,193,42,807
Anne Arundel,3,32,001-024,GREEN,0,0,0,0,2
Anne Arundel,3,32,001-024,LIBERTARIAN,3,0,0,0,10
Anne Arundel,3,32,001-024,NO LABELS MARYLAND,0,0,0,0,1
Anne Arundel,3,32,001-024,OTHER PARTIES,2,2,5,2,16
Anne Arundel,3,32,001-024,REPUBLICAN,73,77,55,20,290
Anne Arundel,3,32,001-024,UNAFFILIATED,110,72,73,35,411
Anne Arundel,3,32,001-025,DEMOCRATIC,189,180,141,15,678
Anne Arundel,3,32,001-025,GREEN,2,0,1,0,3
Anne Arundel,3,32,001-025,LIBERTARIAN,5,2,0,1,9
Anne Arundel,3,32,001-025,NO LABELS MARYLAND,1,0,1,0,4
Anne Arundel,3,32,001-025,OTHER PARTIES,0,4,1,1,13
Anne Arundel,3,32,001-025,REPUBLICAN,158,130,73,3,474
Anne Arundel,3,32,001-025,UNAFFILIATED,130,94,91,16,471
Anne Arundel,3,31,002-001,DEMOCRATIC,116,152,133,15,508
Anne Arundel,3,31,002-001,GREEN,0,1,0,0,2
Anne Arundel,3,31,002-001,LIBERTARIAN,5,2,0,0,10
Anne Arundel,3,31,002-001,NO LABELS MARYLAND,0,0,0,0,0
Anne Arundel,3,31,002-001,OTHER PARTIES,3,1,1,0,11
Anne Arundel,3,31,002-001,REPUBLICAN,128,108,61,9,369
Anne Arundel,3,31,002-001,UNAFFILIATED,93,79,65,8,357
Anne Arundel,3,32,002-002,DEMOCRATIC,260,123,176,31,758
Anne Arundel,3,32,002-002,GREEN,1,0,0,0,2
Anne Arundel,3,32,002-002,LIBERTARIAN,1,2,0,3,5
Anne Arundel,3,32,002-002,NO LABELS MARYLAND,1,1,2,1,6
Anne Arundel,3,32,002-002,OTHER PARTIES,4,4,2,0,20
Anne Arundel,3,32,002-002,REPUBLICAN,183,107,54,12,442
Anne Arundel,3,32,002-002,UNAFFILIATED,114,55,51,17,375
Anne Arundel,3,32,002-003,DEMOCRATIC,221,120,154,21,748
Anne Arundel,3,32,002-003,GREEN,1,0,1,1,3
Anne Arundel,3,32,002-003,LIBERTARIAN,5,0,3,0,11
Anne Arundel,3,32,002-003,NO LABELS MARYLAND,2,0,1,0,3
Anne Arundel,3,32,002-003,OTHER PARTIES,3,4,3,0,29
Anne Arundel,3,32,002-003,REPUBLICAN,252,113,57,12,548
Anne Arundel,3,32,002-003,UNAFFILIATED,146,40,59,16,482
Anne Arundel,3,32,002-004,DEMOCRATIC,243,323,343,55,1192
Anne Arundel,3,32,002-004,GREEN,0,0,0,0,1
Anne Arundel,3,32,002-004,LIBERTARIAN,7,1,1,0,12
Anne Arundel,3,32,002-004,NO LABELS MARYLAND,0,0,2,1,2
Anne Arundel,3,32,002-004,OTHER PARTIES,2,3,1,1,16
Anne Arundel,3,32,002-004,REPUBLICAN,193,226,127,29,706
Anne Arundel,3,32,002-004,UNAFFILIATED,155,112,104,37,577
Anne Arundel,3,32,002-005,DEMOCRATIC,295,204,163,58,1051
Anne Arundel,3,32,002-005,GREEN,1,0,0,0,2
Anne Arundel,3,32,002-005,LIBERTARIAN,8,1,1,1,24
Anne Arundel,3,32,002-005,NO LABELS MARYLAND,2,0,0,0,8
Anne Arundel,3,32,002-005,OTHER PARTIES,6,1,1,0,28
Anne Arundel,3,32,002-005,REPUBLICAN,212,109,51,15,553
Anne Arundel,3,32,002-005,UNAFFILIATED,168,61,43,21,570
Anne Arundel,3,32,002-006,DEMOCRATIC,203,116,126,62,667
Anne Arundel,3,32,002-006,GREEN,1,0,0,0,2
Anne Arundel,3,32,002-006,LIBERTARIAN,3,5,2,1,14
Anne Arundel,3,32,002-006,NO LABELS MARYLAND,1,0,0,0,2
Anne Arundel,3,32,002-006,OTHER PARTIES,7,1,1,4,24
Anne Arundel,3,32,002-006,REPUBLICAN,238,113,59,29,577
Anne Arundel,3,32,002-006,UNAFFILIATED,105,45,36,28,362
Anne Arundel,3,32,002-007,DEMOCRATIC,415,334,346,33,1575
Anne Arundel,3,32,002-007,GREEN,1,0,0,0,1
Anne Arundel,3,32,002-007,LIBERTARIAN,4,5,2,1,21
Anne Arundel,3,32,002-007,NO LABELS MARYLAND,2,1,1,1,8
Anne Arundel,3,32,002-007,OTHER PARTIES,7,8,3,1,40
Anne Arundel,3,32,002-007,REPUBLICAN,349,256,145,13,991
Anne Arundel,3,32,002-007,UNAFFILIATED,211,131,135,14,858
Anne Arundel,3,12B,002-008,DEMOCRATIC,269,164,199,28,899
Anne Arundel,3,12B,002-008,GREEN,0,0,1,0,1
Anne Arundel,3,12B,002-008,LIBERTARIAN,5,1,4,1,16
Anne Arundel,3,12B,002-008,NO LABELS MARYLAND,1,1,1,0,4
Anne Arundel,3,12B,002-008,OTHER PARTIES,8,3,2,2,41
Anne Arundel,3,12B,002-008,REPUBLICAN,338,200,107,32,916
Anne Arundel,3,12B,002-008,UNAFFILIATED,172,89,76,9,666
Anne Arundel,3,32,002-009,DEMOCRATIC,331,262,234,26,1165
Anne Arundel,3,32,002-009,GREEN,0,0,0,0,5
Anne Arundel,3,32,002-009,LIBERTARIAN,4,4,3,0,13
Anne Arundel,3,32,002-009,NO LABELS MARYLAND,3,1,1,0,5
Anne Arundel,3,32,002-009,OTHER PARTIES,4,2,1,0,15
Anne Arundel,3,32,002-009,REPUBLICAN,212,122,73,14,548
Anne Arundel,3,32,002-009,UNAFFILIATED,164,75,64,7,547
Anne Arundel,3,31,002-010,DEMOCRATIC,195,138,145,24,760
Anne Arundel,3,31,002-010,GREEN,1,0,0,0,3
Anne Arundel,3,31,002-010,LIBERTARIAN,6,4,5,1,20
Anne Arundel,3,31,002-010,NO LABELS MARYLAND,0,0,2,0,4
Anne Arundel,3,31,002-010,OTHER PARTIES,7,2,2,0,30
Anne Arundel,3,31,002-010,REPUBLICAN,296,222,75,13,787
Anne Arundel,3,31,002-010,UNAFFILIATED,162,72,72,11,563
Anne Arundel,3,31,002-011,DEMOCRATIC,166,80,90,17,498
Anne Arundel,3,31,002-011,GREEN,1,0,1,0,4
Anne Arundel,3,31,002-011,LIBERTARIAN,6,1,2,1,11
Anne Arundel,3,31,002-011,NO LABELS MARYLAND,0,1,1,0,4
Anne Arundel,3,31,002-011,OTHER PARTIES,4,3,1,1,19
Anne Arundel,3,31,002-011,REPUBLICAN,205,87,35,10,432
Anne Arundel,3,31,002-011,UNAFFILIATED,124,37,44,13,375
Anne Arundel,3,12B,002-012,DEMOCRATIC,185,84,106,43,592
Anne Arundel,3,12B,002-012,GREEN,1,0,0,0,3
Anne Arundel,3,12B,002-012,LIBERTARIAN,1,1,0,0,8
Anne Arundel,3,12B,002-012,NO LABELS MARYLAND,0,0,2,0,5
Anne Arundel,3,12B,002-012,OTHER PARTIES,12,3,1,4,35
Anne Arundel,3,12B,002-012,REPUBLICAN,202,153,63,43,545
Anne Arundel,3,12B,002-012,UNAFFILIATED,128,68,46,23,461
Anne Arundel,3,31,002-013,DEMOCRATIC,260,212,251,34,929
Anne Arundel,3,31,002-013,GREEN,0,0,0,0,0
Anne Arundel,3,31,002-013,LIBERTARIAN,9,5,0,0,20
Anne Arundel,3,31,002-013,NO LABELS MARYLAND,2,0,1,0,5
Anne Arundel,3,31,002-013,OTHER PARTIES,7,3,3,2,22
Anne Arundel,3,31,002-013,REPUBLICAN,235,204,111,15,720
Anne Arundel,3,31,002-013,UNAFFILIATED,159,98,116,21,597
Anne Arundel,3,32,002-014,DEMOCRATIC,458,309,252,54,1714
Anne Arundel,3,32,002-014,GREEN,1,0,2,0,8
Anne Arundel,3,32,002-014,LIBERTARIAN,4,2,1,1,15
Anne Arundel,3,32,002-014,NO LABELS MARYLAND,2,0,2,0,8
Anne Arundel,3,32,002-014,OTHER PARTIES,12,4,0,0,46
Anne Arundel,3,32,002-014,REPUBLICAN,135,86,50,8,401
Anne Arundel,3,32,002-014,UNAFFILIATED,148,68,59,28,660
Anne Arundel,3,32,002-015,DEMOCRATIC,376,261,245,65,1266
Anne Arundel,3,32,002-015,GREEN,0,0,0,0,1
Anne Arundel,3,32,002-015,LIBERTARIAN,1,2,1,1,7
Anne Arundel,3,32,002-015,NO LABELS MARYLAND,4,0,0,0,4
Anne Arundel,3,32,002-015,OTHER PARTIES,11,4,2,2,28
Anne Arundel,3,32,002-015,REPUBLICAN,164,122,90,13,505
Anne Arundel,3,32,002-015,UNAFFILIATED,154,67,66,25,563
Anne Arundel,3,32,002-016,DEMOCRATIC,136,98,117,6,536
Anne Arundel,3,32,002-016,GREEN,0,0,0,0,1
Anne Arundel,3,32,002-016,LIBERTARIAN,2,2,0,0,10
Anne Arundel,3,32,002-016,NO LABELS MARYLAND,1,0,0,0,0
Anne Arundel,3,32,002-016,OTHER PARTIES,4,4,2,0,23
Anne Arundel,3,32,002-016,REPUBLICAN,169,110,50,7,465
Anne Arundel,3,32,002-016,UNAFFILIATED,96,40,43,0,363
Anne Arundel,3,32,002-017,DEMOCRATIC,446,310,306,23,1738
Anne Arundel,3,32,002-017,GREEN,0,0,2,0,4
Anne Arundel,3,32,002-017,LIBERTARIAN,2,2,0,0,15
Anne Arundel,3,32,002-017,NO LABELS MARYLAND,1,0,2,1,7
Anne Arundel,3,32,002-017,OTHER PARTIES,8,5,1,0,32
Anne Arundel,3,32,002-017,REPUBLICAN,164,155,84,7,621
Anne Arundel,3,32,002-017,UNAFFILIATED,194,106,91,7,809
Anne Arundel,3,32,002-018,DEMOCRATIC,243,164,124,43,789
Anne Arundel,3,32,002-018,GREEN,1,0,0,0,2
Anne Arundel,3,32,002-018,LIBERTARIAN,2,1,1,1,6
Anne Arundel,3,32,002-018,NO LABELS MARYLAND,1,0,0,0,3
Anne Arundel,3,32,002-018,OTHER PARTIES,5,3,0,1,16
Anne Arundel,3,32,002-018,REPUBLICAN,104,59,36,17,295
Anne Arundel,3,32,002-018,UNAFFILIATED,127,38,40,23,362
Anne Arundel,3,12B,002-019,DEMOCRATIC,290,196,209,41,1175
Anne Arundel,3,12B,002-019,GREEN,1,1,0,1,5
Anne Arundel,3,12B,002-019,LIBERTARIAN,2,2,0,0,9
Anne Arundel,3,12B,002-019,NO LABELS MARYLAND,1,0,1,0,5
Anne Arundel,3,12B,002-019,OTHER PARTIES,6,6,1,2,31
Anne Arundel,3,12B,002-019,REPUBLICAN,162,111,52,10,534
Anne Arundel,3,12B,002-019,UNAFFILIATED,134,63,59,15,578
Anne Arundel,3,31,002-020,DEMOCRATIC,235,210,222,17,910
Anne Arundel,3,31,002-020,GREEN,0,0,0,1,2
Anne Arundel,3,31,002-020,LIBERTARIAN,2,2,2,0,14
Anne Arundel,3,31,002-020,NO LABELS MARYLAND,2,0,1,0,6
Anne Arundel,3,31,002-020,OTHER PARTIES,3,2,3,1,22
Anne Arundel,3,31,002-020,REPUBLICAN,246,176,66,17,638
Anne Arundel,3,31,002-020,UNAFFILIATED,180,99,93,11,607
Anne Arundel,3,31,002-021,DEMOCRATIC,293,259,303,31,1069
Anne Arundel,3,31,002-021,GREEN,1,0,0,0,5
Anne Arundel,3,31,002-021,LIBERTARIAN,7,0,2,1,17
Anne Arundel,3,31,002-021,NO LABELS MARYLAND,0,0,0,2,1
Anne Arundel,3,31,002-021,OTHER PARTIES,9,3,1,1,25
Anne Arundel,3,31,002-021,REPUBLICAN,373,285,161,18,1015
Anne Arundel,3,31,002-021,UNAFFILIATED,191,149,134,18,707
Anne Arundel,3,31,002-022,DEMOCRATIC,215,151,215,39,876
Anne Arundel,3,31,002-022,GREEN,0,0,0,0,1
Anne Arundel,3,31,002-022,LIBERTARIAN,9,2,0,0,22
Anne Arundel,3,31,002-022,NO LABELS MARYLAND,0,0,0,0,4
Anne Arundel,3,31,002-022,OTHER PARTIES,2,2,2,1,27
Anne Arundel,3,31,002-022,REPUBLICAN,400,240,86,24,992
Anne Arundel,3,31,002-022,UNAFFILIATED,187,87,57,27,607
Anne Arundel,3,31,002-023,DEMOCRATIC,344,275,285,31,1164
Anne Arundel,3,31,002-023,GREEN,0,0,1,0,2
Anne Arundel,3,31,002-023,LIBERTARIAN,5,3,2,1,13
Anne Arundel,3,31,002-023,NO LABELS MARYLAND,0,1,1,0,4
Anne Arundel,3,31,002-023,OTHER PARTIES,9,3,6,0,29
Anne Arundel,3,31,002-023,REPUBLICAN,283,208,113,16,791
Anne Arundel,3,31,002-023,UNAFFILIATED,253,136,135,22,821
Anne Arundel,3,31,002-024,DEMOCRATIC,254,242,237,11,985
Anne Arundel,3,31,002-024,GREEN,1,0,0,0,3
Anne Arundel,3,31,002-024,LIBERTARIAN,5,5,0,0,12
Anne Arundel,3,31,002-024,NO LABELS MARYLAND,1,1,1,0,6
Anne Arundel,3,31,002-024,OTHER PARTIES,1,2,7,1,27
Anne Arundel,3,31,002-024,REPUBLICAN,256,194,97,17,739
Anne Arundel,3,31,002-024,UNAFFILIATED,156,112,100,6,619
Anne Arundel,3,31,003-001,DEMOCRATIC,131,179,117,12,596
Anne Arundel,3,31,003-001,GREEN,0,0,0,0,1
Anne Arundel,3,31,003-001,LIBERTARIAN,7,1,1,1,11
Anne Arundel,3,31,003-001,NO LABELS MARYLAND,0,0,0,0,1
Anne Arundel,3,31,003-001,OTHER PARTIES,7,6,0,1,21
Anne Arundel,3,31,003-001,REPUBLICAN,304,304,102,38,918
Anne Arundel,3,31,003-001,UNAFFILIATED,152,86,67,36,506
Anne Arundel,3,31,003-002,DEMOCRATIC,228,190,219,18,884
Anne Arundel,3,31,003-002,GREEN,0,0,0,0,0
Anne Arundel,3,31,003-002,LIBERTARIAN,12,5,2,0,21
Anne Arundel,3,31,003-002,NO LABELS MARYLAND,2,1,1,0,5
Anne Arundel,3,31,003-002,OTHER PARTIES,14,7,4,0,47
Anne Arundel,3,31,003-002,REPUBLICAN,525,447,163,18,1418
Anne Arundel,3,31,003-002,UNAFFILIATED,256,148,102,21,825
Anne Arundel,3,31,003-003,DEMOCRATIC,218,205,199,26,904
Anne Arundel,3,31,003-003,GREEN,1,0,0,1,6
Anne Arundel,3,31,003-003,LIBERTARIAN,10,5,0,1,20
Anne Arundel,3,31,003-003,NO LABELS MARYLAND,2,0,2,0,6
Anne Arundel,3,31,003-003,OTHER PARTIES,10,6,5,3,37
Anne Arundel,3,31,003-003,REPUBLICAN,464,399,119,28,1300
Anne Arundel,3,31,003-003,UNAFFILIATED,247,139,71,23,821
Anne Arundel,3,31,003-004,DEMOCRATIC,247,227,207,35,1004
Anne Arundel,3,31,003-004,GREEN,2,0,0,0,4
Anne Arundel,3,31,003-004,LIBERTARIAN,9,6,3,1,26
Anne Arundel,3,31,003-004,NO LABELS MARYLAND,1,0,0,1,4
Anne Arundel,3,31,003-004,OTHER PARTIES,4,2,1,0,20
Anne Arundel,3,31,003-004,REPUBLICAN,445,351,98,35,1215
Anne Arundel,3,31,003-004,UNAFFILIATED,204,126,77,24,750
Anne Arundel,3,31,003-005,DEMOCRATIC,262,345,314,24,1241
Anne Arundel,3,31,003-005,GREEN,0,0,0,0,1
Anne Arundel,3,31,003-005,LIBERTARIAN,9,5,2,3,29
Anne Arundel,3,31,003-005,NO LABELS MARYLAND,1,0,1,1,2
Anne Arundel,3,31,003-005,OTHER PARTIES,3,3,2,1,25
Anne Arundel,3,31,003-005,REPUBLICAN,407,444,156,10,1288
Anne Arundel,3,31,003-005,UNAFFILIATED,244,214,134,9,872
Anne Arundel,3,31,003-006,DEMOCRATIC,822,947,640,108,3168
Anne Arundel,3,31,003-006,GREEN,3,0,3,2,8
Anne Arundel,3,31,003-006,LIBERTARIAN,19,10,7,2,51
Anne Arundel,3,31,003-006,NO LABELS MARYLAND,1,3,3,1,10
Anne Arundel,3,31,003-006,OTHER PARTIES,8,12,4,0,63
Anne Arundel,3,31,003-006,REPUBLICAN,431,385,124,40,1261
Anne Arundel,3,31,003-006,UNAFFILIATED,442,345,272,66,1698
Anne Arundel,3,31,003-007,DEMOCRATIC,186,220,148,16,723
Anne Arundel,3,31,003-007,GREEN,0,0,0,0,2
Anne Arundel,3,31,003-007,LIBERTARIAN,6,2,0,1,14
Anne Arundel,3,31,003-007,NO LABELS MARYLAND,2,2,3,0,13
Anne Arundel,3,31,003-007,OTHER PARTIES,9,3,3,0,29
Anne Arundel,3,31,003-007,REPUBLICAN,270,286,66,23,807
Anne Arundel,3,31,003-007,UNAFFILIATED,159,109,66,11,559
Anne Arundel,3,12B,003-008,DEMOCRATIC,402,349,290,74,1429
Anne Arundel,3,12B,003-008,GREEN,0,1,0,0,1
Anne Arundel,3,12B,003-008,LIBERTARIAN,7,2,1,0,17
Anne Arundel,3,12B,003-008,NO LABELS MARYLAND,3,1,0,1,9
Anne Arundel,3,12B,003-008,OTHER PARTIES,6,4,1,1,24
Anne Arundel,3,12B,003-008,REPUBLICAN,203,164,110,38,659
Anne Arundel,3,12B,003-008,UNAFFILIATED,200,104,85,46,667
Anne Arundel,3,31,003-009,DEMOCRATIC,79,83,77,8,298
Anne Arundel,3,31,003-009,GREEN,1,0,0,0,2
Anne Arundel,3,31,003-009,LIBERTARIAN,4,3,0,1,11
Anne Arundel,3,31,003-009,NO LABELS MARYLAND,0,0,1,1,2
Anne Arundel,3,31,003-009,OTHER PARTIES,2,3,0,1,12
Anne Arundel,3,31,003-009,REPUBLICAN,197,173,43,16,501
Anne Arundel,3,31,003-009,UNAFFILIATED,87,53,34,11,263
Anne Arundel,3,31,003-010,DEMOCRATIC,143,104,153,3,512
Anne Arundel,3,31,003-010,GREEN,0,0,0,0,0
Anne Arundel,3,31,003-010,LIBERTARIAN,3,2,1,0,9
Anne Arundel,3,31,003-010,NO LABELS MARYLAND,0,0,1,0,2
Anne Arundel,3,31,003-010,OTHER PARTIES,6,1,3,0,14
Anne Arundel,3,31,003-010,REPUBLICAN,510,355,129,14,1181
Anne Arundel,3,31,003-010,UNAFFILIATED,196,91,53,10,505
Anne Arundel,3,31,003-011,DEMOCRATIC,139,117,181,10,531
Anne Arundel,3,31,003-011,GREEN,4,0,0,0,5
Anne Arundel,3,31,003-011,LIBERTARIAN,5,1,2,0,14
Anne Arundel,3,31,003-011,NO LABELS MARYLAND,0,0,0,0,0
Anne Arundel,3,31,003-011,OTHER PARTIES,4,2,1,0,15
Anne Arundel,3,31,003-011,REPUBLICAN,519,359,140,14,1198
Anne Arundel,3,31,003-011,UNAFFILIATED,164,83,105,6,522
Anne Arundel,3,31,003-012,DEMOCRATIC,120,125,160,12,513
Anne Arundel,3,31,003-012,GREEN,0,0,0,0,0
Anne Arundel,3,31,003-012,LIBERTARIAN,7,0,4,0,15
Anne Arundel,3,31,003-012,NO LABELS MARYLAND,0,0,1,0,1
Anne Arundel,3,31,003-012,OTHER PARTIES,0,2,3,0,14
Anne Arundel,3,31,003-012,REPUBLICAN,508,416,117,21,1233
Anne Arundel,3,31,003-012,UNAFFILIATED,156,87,57,17,469
Anne Arundel,3,31,003-013,DEMOCRATIC,133,124,183,8,553
Anne Arundel,3,31,003-013,GREEN,2,0,1,1,3
Anne Arundel,3,31,003-013,LIBERTARIAN,6,1,1,0,9
Anne Arundel,3,31,003-013,NO LABELS MARYLAND,0,0,0,0,0
Anne Arundel,3,31,003-013,OTHER PARTIES,4,3,2,0,16
Anne Arundel,3,31,003-013,REPUBLICAN,440,440,140,26,1222
Anne Arundel,3,31,003-013,UNAFFILIATED,167,98,89,21,520
Anne Arundel,3,31,003-014,DEMOCRATIC,260,265,285,23,1127
Anne Arundel,3,31,003-014,GREEN,2,0,3,0,6
Anne Arundel,3,31,003-014,LIBERTARIAN,7,1,3,0,19
Anne Arundel,3,31,003-014,NO LABELS MARYLAND,0,4,1,0,8
Anne Arundel,3,31,003-014,OTHER PARTIES,11,8,2,0,36
Anne Arundel,3,31,003-014,REPUBLICAN,395,450,157,13,1297
Anne Arundel,3,31,003-014,UNAFFILIATED,185,134,117,6,745
Anne Arundel,3,31,003-015,DEMOCRATIC,123,70,138,9,404
Anne Arundel,3,31,003-015,GREEN,0,0,0,0,0
Anne Arundel,3,31,003-015,LIBERTARIAN,1,2,1,1,4
Anne Arundel,3,31,003-015,NO LABELS MARYLAND,0,1,0,0,2
Anne Arundel,3,31,003-015,OTHER PARTIES,2,0,0,0,7
Anne Arundel,3,31,003-015,REPUBLICAN,334,238,111,23,796
Anne Arundel,3,31,003-015,UNAFFILIATED,116,59,53,16,315
Anne Arundel,3,31,003-016,DEMOCRATIC,132,172,167,30,666
Anne Arundel,3,31,003-016,GREEN,1,0,0,0,3
Anne Arundel,3,31,003-016,LIBERTARIAN,7,2,3,1,19
Anne Arundel,3,31,003-016,NO LABELS MARYLAND,1,0,1,0,3
Anne Arundel,3,31,003-016,OTHER PARTIES,7,3,2,0,25
Anne Arundel,3,31,003-016,REPUBLICAN,250,332,84,65,870
Anne Arundel,3,31,003-016,UNAFFILIATED,180,104,77,21,586
Anne Arundel,3,31,003-017,DEMOCRATIC,121,99,128,16,469
Anne Arundel,3,31,003-017,GREEN,0,0,0,0,0
Anne Arundel,3,31,003-017,LIBERTARIAN,6,1,1,0,13
Anne Arundel,3,31,003-017,NO LABELS MARYLAND,0,0,1,0,2
Anne Arundel,3,31,003-017,OTHER PARTIES,2,3,0,1,11
Anne Arundel,3,31,003-017,REPUBLICAN,398,381,106,27,1074
Anne Arundel,3,31,003-017,UNAFFILIATED,150,88,64,17,487
Anne Arundel,3,31,003-018,DEMOCRATIC,134,141,187,7,648
Anne Arundel,3,31,003-018,GREEN,1,0,1,0,4
Anne Arundel,3,31,003-018,LIBERTARIAN,6,4,4,0,18
Anne Arundel,3,31,003-018,NO LABELS MARYLAND,3,0,0,0,4
Anne Arundel,3,31,003-018,OTHER PARTIES,4,3,0,1,14
Anne Arundel,3,31,003-018,REPUBLICAN,443,478,159,15,1333
Anne Arundel,3,31,003-018,UNAFFILIATED,172,120,88,5,633
Anne Arundel,3,31,003-019,DEMOCRATIC,96,115,106,7,433
Anne Arundel,3,31,003-019,GREEN,0,0,0,0,0
Anne Arundel,3,31,003-019,LIBERTARIAN,8,3,3,0,18
Anne Arundel,3,31,003-019,NO LABELS MARYLAND,0,0,0,0,0
Anne Arundel,3,31,003-019,OTHER PARTIES,7,3,2,0,15
Anne Arundel,3,31,003-019,REPUBLICAN,384,449,132,16,1152
Anne Arundel,3,31,003-019,UNAFFILIATED,140,103,76,5,506
Anne Arundel,3,31,003-020,DEMOCRATIC,94,111,123,11,441
Anne Arundel,3,31,003-020,GREEN,0,1,0,1,3
Anne Arundel,3,31,003-020,LIBERTARIAN,4,3,0,1,9
Anne Arundel,3,31,003-020,NO LABELS MARYLAND,1,0,0,0,1
Anne Arundel,3,31,003-020,OTHER PARTIES,5,5,1,0,19
Anne Arundel,3,31,003-020,REPUBLICAN,320,390,92,14,971
Anne Arundel,3,31,003-020,UNAFFILIATED,130,90,62,7,442
Anne Arundel,3,31,003-021,DEMOCRATIC,195,196,203,7,841
Anne Arundel,3,31,003-021,GREEN,0,0,0,0,0
Anne Arundel,3,31,003-021,LIBERTARIAN,9,3,1,0,20
Anne Arundel,3,31,003-021,NO LABELS MARYLAND,1,0,1,0,3
Anne Arundel,3,31,003-021,OTHER PARTIES,5,8,2,0,32
Anne Arundel,3,31,003-021,REPUBLICAN,348,339,89,16,997
Anne Arundel,3,31,003-021,UNAFFILIATED,212,111,65,7,700
Anne Arundel,3,31,003-022,DEMOCRATIC,117,147,165,9,575
Anne Arundel,3,31,003-022,GREEN,2,0,0,0,2
Anne Arundel,3,31,003-022,LIBERTARIAN,5,1,0,0,9
Anne Arundel,3,31,003-022,NO LABELS MARYLAND,2,1,2,0,5
Anne Arundel,3,31,003-022,OTHER PARTIES,4,4,1,2,17
Anne Arundel,3,31,003-022,REPUBLICAN,246,301,75,14,746
Anne Arundel,3,31,003-022,UNAFFILIATED,112,98,73,9,440
Anne Arundel,3,31,003-023,DEMOCRATIC,117,145,122,41,498
Anne Arundel,3,31,003-023,GREEN,0,0,1,0,1
Anne Arundel,3,31,003-023,LIBERTARIAN,4,2,1,3,9
Anne Arundel,3,31,003-023,NO LABELS MARYLAND,0,0,2,1,3
Anne Arundel,3,31,003-023,OTHER PARTIES,7,3,0,1,14
Anne Arundel,3,31,003-023,REPUBLICAN,253,335,96,76,822
Anne Arundel,3,31,003-023,UNAFFILIATED,113,91,51,62,375
Anne Arundel,3,31,003-024,DEMOCRATIC,238,171,158,20,804
Anne Arundel,3,31,003-024,GREEN,0,0,0,0,1
Anne Arundel,3,31,003-024,LIBERTARIAN,10,4,2,0,18
Anne Arundel,3,31,003-024,NO LABELS MARYLAND,0,2,1,0,7
Anne Arundel,3,31,003-024,OTHER PARTIES,4,5,1,0,18
Anne Arundel,3,31,003-024,REPUBLICAN,417,283,86,26,1021
Anne Arundel,3,31,003-024,UNAFFILIATED,190,142,68,12,673
Anne Arundel,3,12B,003-025,DEMOCRATIC,267,171,217,27,993
Anne Arundel,3,12B,003-025,GREEN,0,0,0,0,0
Anne Arundel,3,12B,003-025,LIBERTARIAN,3,2,0,0,7
Anne Arundel,3,12B,003-025,NO LABELS MARYLAND,1,1,1,1,3
Anne Arundel,3,12B,003-025,OTHER PARTIES,3,2,0,0,26
Anne Arundel,3,12B,003-025,REPUBLICAN,157,126,58,18,507
Anne Arundel,3,12B,003-025,UNAFFILIATED,110,69,45,23,443
Anne Arundel,5,32,004-001,DEMOCRATIC,307,185,182,56,1109
Anne Arundel,5,32,004-001,GREEN,0,0,0,0,2
Anne Arundel,5,32,004-001,LIBERTARIAN,2,1,1,0,10
Anne Arundel,5,32,004-001,NO LABELS MARYLAND,3,0,1,1,6
Anne Arundel,5,32,004-001,OTHER PARTIES,3,3,1,1,21
Anne Arundel,5,32,004-001,REPUBLICAN,100,51,41,9,311
Anne Arundel,5,32,004-001,UNAFFILIATED,139,48,46,16,469
Anne Arundel,5,33A,004-002,DEMOCRATIC,390,462,345,82,1717
Anne Arundel,5,33A,004-002,GREEN,0,0,1,0,3
Anne Arundel,5,33A,004-002,LIBERTARIAN,8,3,3,3,21
Anne Arundel,5,33A,004-002,NO LABELS MARYLAND,5,0,2,1,9
Anne Arundel,5,33A,004-002,OTHER PARTIES,5,5,5,1,28
Anne Arundel,5,33A,004-002,REPUBLICAN,151,106,52,38,455
Anne Arundel,5,33A,004-002,UNAFFILIATED,211,168,128,47,902
Anne Arundel,5,33A,004-003,DEMOCRATIC,145,125,139,41,547
Anne Arundel,5,33A,004-003,GREEN,0,0,2,0,5
Anne Arundel,5,33A,004-003,LIBERTARIAN,3,1,4,0,13
Anne Arundel,5,33A,004-003,NO LABELS MARYLAND,0,1,1,0,3
Anne Arundel,5,33A,004-003,OTHER PARTIES,4,2,2,1,13
Anne Arundel,5,33A,004-003,REPUBLICAN,155,138,68,25,458
Anne Arundel,5,33A,004-003,UNAFFILIATED,133,69,82,40,420
Anne Arundel,3,32,004-004,DEMOCRATIC,562,545,298,99,2390
Anne Arundel,3,32,004-004,GREEN,0,1,0,0,7
Anne Arundel,3,32,004-004,LIBERTARIAN,1,5,2,0,28
Anne Arundel,3,32,004-004,NO LABELS MARYLAND,3,1,1,0,10
Anne Arundel,3,32,004-004,OTHER PARTIES,8,4,0,1,45
Anne Arundel,3,32,004-004,REPUBLICAN,76,81,45,22,344
Anne Arundel,3,32,004-004,UNAFFILIATED,172,145,75,29,883
Anne Arundel,5,33A,004-005,DEMOCRATIC,188,186,196,24,714
Anne Arundel,5,33A,004-005,GREEN,0,0,0,0,1
Anne Arundel,5,33A,004-005,LIBERTARIAN,4,1,3,0,11
Anne Arundel,5,33A,004-005,NO LABELS MARYLAND,1,1,1,0,5
Anne Arundel,5,33A,004-005,OTHER PARTIES,2,1,1,0,12
Anne Arundel,5,33A,004-005,REPUBLICAN,119,96,47,14,338
Anne Arundel,5,33A,004-005,UNAFFILIATED,128,82,87,20,428
Anne Arundel,5,32,004-006,DEMOCRATIC,480,499,354,63,1973
Anne Arundel,5,32,004-006,GREEN,0,1,0,0,7
Anne Arundel,5,32,004-006,LIBERTARIAN,3,1,5,1,19
Anne Arundel,5,32,004-006,NO LABELS MARYLAND,1,0,0,1,3
Anne Arundel,5,32,004-006,OTHER PARTIES,7,3,5,1,31
Anne Arundel,5,32,004-006,REPUBLICAN,53,28,27,7,181
Anne Arundel,5,32,004-006,UNAFFILIATED,151,86,96,7,636
Anne Arundel,5,32,004-007,DEMOCRATIC,369,368,345,115,1597
Anne Arundel,5,32,004-007,GREEN,2,0,0,0,2
Anne Arundel,5,32,004-007,LIBERTARIAN,9,7,2,1,41
Anne Arundel,5,32,004-007,NO LABELS MARYLAND,1,0,2,1,9
Anne Arundel,5,32,004-007,OTHER PARTIES,7,4,8,1,35
Anne Arundel,5,32,004-007,REPUBLICAN,148,105,79,77,549
Anne Arundel,5,32,004-007,UNAFFILIATED,255,179,167,97,1210
Anne Arundel,5,33A,004-008,DEMOCRATIC,240,185,307,17,956
Anne Arundel,5,33A,004-008,GREEN,0,0,1,0,5
Anne Arundel,5,33A,004-008,LIBERTARIAN,8,5,3,1,21
Anne Arundel,5,33A,004-008,NO LABELS MARYLAND,1,1,1,0,4
Anne Arundel,5,33A,004-008,OTHER PARTIES,10,4,2,1,26
Anne Arundel,5,33A,004-008,REPUBLICAN,251,222,115,5,741
Anne Arundel,5,33A,004-008,UNAFFILIATED,220,129,126,19,741
Anne Arundel,5,32,004-009,DEMOCRATIC,556,622,542,94,2260
Anne Arundel,5,32,004-009,GREEN,0,1,2,0,6
Anne Arundel,5,32,004-009,LIBERTARIAN,3,3,1,1,12
Anne Arundel,5,32,004-009,NO LABELS MARYLAND,4,3,0,0,9
Anne Arundel,5,32,004-009,OTHER PARTIES,2,4,1,1,20
Anne Arundel,5,32,004-009,REPUBLICAN,76,83,76,14,311
Anne Arundel,5,32,004-009,UNAFFILIATED,175,169,173,40,816
Anne Arundel,5,21,004-010,DEMOCRATIC,581,615,813,42,2275
Anne Arundel,5,21,004-010,GREEN,0,0,0,0,1
Anne Arundel,5,21,004-010,LIBERTARIAN,3,3,2,0,12
Anne Arundel,5,21,004-010,NO LABELS MARYLAND,2,1,1,1,5
Anne Arundel,5,21,004-010,OTHER PARTIES,11,4,6,1,29
Anne Arundel,5,21,004-010,REPUBLICAN,269,254,218,22,876
Anne Arundel,5,21,004-010,UNAFFILIATED,273,186,271,22,942
Anne Arundel,5,33A,004-011,DEMOCRATIC,246,207,209,22,967
Anne Arundel,5,33A,004-011,GREEN,0,0,0,0,0
Anne Arundel,5,33A,004-011,LIBERTARIAN,7,0,2,1,15
Anne Arundel,5,33A,004-011,NO LABELS MARYLAND,2,0,2,1,7
Anne Arundel,5,33A,004-011,OTHER PARTIES,3,2,3,0,25
Anne Arundel,5,33A,004-011,REPUBLICAN,138,93,44,6,399
Anne Arundel,5,33A,004-011,UNAFFILIATED,144,81,100,13,538
Anne Arundel,5,33A,004-012,DEMOCRATIC,178,229,247,18,917
Anne Arundel,5,33A,004-012,GREEN,0,0,0,0,0
Anne Arundel,5,33A,004-012,LIBERTARIAN,6,0,4,0,15
Anne Arundel,5,33A,004-012,NO LABELS MARYLAND,2,0,1,0,5
Anne Arundel,5,33A,004-012,OTHER PARTIES,11,4,0,0,31
Anne Arundel,5,33A,004-012,REPUBLICAN,135,171,100,11,571
Anne Arundel,5,33A,004-012,UNAFFILIATED,135,110,102,16,586
Anne Arundel,5,21,004-013,DEMOCRATIC,223,248,120,100,748
Anne Arundel,5,21,004-013,GREEN,0,0,0,0,0
Anne Arundel,5,21,004-013,LIBERTARIAN,3,0,2,1,10
Anne Arundel,5,21,004-013,NO LABELS MARYLAND,2,0,0,1,5
Anne Arundel,5,21,004-013,OTHER PARTIES,1,3,1,0,16
Anne Arundel,5,21,004-013,REPUBLICAN,49,35,28,11,158
Anne Arundel,5,21,004-013,UNAFFILIATED,96,67,41,29,331
Anne Arundel,5,21,004-014,DEMOCRATIC,149,125,132,35,527
Anne Arundel,5,21,004-014,GREEN,0,1,0,0,2
Anne Arundel,5,21,004-014,LIBERTARIAN,2,1,0,0,3
Anne Arundel,5,21,004-014,NO LABELS MARYLAND,1,0,0,0,2
Anne Arundel,5,21,004-014,OTHER PARTIES,3,2,2,0,11
Anne Arundel,5,21,004-014,REPUBLICAN,98,90,40,22,291
Anne Arundel,5,21,004-014,UNAFFILIATED,78,61,66,30,321
Anne Arundel,5,33A,004-015,DEMOCRATIC,270,327,263,16,1061
Anne Arundel,5,33A,004-015,GREEN,0,0,0,0,0
Anne Arundel,5,33A,004-015,LIBERTARIAN,0,0,0,0,3
Anne Arundel,5,33A,004-015,NO LABELS MARYLAND,1,0,3,0,3
Anne Arundel,5,33A,004-015,OTHER PARTIES,1,2,4,0,12
Anne Arundel,5,33A,004-015,REPUBLICAN,112,109,75,1,398
Anne Arundel,5,33A,004-015,UNAFFILIATED,136,134,107,11,540
Anne Arundel,5,33A,004-016,DEMOCRATIC,226,262,312,24,1037
Anne Arundel,5,33A,004-016,GREEN,1,0,1,0,4
Anne Arundel,5,33A,004-016,LIBERTARIAN,6,0,1,1,10
Anne Arundel,5,33A,004-016,NO LABELS MARYLAND,1,0,0,0,5
Anne Arundel,5,33A,004-016,OTHER PARTIES,11,2,1,0,21
Anne Arundel,5,33A,004-016,REPUBLICAN,128,125,89,5,444
Anne Arundel,5,33A,004-016,UNAFFILIATED,167,122,149,15,636
Anne Arundel,5,32,004-017,DEMOCRATIC,313,132,138,23,1033
Anne Arundel,5,32,004-017,GREEN,1,0,0,0,4
Anne Arundel,5,32,004-017,LIBERTARIAN,7,2,0,1,16
Anne Arundel,5,32,004-017,NO LABELS MARYLAND,1,0,0,0,5
Anne Arundel,5,32,004-017,OTHER PARTIES,13,2,2,0,33
Anne Arundel,5,32,004-017,REPUBLICAN,123,45,39,4,323
Anne Arundel,5,32,004-017,UNAFFILIATED,157,41,44,10,531
Anne Arundel,5,21,004-018,DEMOCRATIC,102,155,144,17,481
Anne Arundel,5,21,004-018,GREEN,1,0,0,0,3
Anne Arundel,5,21,004-018,LIBERTARIAN,0,0,1,0,1
Anne Arundel,5,21,004-018,NO LABELS MARYLAND,0,1,1,0,3
Anne Arundel,5,21,004-018,OTHER PARTIES,3,2,2,0,7
Anne Arundel,5,21,004-018,REPUBLICAN,46,59,37,12,175
Anne Arundel,5,21,004-018,UNAFFILIATED,76,55,56,12,271
Anne Arundel,5,33A,004-019,DEMOCRATIC,291,463,232,51,1341
Anne Arundel,5,33A,004-019,GREEN,0,0,0,0,0
Anne Arundel,5,33A,004-019,LIBERTARIAN,0,3,3,2,10
Anne Arundel,5,33A,004-019,NO LABELS MARYLAND,1,2,0,2,5
Anne Arundel,5,33A,004-019,OTHER PARTIES,4,2,4,3,23
Anne Arundel,5,33A,004-019,REPUBLICAN,58,42,22,14,193
Anne Arundel,5,33A,004-019,UNAFFILIATED,131,95,91,23,478
Anne Arundel,5,21,004-020,DEMOCRATIC,169,286,412,20,1024
Anne Arundel,5,21,004-020,GREEN,1,0,1,0,2
Anne Arundel,5,21,004-020,LIBERTARIAN,3,1,4,1,13
Anne Arundel,5,21,004-020,NO LABELS MARYLAND,2,1,1,0,4
Anne Arundel,5,21,004-020,OTHER PARTIES,8,4,1,0,16
Anne Arundel,5,21,004-020,REPUBLICAN,111,179,113,11,517
Anne Arundel,5,21,004-020,UNAFFILIATED,127,113,136,9,533
Anne Arundel,5,33B,004-021,DEMOCRATIC,92,134,142,7,440
Anne Arundel,5,33B,004-021,GREEN,0,0,0,0,0
Anne Arundel,5,33B,004-021,LIBERTARIAN,0,1,1,0,5
Anne Arundel,5,33B,004-021,NO LABELS MARYLAND,0,0,1,0,3
Anne Arundel,5,33B,004-021,OTHER PARTIES,2,2,0,0,9
Anne Arundel,5,33B,004-021,REPUBLICAN,130,127,86,6,428
Anne Arundel,5,33B,004-021,UNAFFILIATED,80,83,97,3,365
Anne Arundel,5,33A,004-022,DEMOCRATIC,296,241,169,48,972
Anne Arundel,5,33A,004-022,GREEN,1,1,0,3,4
Anne Arundel,5,33A,004-022,LIBERTARIAN,8,1,1,0,17
Anne Arundel,5,33A,004-022,NO LABELS MARYLAND,0,1,0,1,3
Anne Arundel,5,33A,004-022,OTHER PARTIES,5,2,2,0,16
Anne Arundel,5,33A,004-022,REPUBLICAN,156,113,44,27,438
Anne Arundel,5,33A,004-022,UNAFFILIATED,169,100,60,29,557
Anne Arundel,5,33A,004-023,DEMOCRATIC,285,386,421,17,1349
Anne Arundel,5,33A,004-023,GREEN,0,0,2,0,3
Anne Arundel,5,33A,004-023,LIBERTARIAN,3,5,1,0,19
Anne Arundel,5,33A,004-023,NO LABELS MARYLAND,2,1,2,0,5
Anne Arundel,5,33A,004-023,OTHER PARTIES,7,1,5,1,22
Anne Arundel,5,33A,004-023,REPUBLICAN,244,251,211,11,896
Anne Arundel,5,33A,004-023,UNAFFILIATED,187,208,191,10,876
Anne Arundel,5,33A,004-024,DEMOCRATIC,364,451,249,33,1490
Anne Arundel,5,33A,004-024,GREEN,1,0,0,0,2
Anne Arundel,5,33A,004-024,LIBERTARIAN,3,3,1,1,9
Anne Arundel,5,33A,004-024,NO LABELS MARYLAND,4,0,0,0,8
Anne Arundel,5,33A,004-024,OTHER PARTIES,4,6,2,0,23
Anne Arundel,5,33A,004-024,REPUBLICAN,68,68,44,9,280
Anne Arundel,5,33A,004-024,UNAFFILIATED,153,116,111,13,637
Anne Arundel,3,33C,005-001,DEMOCRATIC,178,219,273,13,820
Anne Arundel,3,33C,005-001,GREEN,0,0,1,1,2
Anne Arundel,3,33C,005-001,LIBERTARIAN,5,2,2,0,14
Anne Arundel,3,33C,005-001,NO LABELS MARYLAND,0,0,1,0,3
Anne Arundel,3,33C,005-001,OTHER PARTIES,3,3,4,0,15
Anne Arundel,3,33C,005-001,REPUBLICAN,287,336,171,19,968
Anne Arundel,3,33C,005-001,UNAFFILIATED,145,124,116,20,541
Anne Arundel,3,33C,005-002,DEMOCRATIC,218,267,332,29,996
Anne Arundel,3,33C,005-002,GREEN,2,0,0,0,3
Anne Arundel,3,33C,005-002,LIBERTARIAN,6,0,2,0,14
Anne Arundel,3,33C,005-002,NO LABELS MARYLAND,0,0,1,0,2
Anne Arundel,3,33C,005-002,OTHER PARTIES,3,7,9,3,23
Anne Arundel,3,33C,005-002,REPUBLICAN,224,293,148,21,814
Anne Arundel,3,33C,005-002,UNAFFILIATED,165,137,126,16,657
Anne Arundel,3,33C,005-003,DEMOCRATIC,151,243,237,14,741
Anne Arundel,3,33C,005-003,GREEN,0,0,1,0,3
Anne Arundel,3,33C,005-003,LIBERTARIAN,0,0,2,0,5
Anne Arundel,3,33C,005-003,NO LABELS MARYLAND,0,1,1,0,2
Anne Arundel,3,33C,005-003,OTHER PARTIES,4,3,2,2,10
Anne Arundel,3,33C,005-003,REPUBLICAN,190,299,111,16,748
Anne Arundel,3,33C,005-003,UNAFFILIATED,163,143,122,12,592
Anne Arundel,3,33C,005-004,DEMOCRATIC,230,166,225,23,764
Anne Arundel,3,33C,005-004,GREEN,1,0,1,1,6
Anne Arundel,3,33C,005-004,LIBERTARIAN,6,4,1,0,14
Anne Arundel,3,33C,005-004,NO LABELS MARYLAND,0,0,2,0,2
Anne Arundel,3,33C,005-004,OTHER PARTIES,4,2,1,0,14
Anne Arundel,3,33C,005-004,REPUBLICAN,299,243,108,23,801
Anne Arundel,3,33C,005-004,UNAFFILIATED,193,100,99,26,561
Anne Arundel,3,33C,005-005,DEMOCRATIC,187,139,213,11,660
Anne Arundel,3,33C,005-005,GREEN,0,2,0,0,2
Anne Arundel,3,33C,005-005,LIBERTARIAN,4,0,2,0,7
Anne Arundel,3,33C,005-005,NO LABELS MARYLAND,0,1,0,1,3
Anne Arundel,3,33C,005-005,OTHER PARTIES,2,4,1,0,12
Anne Arundel,3,33C,005-005,REPUBLICAN,136,158,86,5,478
Anne Arundel,3,33C,005-005,UNAFFILIATED,96,52,65,7,322
Anne Arundel,3,33C,005-006,DEMOCRATIC,171,126,283,19,686
Anne Arundel,3,33C,005-006,GREEN,0,0,1,0,4
Anne Arundel,3,33C,005-006,LIBERTARIAN,2,0,0,0,6
Anne Arundel,3,33C,005-006,NO LABELS MARYLAND,1,0,0,0,1
Anne Arundel,3,33C,005-006,OTHER PARTIES,3,2,2,0,10
Anne Arundel,3,33C,005-006,REPUBLICAN,206,186,111,15,624
Anne Arundel,3,33C,005-006,UNAFFILIATED,114,59,80,5,365
Anne Arundel,3,31,005-007,DEMOCRATIC,136,158,177,11,546
Anne Arundel,3,31,005-007,GREEN,0,0,1,0,1
Anne Arundel,3,31,005-007,LIBERTARIAN,4,1,1,0,11
Anne Arundel,3,31,005-007,NO LABELS MARYLAND,0,0,2,0,2
Anne Arundel,3,31,005-007,OTHER PARTIES,5,3,1,0,13
Anne Arundel,3,31,005-007,REPUBLICAN,215,238,106,8,676
Anne Arundel,3,31,005-007,UNAFFILIATED,115,104,113,5,440
Anne Arundel,3,31,005-008,DEMOCRATIC,232,179,297,15,851
Anne Arundel,3,31,005-008,GREEN,1,1,0,0,3
Anne Arundel,3,31,005-008,LIBERTARIAN,6,4,0,1,14
Anne Arundel,3,31,005-008,NO LABELS MARYLAND,0,0,0,1,2
Anne Arundel,3,31,005-008,OTHER PARTIES,9,3,2,0,19
Anne Arundel,3,31,005-008,REPUBLICAN,271,218,125,11,776
Anne Arundel,3,31,005-008,UNAFFILIATED,193,100,123,14,572
Anne Arundel,3,31,005-009,DEMOCRATIC,132,110,175,6,477
Anne Arundel,3,31,005-009,GREEN,1,0,0,0,2
Anne Arundel,3,31,005-009,LIBERTARIAN,0,1,1,0,4
Anne Arundel,3,31,005-009,NO LABELS MARYLAND,1,0,0,0,1
Anne Arundel,3,31,005-009,OTHER PARTIES,1,4,0,0,6
Anne Arundel,3,31,005-009,REPUBLICAN,154,169,85,9,504
Anne Arundel,3,31,005-009,UNAFFILIATED,108,67,70,12,326
Anne Arundel,3,31,005-010,DEMOCRATIC,60,86,124,6,327
Anne Arundel,3,31,005-010,GREEN,0,0,0,0,0
Anne Arundel,3,31,005-010,LIBERTARIAN,0,2,0,0,4
Anne Arundel,3,31,005-010,NO LABELS MARYLAND,0,0,0,0,0
Anne Arundel,3,31,005-010,OTHER PARTIES,0,1,0,0,3
Anne Arundel,3,31,005-010,REPUBLICAN,106,185,66,5,428
Anne Arundel,3,31,005-010,UNAFFILIATED,65,89,71,3,302
Anne Arundel,3,33C,005-011,DEMOCRATIC,212,176,242,11,771
Anne Arundel,3,33C,005-011,GREEN,0,0,1,0,1
Anne Arundel,3,33C,005-011,LIBERTARIAN,4,3,0,0,10
Anne Arundel,3,33C,005-011,NO LABELS MARYLAND,0,1,0,0,2
Anne Arundel,3,33C,005-011,OTHER PARTIES,2,1,3,0,9
Anne Arundel,3,33C,005-011,REPUBLICAN,231,196,111,17,648
Anne Arundel,3,33C,005-011,UNAFFILIATED,141,103,91,10,486
Anne Arundel,3,33C,005-012,DEMOCRATIC,259,212,306,33,974
Anne Arundel,3,33C,005-012,GREEN,0,0,0,0,0
Anne Arundel,3,33C,005-012,LIBERTARIAN,4,7,3,0,20
Anne Arundel,3,33C,005-012,NO LABELS MARYLAND,1,0,0,0,1
Anne Arundel,3,33C,005-012,OTHER PARTIES,4,3,6,1,19
Anne Arundel,3,33C,005-012,REPUBLICAN,281,263,147,25,834
Anne Arundel,3,33C,005-012,UNAFFILIATED,202,139,150,34,705
Anne Arundel,3,33C,005-013,DEMOCRATIC,158,155,221,8,616
Anne Arundel,3,33C,005-013,GREEN,0,0,1,0,2
Anne Arundel,3,33C,005-013,LIBERTARIAN,7,2,0,0,12
Anne Arundel,3,33C,005-013,NO LABELS MARYLAND,2,1,1,0,4
Anne Arundel,3,33C,005-013,OTHER PARTIES,5,2,2,0,13
Anne Arundel,3,33C,005-013,REPUBLICAN,232,254,157,5,757
Anne Arundel,3,33C,005-013,UNAFFILIATED,114,124,101,10,470
Anne Arundel,3,31,005-014,DEMOCRATIC,160,188,263,9,745
Anne Arundel,3,31,005-014,GREEN,1,2,0,0,4
Anne Arundel,3,31,005-014,LIBERTARIAN,3,3,2,1,11
Anne Arundel,3,31,005-014,NO LABELS MARYLAND,0,2,0,0,4
Anne Arundel,3,31,005-014,OTHER PARTIES,3,1,1,1,8
Anne Arundel,3,31,005-014,REPUBLICAN,204,257,150,15,741
Anne Arundel,3,31,005-014,UNAFFILIATED,140,110,99,13,479
Anne Arundel,3,31,005-015,DEMOCRATIC,148,107,188,3,528
Anne Arundel,3,31,005-015,GREEN,0,0,0,0,0
Anne Arundel,3,31,005-015,LIBERTARIAN,2,3,1,1,11
Anne Arundel,3,31,005-015,NO LABELS MARYLAND,0,0,0,0,0
Anne Arundel,3,31,005-015,OTHER PARTIES,4,0,1,0,5
Anne Arundel,3,31,005-015,REPUBLICAN,236,156,118,7,627
Anne Arundel,3,31,005-015,UNAFFILIATED,126,75,90,10,383
Anne Arundel,3,33C,005-016,DEMOCRATIC,127,162,228,11,609
Anne Arundel,3,33C,005-016,GREEN,2,1,1,0,4
Anne Arundel,3,33C,005-016,LIBERTARIAN,7,4,0,0,15
Anne Arundel,3,33C,005-016,NO LABELS MARYLAND,0,1,0,0,1
Anne Arundel,3,33C,005-016,OTHER PARTIES,2,3,1,0,8
Anne Arundel,3,33C,005-016,REPUBLICAN,124,213,111,3,552
Anne Arundel,3,33C,005-016,UNAFFILIATED,96,87,81,5,363
Anne Arundel,3,33C,005-017,DEMOCRATIC,224,192,289,23,850
Anne Arundel,3,33C,005-017,GREEN,2,0,2,0,6
Anne Arundel,3,33C,005-017,LIBERTARIAN,7,2,1,1,19
Anne Arundel,3,33C,005-017,NO LABELS MARYLAND,0,0,1,1,3
Anne Arundel,3,33C,005-017,OTHER PARTIES,2,4,3,0,16
Anne Arundel,3,33C,005-017,REPUBLICAN,291,232,91,12,767
Anne Arundel,3,33C,005-017,UNAFFILIATED,186,164,109,14,614
Anne Arundel,3,33C,005-018,DEMOCRATIC,354,470,535,49,1683
Anne Arundel,3,33C,005-018,GREEN,0,2,0,0,3
Anne Arundel,3,33C,005-018,LIBERTARIAN,15,11,0,0,35
Anne Arundel,3,33C,005-018,NO LABELS MARYLAND,2,1,1,1,6
Anne Arundel,3,33C,005-018,OTHER PARTIES,6,4,5,0,23
Anne Arundel,3,33C,005-018,REPUBLICAN,454,477,217,19,1412
Anne Arundel,3,33C,005-018,UNAFFILIATED,296,256,192,27,1053
Anne Arundel,3,33B,005-019,DEMOCRATIC,241,265,433,19,1129
Anne Arundel,3,33B,005-019,GREEN,1,0,0,0,5
Anne Arundel,3,33B,005-019,LIBERTARIAN,4,0,1,1,15
Anne Arundel,3,33B,005-019,NO LABELS MARYLAND,1,0,1,0,2
Anne Arundel,3,33B,005-019,OTHER PARTIES,4,7,2,1,20
Anne Arundel,3,33B,005-019,REPUBLICAN,353,369,247,21,1235
Anne Arundel,3,33B,005-019,UNAFFILIATED,189,163,162,18,763
Anne Arundel,3,30A,005-020,DEMOCRATIC,129,220,296,8,793
Anne Arundel,3,30A,005-020,GREEN,0,0,0,0,1
Anne Arundel,3,30A,005-020,LIBERTARIAN,0,2,1,0,7
Anne Arundel,3,30A,005-020,NO LABELS MARYLAND,0,0,1,0,3
Anne Arundel,3,30A,005-020,OTHER PARTIES,3,4,1,1,18
Anne Arundel,3,30A,005-020,REPUBLICAN,189,245,182,8,751
Anne Arundel,3,30A,005-020,UNAFFILIATED,108,108,125,10,493
Anne Arundel,3,33C,005-021,DEMOCRATIC,265,314,288,18,1100
Anne Arundel,3,33C,005-021,GREEN,1,1,0,0,5
Anne Arundel,3,33C,005-021,LIBERTARIAN,14,3,6,1,34
Anne Arundel,3,33C,005-021,NO LABELS MARYLAND,1,0,1,0,4
Anne Arundel,3,33C,005-021,OTHER PARTIES,5,5,4,0,24
Anne Arundel,3,33C,005-021,REPUBLICAN,362,327,111,9,984
Anne Arundel,3,33C,005-021,UNAFFILIATED,220,157,121,17,740
Anne Arundel,3,31,005-022,DEMOCRATIC,100,95,128,21,437
Anne Arundel,3,31,005-022,GREEN,1,0,0,0,2
Anne Arundel,3,31,005-022,LIBERTARIAN,2,0,3,1,9
Anne Arundel,3,31,005-022,NO LABELS MARYLAND,0,1,0,0,2
Anne Arundel,3,31,005-022,OTHER PARTIES,2,3,2,2,16
Anne Arundel,3,31,005-022,REPUBLICAN,224,219,85,12,672
Anne Arundel,3,31,005-022,UNAFFILIATED,118,74,53,21,388
Anne Arundel,3,30A,005-023,DEMOCRATIC,145,212,302,21,796
Anne Arundel,3,30A,005-023,GREEN,3,0,0,0,3
Anne Arundel,3,30A,005-023,LIBERTARIAN,1,2,1,0,7
Anne Arundel,3,30A,005-023,NO LABELS MARYLAND,0,0,2,0,2
Anne Arundel,3,30A,005-023,OTHER PARTIES,1,4,2,0,11
Anne Arundel,3,30A,005-023,REPUBLICAN,210,258,146,12,778
Anne Arundel,3,30A,005-023,UNAFFILIATED,105,106,124,14,463
Anne Arundel,3,31,005-024,DEMOCRATIC,119,129,173,8,507
Anne Arundel,3,31,005-024,GREEN,0,0,1,0,1
Anne Arundel,3,31,005-024,LIBERTARIAN,4,5,0,0,10
Anne Arundel,3,31,005-024,NO LABELS MARYLAND,2,1,2,1,6
Anne Arundel,3,31,005-024,OTHER PARTIES,1,0,0,0,2
Anne Arundel,3,31,005-024,REPUBLICAN,218,249,139,16,744
Anne Arundel,3,31,005-024,UNAFFILIATED,109,96,95,5,404
Anne Arundel,5,33A,005-025,DEMOCRATIC,69,100,94,115,344
Anne Arundel,5,33A,005-025,GREEN,0,0,0,1,0
Anne Arundel,5,33A,005-025,LIBERTARIAN,1,2,1,1,6
Anne Arundel,5,33A,005-025,NO LABELS MARYLAND,1,1,0,1,4
Anne Arundel,5,33A,005-025,OTHER PARTIES,0,3,0,3,7
Anne Arundel,5,33A,005-025,REPUBLICAN,86,126,62,46,367
Anne Arundel,5,33A,005-025,UNAFFILIATED,74,76,61,71,324
Anne Arundel,3,30A,005-026,DEMOCRATIC,182,270,296,17,941
Anne Arundel,3,30A,005-026,GREEN,1,0,0,0,2
Anne Arundel,3,30A,005-026,LIBERTARIAN,3,3,2,0,14
Anne Arundel,3,30A,005-026,NO LABELS MARYLAND,1,1,1,0,3
Anne Arundel,3,30A,005-026,OTHER PARTIES,4,4,0,0,12
Anne Arundel,3,30A,005-026,REPUBLICAN,173,298,111,12,760
Anne Arundel,3,30A,005-026,UNAFFILIATED,144,138,119,11,609
Anne Arundel,3,33C,005-027,DEMOCRATIC,174,183,233,25,710
Anne Arundel,3,33C,005-027,GREEN,0,3,0,0,4
Anne Arundel,3,33C,005-027,LIBERTARIAN,6,7,0,0,19
Anne Arundel,3,33C,005-027,NO LABELS MARYLAND,1,0,0,0,2
Anne Arundel,3,33C,005-027,OTHER PARTIES,2,5,0,0,13
Anne Arundel,3,33C,005-027,REPUBLICAN,201,232,90,19,679
Anne Arundel,3,33C,005-027,UNAFFILIATED,141,122,90,20,497
Anne Arundel,3,33C,005-028,DEMOCRATIC,93,112,137,8,409
Anne Arundel,3,33C,005-028,GREEN,0,0,1,0,1
Anne Arundel,3,33C,005-028,LIBERTARIAN,2,0,2,0,8
Anne Arundel,3,33C,005-028,NO LABELS MARYLAND,0,0,0,0,0
Anne Arundel,3,33C,005-028,OTHER PARTIES,3,0,0,0,5
Anne Arundel,3,33C,005-028,REPUBLICAN,112,118,47,13,357
Anne Arundel,3,33C,005-028,UNAFFILIATED,71,54,54,14,262
Anne Arundel,3,31,005-029,DEMOCRATIC,148,151,224,12,692
Anne Arundel,3,31,005-029,GREEN,1,0,0,0,1
Anne Arundel,3,31,005-029,LIBERTARIAN,2,4,1,0,14
Anne Arundel,3,31,005-029,NO LABELS MARYLAND,2,0,1,0,4
Anne Arundel,3,31,005-029,OTHER PARTIES,6,3,0,0,18
Anne Arundel,3,31,005-029,REPUBLICAN,238,297,100,7,834
Anne Arundel,3,31,005-029,UNAFFILIATED,134,106,83,11,494
Anne Arundel,5,31,005-030,DEMOCRATIC,46,70,99,1,266
Anne Arundel,5,31,005-030,GREEN,3,0,0,0,3
Anne Arundel,5,31,005-030,LIBERTARIAN,2,0,0,0,3
Anne Arundel,5,31,005-030,NO LABELS MARYLAND,0,0,0,0,1
Anne Arundel,5,31,005-030,OTHER PARTIES,0,0,0,0,0
Anne Arundel,5,31,005-030,REPUBLICAN,78,110,56,3,297
Anne Arundel,5,31,005-030,UNAFFILIATED,42,41,43,3,166
Anne Arundel,3,31,005-031,DEMOCRATIC,47,73,56,2,251
Anne Arundel,3,31,005-031,GREEN,0,0,0,0,0
Anne Arundel,3,31,005-031,LIBERTARIAN,1,0,1,0,5
Anne Arundel,3,31,005-031,NO LABELS MARYLAND,0,0,0,0,0
Anne Arundel,3,31,005-031,OTHER PARTIES,0,0,0,0,3
Anne Arundel,3,31,005-031,REPUBLICAN,62,105,31,1,247
Anne Arundel,3,31,005-031,UNAFFILIATED,27,41,26,1,166
Anne Arundel,3,33A,005-032,DEMOCRATIC,0,2,0,0,3
Anne Arundel,3,33A,005-032,GREEN,0,0,0,0,0
Anne Arundel,3,33A,005-032,LIBERTARIAN,0,0,0,0,0
Anne Arundel,3,33A,005-032,NO LABELS MARYLAND,0,0,0,0,0
Anne Arundel,3,33A,005-032,OTHER PARTIES,0,0,0,0,0
Anne Arundel,3,33A,005-032,REPUBLICAN,0,2,2,0,7
Anne Arundel,3,33A,005-032,UNAFFILIATED,0,0,0,0,0
Anne Arundel,3,31,005-033,DEMOCRATIC,153,187,220,6,699
Anne Arundel,3,31,005-033,GREEN,1,0,0,0,2
Anne Arundel,3,31,005-033,LIBERTARIAN,3,3,2,0,11
Anne Arundel,3,31,005-033,NO LABELS MARYLAND,1,0,0,0,5
Anne Arundel,3,31,005-033,OTHER PARTIES,5,0,2,0,11
Anne Arundel,3,31,005-033,REPUBLICAN,262,307,175,5,884
Anne Arundel,3,31,005-033,UNAFFILIATED,156,115,118,12,524
Anne Arundel,3,31,005-034,DEMOCRATIC,125,125,129,3,449
Anne Arundel,3,31,005-034,GREEN,0,0,0,0,1
Anne Arundel,3,31,005-034,LIBERTARIAN,2,0,1,0,4
Anne Arundel,3,31,005-034,NO LABELS MARYLAND,0,0,0,0,0
Anne Arundel,3,31,005-034,OTHER PARTIES,1,2,0,0,4
Anne Arundel,3,31,005-034,REPUBLICAN,174,153,67,4,485
Anne Arundel,3,31,005-034,UNAFFILIATED,102,66,50,4,299
Anne Arundel,3,33C,005-035,DEMOCRATIC,104,139,160,18,517
Anne Arundel,3,33C,005-035,GREEN,0,0,0,0,1
Anne Arundel,3,33C,005-035,LIBERTARIAN,4,4,1,0,10
Anne Arundel,3,33C,005-035,NO LABELS MARYLAND,3,0,0,0,5
Anne Arundel,3,33C,005-035,OTHER PARTIES,2,4,0,1,15
Anne Arundel,3,33C,005-035,REPUBLICAN,126,159,47,2,444
Anne Arundel,3,33C,005-035,UNAFFILIATED,120,92,74,6,418
Anne Arundel,5,33A,005-036,DEMOCRATIC,71,77,134,2,348
Anne Arundel,5,33A,005-036,GREEN,0,0,0,0,0
Anne Arundel,5,33A,005-036,LIBERTARIAN,2,1,0,0,5
Anne Arundel,5,33A,005-036,NO LABELS MARYLAND,0,0,0,0,1
Anne Arundel,5,33A,005-036,OTHER PARTIES,2,1,0,0,5
Anne Arundel,5,33A,005-036,REPUBLICAN,119,104,76,7,361
Anne Arundel,5,33A,005-036,UNAFFILIATED,68,47,58,0,244
Anne Arundel,3,33A,005-037,DEMOCRATIC,1,0,0,0,1
Anne Arundel,3,33A,005-037,GREEN,0,0,0,0,0
Anne Arundel,3,33A,005-037,LIBERTARIAN,0,0,0,0,0
Anne Arundel,3,33A,005-037,NO LABELS MARYLAND,0,0,0,0,0
Anne Arundel,3,33A,005-037,OTHER PARTIES,0,0,0,0,0
Anne Arundel,3,33A,005-037,REPUBLICAN,0,0,0,0,0
Anne Arundel,3,33A,005-037,UNAFFILIATED,0,0,0,0,0
Anne Arundel,3,30A,006-001,DEMOCRATIC,338,459,830,74,2009
Anne Arundel,3,30A,006-001,GREEN,1,0,1,0,5
Anne Arundel,3,30A,006-001,LIBERTARIAN,8,2,4,0,21
Anne Arundel,3,30A,006-001,NO LABELS MARYLAND,0,4,0,1,6
Anne Arundel,3,30A,006-001,OTHER PARTIES,7,4,8,0,28
Anne Arundel,3,30A,006-001,REPUBLICAN,233,269,212,33,929
Anne Arundel,3,30A,006-001,UNAFFILIATED,190,163,238,34,893
Anne Arundel,3,30A,006-002,DEMOCRATIC,197,203,289,22,802
Anne Arundel,3,30A,006-002,GREEN,0,1,1,0,5
Anne Arundel,3,30A,006-002,LIBERTARIAN,5,0,0,1,7
Anne Arundel,3,30A,006-002,NO LABELS MARYLAND,0,0,0,0,0
Anne Arundel,3,30A,006-002,OTHER PARTIES,7,2,3,0,15
Anne Arundel,3,30A,006-002,REPUBLICAN,197,165,110,20,594
Anne Arundel,3,30A,006-002,UNAFFILIATED,138,73,105,19,415
Anne Arundel,3,30A,006-003,DEMOCRATIC,205,274,175,22,1021
Anne Arundel,3,30A,006-003,GREEN,0,1,3,1,4
Anne Arundel,3,30A,006-003,LIBERTARIAN,2,1,2,0,11
Anne Arundel,3,30A,006-003,NO LABELS MARYLAND,0,0,2,0,6
Anne Arundel,3,30A,006-003,OTHER PARTIES,2,1,0,0,12
Anne Arundel,3,30A,006-003,REPUBLICAN,46,52,23,8,186
Anne Arundel,3,30A,006-003,UNAFFILIATED,64,54,50,15,329
Anne Arundel,3,30A,006-004,DEMOCRATIC,78,113,118,61,436
Anne Arundel,3,30A,006-004,GREEN,0,0,1,0,2
Anne Arundel,3,30A,006-004,LIBERTARIAN,0,0,0,0,5
Anne Arundel,3,30A,006-004,NO LABELS MARYLAND,1,1,0,0,2
Anne Arundel,3,30A,006-004,OTHER PARTIES,0,0,1,0,4
Anne Arundel,3,30A,006-004,REPUBLICAN,23,27,13,21,104
Anne Arundel,3,30A,006-004,UNAFFILIATED,50,25,33,17,178
Anne Arundel,3,30A,006-005,DEMOCRATIC,133,168,182,14,588
Anne Arundel,3,30A,006-005,GREEN,0,0,0,0,0
Anne Arundel,3,30A,006-005,LIBERTARIAN,2,2,0,0,7
Anne Arundel,3,30A,006-005,NO LABELS MARYLAND,0,0,1,0,1
Anne Arundel,3,30A,006-005,OTHER PARTIES,0,1,2,0,8
Anne Arundel,3,30A,006-005,REPUBLICAN,125,120,75,8,425
Anne Arundel,3,30A,006-005,UNAFFILIATED,78,74,85,14,352
Anne Arundel,3,30A,006-006,DEMOCRATIC,178,141,91,28,750
Anne Arundel,3,30A,006-006,GREEN,1,0,0,0,1
Anne Arundel,3,30A,006-006,LIBERTARIAN,1,0,0,0,7
Anne Arundel,3,30A,006-006,NO LABELS MARYLAND,0,0,0,0,2
Anne Arundel,3,30A,006-006,OTHER PARTIES,2,2,0,0,13
Anne Arundel,3,30A,006-006,REPUBLICAN,38,27,20,5,144
Anne Arundel,3,30A,006-006,UNAFFILIATED,38,29,20,8,240
Anne Arundel,3,30A,006-007,DEMOCRATIC,324,439,544,37,1694
Anne Arundel,3,30A,006-007,GREEN,0,0,0,0,2
Anne Arundel,3,30A,006-007,LIBERTARIAN,6,4,0,1,22
Anne Arundel,3,30A,006-007,NO LABELS MARYLAND,0,1,0,0,2
Anne Arundel,3,30A,006-007,OTHER PARTIES,9,2,1,0,31
Anne Arundel,3,30A,006-007,REPUBLICAN,223,188,165,13,784
Anne Arundel,3,30A,006-007,UNAFFILIATED,176,143,167,30,773
Anne Arundel,3,30A,006-008,DEMOCRATIC,175,212,318,26,862
Anne Arundel,3,30A,006-008,GREEN,2,2,0,0,4
Anne Arundel,3,30A,006-008,LIBERTARIAN,2,1,2,0,9
Anne Arundel,3,30A,006-008,NO LABELS MARYLAND,0,0,1,0,2
Anne Arundel,3,30A,006-008,OTHER PARTIES,3,5,1,0,12
Anne Arundel,3,30A,006-008,REPUBLICAN,130,111,89,12,425
Anne Arundel,3,30A,006-008,UNAFFILIATED,99,84,103,12,424
Anne Arundel,3,30A,006-009,DEMOCRATIC,154,231,332,9,848
Anne Arundel,3,30A,006-009,GREEN,0,1,0,0,1
Anne Arundel,3,30A,006-009,LIBERTARIAN,2,1,6,0,13
Anne Arundel,3,30A,006-009,NO LABELS MARYLAND,0,0,0,0,2
Anne Arundel,3,30A,006-009,OTHER PARTIES,2,3,0,0,9
Anne Arundel,3,30A,006-009,REPUBLICAN,156,184,103,6,534
Anne Arundel,3,30A,006-009,UNAFFILIATED,82,79,127,7,429
Anne Arundel,3,30A,006-010,DEMOCRATIC,117,165,236,23,698
Anne Arundel,3,30A,006-010,GREEN,0,1,0,0,1
Anne Arundel,3,30A,006-010,LIBERTARIAN,2,3,1,1,8
Anne Arundel,3,30A,006-010,NO LABELS MARYLAND,1,0,1,0,3
Anne Arundel,3,30A,006-010,OTHER PARTIES,2,1,3,0,13
Anne Arundel,3,30A,006-010,REPUBLICAN,105,161,91,13,476
Anne Arundel,3,30A,006-010,UNAFFILIATED,72,73,76,13,353
Anne Arundel,3,33B,006-011,DEMOCRATIC,297,154,360,14,985
Anne Arundel,3,33B,006-011,GREEN,0,0,2,0,3
Anne Arundel,3,33B,006-011,LIBERTARIAN,12,2,1,2,28
Anne Arundel,3,33B,006-011,NO LABELS MARYLAND,2,0,1,0,4
Anne Arundel,3,33B,006-011,OTHER PARTIES,8,1,2,1,20
Anne Arundel,3,33B,006-011,REPUBLICAN,486,251,165,24,1086
Anne Arundel,3,33B,006-011,UNAFFILIATED,279,102,153,19,748
Anne Arundel,3,30A,006-012,DEMOCRATIC,304,196,303,30,1174
Anne Arundel,3,30A,006-012,GREEN,1,0,0,0,5
Anne Arundel,3,30A,006-012,LIBERTARIAN,2,1,2,1,13
Anne Arundel,3,30A,006-012,NO LABELS MARYLAND,0,2,0,1,3
Anne Arundel,3,30A,006-012,OTHER PARTIES,2,5,1,2,19
Anne Arundel,3,30A,006-012,REPUBLICAN,127,105,89,15,413
Anne Arundel,3,30A,006-012,UNAFFILIATED,118,93,101,9,486
Anne Arundel,3,30A,006-013,DEMOCRATIC,159,178,164,37,778
Anne Arundel,3,30A,006-013,GREEN,0,1,0,0,1
Anne Arundel,3,30A,006-013,LIBERTARIAN,1,3,2,0,7
Anne Arundel,3,30A,006-013,NO LABELS MARYLAND,0,0,0,0,0
Anne Arundel,3,30A,006-013,OTHER PARTIES,3,2,1,0,10
Anne Arundel,3,30A,006-013,REPUBLICAN,56,64,42,5,234
Anne Arundel,3,30A,006-013,UNAFFILIATED,58,48,57,8,304
Anne Arundel,3,30A,006-014,DEMOCRATIC,354,326,230,15,1413
Anne Arundel,3,30A,006-014,GREEN,0,0,0,0,1
Anne Arundel,3,30A,006-014,LIBERTARIAN,2,3,2,0,9
Anne Arundel,3,30A,006-014,NO LABELS MARYLAND,1,0,0,0,5
Anne Arundel,3,30A,006-014,OTHER PARTIES,2,1,0,1,14
Anne Arundel,3,30A,006-014,REPUBLICAN,79,82,38,3,296
Anne Arundel,3,30A,006-014,UNAFFILIATED,91,70,56,3,434
Anne Arundel,3,30A,006-015,DEMOCRATIC,176,259,237,188,905
Anne Arundel,3,30A,006-015,GREEN,0,0,1,0,1
Anne Arundel,3,30A,006-015,LIBERTARIAN,1,0,0,4,8
Anne Arundel,3,30A,006-015,NO LABELS MARYLAND,0,2,0,1,4
Anne Arundel,3,30A,006-015,OTHER PARTIES,2,1,3,6,17
Anne Arundel,3,30A,006-015,REPUBLICAN,90,86,47,71,299
Anne Arundel,3,30A,006-015,UNAFFILIATED,89,80,54,86,399
Anne Arundel,3,30A,006-016,DEMOCRATIC,141,146,142,24,652
Anne Arundel,3,30A,006-016,GREEN,0,0,0,0,1
Anne Arundel,3,30A,006-016,LIBERTARIAN,0,0,2,0,5
Anne Arundel,3,30A,006-016,NO LABELS MARYLAND,0,0,0,0,2
Anne Arundel,3,30A,006-016,OTHER PARTIES,4,0,1,1,15
Anne Arundel,3,30A,006-016,REPUBLICAN,33,56,21,6,166
Anne Arundel,3,30A,006-016,UNAFFILIATED,34,34,38,11,196
Anne Arundel,3,33B,006-017,DEMOCRATIC,149,142,202,10,627
Anne Arundel,3,33B,006-017,GREEN,0,0,0,1,0
Anne Arundel,3,33B,006-017,LIBERTARIAN,5,1,1,0,12
Anne Arundel,3,33B,006-017,NO LABELS MARYLAND,1,0,1,0,3
Anne Arundel,3,33B,006-017,OTHER PARTIES,1,6,3,0,17
Anne Arundel,3,33B,006-017,REPUBLICAN,258,242,128,13,792
Anne Arundel,3,33B,006-017,UNAFFILIATED,147,94,113,7,494
Anne Arundel,3,30A,006-018,DEMOCRATIC,164,233,397,21,998
Anne Arundel,3,30A,006-018,GREEN,0,0,1,0,3
Anne Arundel,3,30A,006-018,LIBERTARIAN,0,0,1,0,5
Anne Arundel,3,30A,006-018,NO LABELS MARYLAND,0,0,1,0,2
Anne Arundel,3,30A,006-018,OTHER PARTIES,3,4,3,1,16
Anne Arundel,3,30A,006-018,REPUBLICAN,150,141,122,12,556
Anne Arundel,3,30A,006-018,UNAFFILIATED,108,106,107,15,486
Anne Arundel,3,30A,006-019,DEMOCRATIC,406,565,1030,70,2376
Anne Arundel,3,30A,006-019,GREEN,0,0,0,0,9
Anne Arundel,3,30A,006-019,LIBERTARIAN,10,2,2,2,30
Anne Arundel,3,30A,006-019,NO LABELS MARYLAND,2,3,4,0,9
Anne Arundel,3,30A,006-019,OTHER PARTIES,8,8,9,1,41
Anne Arundel,3,30A,006-019,REPUBLICAN,549,624,557,51,2114
Anne Arundel,3,30A,006-019,UNAFFILIATED,298,259,461,37,1400
Anne Arundel,3,30A,006-020,DEMOCRATIC,71,121,425,2,683
Anne Arundel,3,30A,006-020,GREEN,0,0,0,0,0
Anne Arundel,3,30A,006-020,LIBERTARIAN,0,0,3,0,4
Anne Arundel,3,30A,006-020,NO LABELS MARYLAND,1,0,0,0,1
Anne Arundel,3,30A,006-020,OTHER PARTIES,3,0,1,0,6
Anne Arundel,3,30A,006-020,REPUBLICAN,110,155,153,5,484
Anne Arundel,3,30A,006-020,UNAFFILIATED,48,54,106,5,250
Anne Arundel,3,33B,006-021,DEMOCRATIC,37,37,42,22,138
Anne Arundel,3,33B,006-021,GREEN,0,0,0,0,0
Anne Arundel,3,33B,006-021,LIBERTARIAN,1,1,1,0,5
Anne Arundel,3,33B,006-021,NO LABELS MARYLAND,0,0,0,0,1
Anne Arundel,3,33B,006-021,OTHER PARTIES,0,0,2,0,2
Anne Arundel,3,33B,006-021,REPUBLICAN,48,38,30,7,145
Anne Arundel,3,33B,006-021,UNAFFILIATED,30,18,16,9,91
Anne Arundel,3,30A,006-022,DEMOCRATIC,241,288,279,18,1001
Anne Arundel,3,30A,006-022,GREEN,0,0,0,1,0
Anne Arundel,3,30A,006-022,LIBERTARIAN,4,2,0,0,12
Anne Arundel,3,30A,006-022,NO LABELS MARYLAND,0,0,0,0,2
Anne Arundel,3,30A,006-022,OTHER PARTIES,8,2,3,0,24
Anne Arundel,3,30A,006-022,REPUBLICAN,218,178,74,10,629
Anne Arundel,3,30A,006-022,UNAFFILIATED,144,93,123,5,535
Anne Arundel,3,30A,006-023,DEMOCRATIC,227,200,249,35,811
Anne Arundel,3,30A,006-023,GREEN,0,0,0,1,1
Anne Arundel,3,30A,006-023,LIBERTARIAN,3,3,0,0,10
Anne Arundel,3,30A,006-023,NO LABELS MARYLAND,0,0,1,0,1
Anne Arundel,3,30A,006-023,OTHER PARTIES,3,1,0,0,7
Anne Arundel,3,30A,006-023,REPUBLICAN,168,117,79,16,444
Anne Arundel,3,30A,006-023,UNAFFILIATED,126,66,69,22,364
Anne Arundel,3,30A,006-024,DEMOCRATIC,180,240,316,18,896
Anne Arundel,3,30A,006-024,GREEN,0,0,0,0,2
Anne Arundel,3,30A,006-024,LIBERTARIAN,3,1,0,1,10
Anne Arundel,3,30A,006-024,NO LABELS MARYLAND,2,1,2,0,5
Anne Arundel,3,30A,006-024,OTHER PARTIES,1,2,1,1,10
Anne Arundel,3,30A,006-024,REPUBLICAN,137,112,63,9,381
Anne Arundel,3,30A,006-024,UNAFFILIATED,110,75,91,16,394
Anne Arundel,3,30A,006-025,DEMOCRATIC,178,171,230,14,701
Anne Arundel,3,30A,006-025,GREEN,2,0,0,0,2
Anne Arundel,3,30A,006-025,LIBERTARIAN,1,1,0,0,6
Anne Arundel,3,30A,006-025,NO LABELS MARYLAND,0,0,1,0,1
Anne Arundel,3,30A,006-025,OTHER PARTIES,3,0,4,0,8
Anne Arundel,3,30A,006-025,REPUBLICAN,231,144,105,5,576
Anne Arundel,3,30A,006-025,UNAFFILIATED,123,63,79,6,351
Anne Arundel,3,33B,006-026,DEMOCRATIC,82,72,80,14,292
Anne Arundel,3,33B,006-026,GREEN,0,0,0,0,0
Anne Arundel,3,33B,006-026,LIBERTARIAN,1,2,2,0,7
Anne Arundel,3,33B,006-026,NO LABELS MARYLAND,0,0,1,0,1
Anne Arundel,3,33B,006-026,OTHER PARTIES,0,1,0,0,2
Anne Arundel,3,33B,006-026,REPUBLICAN,134,91,59,18,361
Anne Arundel,3,33B,006-026,UNAFFILIATED,57,34,57,14,209
Anne Arundel,3,33B,006-027,DEMOCRATIC,82,53,126,7,329
Anne Arundel,3,33B,006-027,GREEN,0,0,1,0,1
Anne Arundel,3,33B,006-027,LIBERTARIAN,2,1,2,0,7
Anne Arundel,3,33B,006-027,NO LABELS MARYLAND,0,0,2,0,2
Anne Arundel,3,33B,006-027,OTHER PARTIES,1,2,1,0,6
Anne Arundel,3,33B,006-027,REPUBLICAN,147,99,77,7,420
Anne Arundel,3,33B,006-027,UNAFFILIATED,71,34,61,2,219
Anne Arundel,3,33B,006-028,DEMOCRATIC,130,140,197,19,600
Anne Arundel,3,33B,006-028,GREEN,2,0,2,0,4
Anne Arundel,3,33B,006-028,LIBERTARIAN,4,0,2,0,9
Anne Arundel,3,33B,006-028,NO LABELS MARYLAND,1,0,0,0,2
Anne Arundel,3,33B,006-028,OTHER PARTIES,3,0,0,0,11
Anne Arundel,3,33B,006-028,REPUBLICAN,237,191,126,13,680
Anne Arundel,3,33B,006-028,UNAFFILIATED,99,77,88,8,371
Anne Arundel,3,30A,006-029,DEMOCRATIC,116,83,170,14,439
Anne Arundel,3,30A,006-029,GREEN,0,1,1,0,2
Anne Arundel,3,30A,006-029,LIBERTARIAN,3,1,3,1,9
Anne Arundel,3,30A,006-029,NO LABELS MARYLAND,0,1,1,0,3
Anne Arundel,3,30A,006-029,OTHER PARTIES,1,1,1,0,4
Anne Arundel,3,30A,006-029,REPUBLICAN,172,114,76,22,454
Anne Arundel,3,30A,006-029,UNAFFILIATED,75,38,48,14,220
Anne Arundel,3,30A,006-030,DEMOCRATIC,186,218,371,16,904
Anne Arundel,3,30A,006-030,GREEN,0,0,1,0,4
Anne Arundel,3,30A,006-030,LIBERTARIAN,3,3,3,0,11
Anne Arundel,3,30A,006-030,NO LABELS MARYLAND,0,1,1,0,2
Anne Arundel,3,30A,006-030,OTHER PARTIES,4,1,2,0,8
Anne Arundel,3,30A,006-030,REPUBLICAN,160,150,98,14,507
Anne Arundel,3,30A,006-030,UNAFFILIATED,113,100,108,10,438
Anne Arundel,3,33B,006-031,DEMOCRATIC,87,134,251,8,565
Anne Arundel,3,33B,006-031,GREEN,0,0,1,0,1
Anne Arundel,3,33B,006-031,LIBERTARIAN,1,2,1,0,7
Anne Arundel,3,33B,006-031,NO LABELS MARYLAND,0,0,0,0,0
Anne Arundel,3,33B,006-031,OTHER PARTIES,1,4,2,0,9
Anne Arundel,3,33B,006-031,REPUBLICAN,210,157,136,14,608
Anne Arundel,3,33B,006-031,UNAFFILIATED,86,60,106,17,357
Anne Arundel,3,30A,006-032,DEMOCRATIC,213,179,404,10,940
Anne Arundel,3,30A,006-032,GREEN,0,0,0,0,4
Anne Arundel,3,30A,006-032,LIBERTARIAN,3,2,2,0,10
Anne Arundel,3,30A,006-032,NO LABELS MARYLAND,0,1,0,0,1
Anne Arundel,3,30A,006-032,OTHER PARTIES,4,4,1,0,15
Anne Arundel,3,30A,006-032,REPUBLICAN,296,193,176,13,808
Anne Arundel,3,30A,006-032,UNAFFILIATED,162,78,153,12,544
Anne Arundel,3,33A,006-033,DEMOCRATIC,68,48,70,4,227
Anne Arundel,3,33A,006-033,GREEN,0,0,0,0,0
Anne Arundel,3,33A,006-033,LIBERTARIAN,1,1,0,0,2
Anne Arundel,3,33A,006-033,NO LABELS MARYLAND,0,0,0,0,0
Anne Arundel,3,33A,006-033,OTHER PARTIES,2,1,3,0,8
Anne Arundel,3,33A,006-033,REPUBLICAN,122,93,49,7,320
Anne Arundel,3,33A,006-033,UNAFFILIATED,63,37,22,1,168
Anne Arundel,3,31,006-034,DEMOCRATIC,29,17,22,3,86
Anne Arundel,3,31,006-034,GREEN,1,0,0,0,1
Anne Arundel,3,31,006-034,LIBERTARIAN,0,0,0,0,0
Anne Arundel,3,31,006-034,NO LABELS MARYLAND,0,0,0,0,0
Anne Arundel,3,31,006-034,OTHER PARTIES,1,1,0,0,3
Anne Arundel,3,31,006-034,REPUBLICAN,65,32,15,2,134
Anne Arundel,3,31,006-034,UNAFFILIATED,34,14,5,1,70
Anne Arundel,5,33B,006-035,DEMOCRATIC,0,2,0,0,2
Anne Arundel,5,33B,006-035,GREEN,0,0,0,0,0
Anne Arundel,5,33B,006-035,LIBERTARIAN,0,0,0,0,0
Anne Arundel,5,33B,006-035,NO LABELS MARYLAND,0,0,0,0,0
Anne Arundel,5,33B,006-035,OTHER PARTIES,0,0,0,0,0
Anne Arundel,5,33B,006-035,REPUBLICAN,3,0,0,0,5
Anne Arundel,5,33B,006-035,UNAFFILIATED,0,0,0,0,3
Anne Arundel,5,30B,007-001,DEMOCRATIC,165,254,277,8,858
Anne Arundel,5,30B,007-001,GREEN,0,3,0,0,6
Anne Arundel,5,30B,007-001,LIBERTARIAN,5,2,2,0,16
Anne Arundel,5,30B,007-001,NO LABELS MARYLAND,1,0,0,0,1
Anne Arundel,5,30B,007-001,OTHER PARTIES,7,4,11,1,29
Anne Arundel,5,30B,007-001,REPUBLICAN,351,544,126,27,1245
Anne Arundel,5,30B,007-001,UNAFFILIATED,149,187,126,17,669
Anne Arundel,5,30B,007-002,DEMOCRATIC,203,244,289,8,901
Anne Arundel,5,30B,007-002,GREEN,1,0,4,0,6
Anne Arundel,5,30B,007-002,LIBERTARIAN,7,2,2,1,15
Anne Arundel,5,30B,007-002,NO LABELS MARYLAND,1,0,1,0,7
Anne Arundel,5,30B,007-002,OTHER PARTIES,9,2,4,0,22
Anne Arundel,5,30B,007-002,REPUBLICAN,303,443,138,20,1095
Anne Arundel,5,30B,007-002,UNAFFILIATED,184,136,91,11,595
Anne Arundel,5,30B,007-003,DEMOCRATIC,188,179,212,20,702
Anne Arundel,5,30B,007-003,GREEN,2,1,0,0,4
Anne Arundel,5,30B,007-003,LIBERTARIAN,6,1,1,0,15
Anne Arundel,5,30B,007-003,NO LABELS MARYLAND,1,0,0,0,2
Anne Arundel,5,30B,007-003,OTHER PARTIES,3,3,1,0,13
Anne Arundel,5,30B,007-003,REPUBLICAN,203,247,87,15,660
Anne Arundel,5,30B,007-003,UNAFFILIATED,138,108,65,14,471
Anne Arundel,5,30B,007-004,DEMOCRATIC,98,196,229,20,615
Anne Arundel,5,30B,007-004,GREEN,0,0,1,0,2
Anne Arundel,5,30B,007-004,LIBERTARIAN,7,2,0,0,13
Anne Arundel,5,30B,007-004,NO LABELS MARYLAND,0,2,1,0,4
Anne Arundel,5,30B,007-004,OTHER PARTIES,3,2,0,1,10
Anne Arundel,5,30B,007-004,REPUBLICAN,227,312,117,27,782
Anne Arundel,5,30B,007-004,UNAFFILIATED,122,86,68,15,396
Anne Arundel,5,30A,007-005,DEMOCRATIC,272,389,362,22,1262
Anne Arundel,5,30A,007-005,GREEN,2,1,0,0,8
Anne Arundel,5,30A,007-005,LIBERTARIAN,12,11,2,0,37
Anne Arundel,5,30A,007-005,NO LABELS MARYLAND,2,0,2,0,7
Anne Arundel,5,30A,007-005,OTHER PARTIES,9,7,9,5,38
Anne Arundel,5,30A,007-005,REPUBLICAN,417,539,171,18,1413
Anne Arundel,5,30A,007-005,UNAFFILIATED,269,258,160,19,1048
Anne Arundel,5,30B,007-006,DEMOCRATIC,214,284,329,30,1016
Anne Arundel,5,30B,007-006,GREEN,1,0,0,0,2
Anne Arundel,5,30B,007-006,LIBERTARIAN,8,8,2,0,25
Anne Arundel,5,30B,007-006,NO LABELS MARYLAND,1,5,2,0,11
Anne Arundel,5,30B,007-006,OTHER PARTIES,6,6,3,1,21
Anne Arundel,5,30B,007-006,REPUBLICAN,470,532,182,34,1423
Anne Arundel,5,30B,007-006,UNAFFILIATED,213,186,163,19,853
Anne Arundel,5,33B,007-007,DEMOCRATIC,214,262,330,22,1005
Anne Arundel,5,33B,007-007,GREEN,1,0,0,0,2
Anne Arundel,5,33B,007-007,LIBERTARIAN,6,3,2,1,17
Anne Arundel,5,33B,007-007,NO LABELS MARYLAND,0,1,1,0,5
Anne Arundel,5,33B,007-007,OTHER PARTIES,8,3,1,0,19
Anne Arundel,5,33B,007-007,REPUBLICAN,433,543,243,15,1509
Anne Arundel,5,33B,007-007,UNAFFILIATED,264,182,170,29,879
Anne Arundel,5,30B,007-008,DEMOCRATIC,167,169,222,10,757
Anne Arundel,5,30B,007-008,GREEN,1,0,0,1,3
Anne Arundel,5,30B,007-008,LIBERTARIAN,2,0,0,1,8
Anne Arundel,5,30B,007-008,NO LABELS MARYLAND,0,0,0,0,4
Anne Arundel,5,30B,007-008,OTHER PARTIES,4,2,4,0,18
Anne Arundel,5,30B,007-008,REPUBLICAN,285,329,127,13,884
Anne Arundel,5,30B,007-008,UNAFFILIATED,145,102,70,4,503
Anne Arundel,5,30B,007-009,DEMOCRATIC,208,202,215,19,1028
Anne Arundel,5,30B,007-009,GREEN,2,0,0,0,5
Anne Arundel,5,30B,007-009,LIBERTARIAN,4,0,2,1,14
Anne Arundel,5,30B,007-009,NO LABELS MARYLAND,0,1,2,0,7
Anne Arundel,5,30B,007-009,OTHER PARTIES,4,3,2,0,31
Anne Arundel,5,30B,007-009,REPUBLICAN,252,233,88,9,850
Anne Arundel,5,30B,007-009,UNAFFILIATED,145,77,65,12,619
Anne Arundel,5,30B,007-010,DEMOCRATIC,192,182,232,13,727
Anne Arundel,5,30B,007-010,GREEN,1,1,0,0,2
Anne Arundel,5,30B,007-010,LIBERTARIAN,5,4,4,0,16
Anne Arundel,5,30B,007-010,NO LABELS MARYLAND,1,1,0,1,3
Anne Arundel,5,30B,007-010,OTHER PARTIES,6,1,2,0,15
Anne Arundel,5,30B,007-010,REPUBLICAN,348,392,140,23,1095
Anne Arundel,5,30B,007-010,UNAFFILIATED,232,155,104,8,657
Anne Arundel,5,30B,007-011,DEMOCRATIC,176,304,333,19,1017
Anne Arundel,5,30B,007-011,GREEN,0,0,2,0,5
Anne Arundel,5,30B,007-011,LIBERTARIAN,1,5,0,0,11
Anne Arundel,5,30B,007-011,NO LABELS MARYLAND,0,0,0,0,2
Anne Arundel,5,30B,007-011,OTHER PARTIES,6,5,2,0,18
Anne Arundel,5,30B,007-011,REPUBLICAN,336,415,196,11,1176
Anne Arundel,5,30B,007-011,UNAFFILIATED,190,181,156,22,769
Anne Arundel,5,33B,007-012,DEMOCRATIC,138,109,145,8,454
Anne Arundel,5,33B,007-012,GREEN,0,0,1,0,1
Anne Arundel,5,33B,007-012,LIBERTARIAN,6,0,2,0,9
Anne Arundel,5,33B,007-012,NO LABELS MARYLAND,0,0,2,0,2
Anne Arundel,5,33B,007-012,OTHER PARTIES,2,1,0,0,7
Anne Arundel,5,33B,007-012,REPUBLICAN,214,152,71,8,533
Anne Arundel,5,33B,007-012,UNAFFILIATED,135,53,41,8,313
Anne Arundel,5,33B,007-013,DEMOCRATIC,149,219,254,16,734
Anne Arundel,5,33B,007-013,GREEN,0,0,0,0,0
Anne Arundel,5,33B,007-013,LIBERTARIAN,3,3,1,0,15
Anne Arundel,5,33B,007-013,NO LABELS MARYLAND,1,1,0,0,2
Anne Arundel,5,33B,007-013,OTHER PARTIES,4,5,2,1,21
Anne Arundel,5,33B,007-013,REPUBLICAN,269,355,112,19,912
Anne Arundel,5,33B,007-013,UNAFFILIATED,152,136,172,9,626
Anne Arundel,5,33B,007-014,DEMOCRATIC,288,318,481,34,1327
Anne Arundel,5,33B,007-014,GREEN,1,0,3,0,4
Anne Arundel,5,33B,007-014,LIBERTARIAN,2,3,1,0,22
Anne Arundel,5,33B,007-014,NO LABELS MARYLAND,2,1,1,0,5
Anne Arundel,5,33B,007-014,OTHER PARTIES,4,2,4,1,19
Anne Arundel,5,33B,007-014,REPUBLICAN,280,421,231,21,1155
Anne Arundel,5,33B,007-014,UNAFFILIATED,239,183,229,25,910
Anne Arundel,5,33B,007-015,DEMOCRATIC,429,475,616,58,1867
Anne Arundel,5,33B,007-015,GREEN,2,0,0,0,5
Anne Arundel,5,33B,007-015,LIBERTARIAN,6,2,3,2,19
Anne Arundel,5,33B,007-015,NO LABELS MARYLAND,1,2,1,0,4
Anne Arundel,5,33B,007-015,OTHER PARTIES,6,8,6,1,33
Anne Arundel,5,33B,007-015,REPUBLICAN,364,385,197,26,1148
Anne Arundel,5,33B,007-015,UNAFFILIATED,276,253,243,31,1109
Anne Arundel,5,21,007-016,DEMOCRATIC,16,19,17,1,66
Anne Arundel,5,21,007-016,GREEN,0,0,0,0,0
Anne Arundel,5,21,007-016,LIBERTARIAN,0,1,0,0,1
Anne Arundel,5,21,007-016,NO LABELS MARYLAND,0,0,0,0,0
Anne Arundel,5,21,007-016,OTHER PARTIES,0,1,0,0,1
Anne Arundel,5,21,007-016,REPUBLICAN,23,13,8,1,54
Anne Arundel,5,21,007-016,UNAFFILIATED,12,19,16,0,69
Anne Arundel,5,33B,007-017,DEMOCRATIC,143,97,149,18,488
Anne Arundel,5,33B,007-017,GREEN,0,0,0,0,0
Anne Arundel,5,33B,007-017,LIBERTARIAN,5,2,3,0,15
Anne Arundel,5,33B,007-017,NO LABELS MARYLAND,1,0,1,0,3
Anne Arundel,5,33B,007-017,OTHER PARTIES,3,2,2,0,11
Anne Arundel,5,33B,007-017,REPUBLICAN,126,116,55,19,356
Anne Arundel,5,33B,007-017,UNAFFILIATED,95,72,61,13,325
Anne Arundel,5,21,007-018,DEMOCRATIC,254,246,265,19,946
Anne Arundel,5,21,007-018,GREEN,1,0,0,0,1
Anne Arundel,5,21,007-018,LIBERTARIAN,5,1,1,1,12
Anne Arundel,5,21,007-018,NO LABELS MARYLAND,0,2,1,0,3
Anne Arundel,5,21,007-018,OTHER PARTIES,3,2,2,0,15
Anne Arundel,5,21,007-018,REPUBLICAN,188,202,106,12,643
Anne Arundel,5,21,007-018,UNAFFILIATED,168,140,115,11,600
Anne Arundel,5,30B,007-019,DEMOCRATIC,80,122,163,18,462
Anne Arundel,5,30B,007-019,GREEN,0,1,0,1,1
Anne Arundel,5,30B,007-019,LIBERTARIAN,1,1,2,1,6
Anne Arundel,5,30B,007-019,NO LABELS MARYLAND,0,1,0,0,1
Anne Arundel,5,30B,007-019,OTHER PARTIES,0,2,2,1,5
Anne Arundel,5,30B,007-019,REPUBLICAN,204,297,103,35,710
Anne Arundel,5,30B,007-019,UNAFFILIATED,113,96,68,24,387
Anne Arundel,5,33B,007-020,DEMOCRATIC,237,209,171,42,835
Anne Arundel,5,33B,007-020,GREEN,1,0,0,1,1
Anne Arundel,5,33B,007-020,LIBERTARIAN,0,1,1,0,7
Anne Arundel,5,33B,007-020,NO LABELS MARYLAND,1,1,0,0,3
Anne Arundel,5,33B,007-020,OTHER PARTIES,5,1,1,1,10
Anne Arundel,5,33B,007-020,REPUBLICAN,167,114,49,7,427
Anne Arundel,5,33B,007-020,UNAFFILIATED,181,93,55,15,525
Anne Arundel,5,30B,007-021,DEMOCRATIC,162,209,249,16,793
Anne Arundel,5,30B,007-021,GREEN,0,1,0,0,1
Anne Arundel,5,30B,007-021,LIBERTARIAN,3,0,0,0,7
Anne Arundel,5,30B,007-021,NO LABELS MARYLAND,0,0,1,0,2
Anne Arundel,5,30B,007-021,OTHER PARTIES,2,4,1,0,17
Anne Arundel,5,30B,007-021,REPUBLICAN,318,508,161,17,1212
Anne Arundel,5,30B,007-021,UNAFFILIATED,156,136,90,11,578
Anne Arundel,5,33B,007-022,DEMOCRATIC,122,201,294,10,748
Anne Arundel,5,33B,007-022,GREEN,0,0,1,0,1
Anne Arundel,5,33B,007-022,LIBERTARIAN,3,7,4,0,18
Anne Arundel,5,33B,007-022,NO LABELS MARYLAND,1,2,1,0,4
Anne Arundel,5,33B,007-022,OTHER PARTIES,6,5,3,0,18
Anne Arundel,5,33B,007-022,REPUBLICAN,294,417,167,19,1041
Anne Arundel,5,33B,007-022,UNAFFILIATED,136,160,159,12,621
Anne Arundel,5,30B,007-023,DEMOCRATIC,161,275,384,15,992
Anne Arundel,5,30B,007-023,GREEN,0,0,2,0,3
Anne Arundel,5,30B,007-023,LIBERTARIAN,5,3,3,0,15
Anne Arundel,5,30B,007-023,NO LABELS MARYLAND,1,0,1,1,3
Anne Arundel,5,30B,007-023,OTHER PARTIES,4,8,3,0,24
Anne Arundel,5,30B,007-023,REPUBLICAN,301,442,182,28,1144
Anne Arundel,5,30B,007-023,UNAFFILIATED,182,183,181,11,746
Anne Arundel,5,21,007-024,DEMOCRATIC,270,234,302,9,974
Anne Arundel,5,21,007-024,GREEN,1,0,0,0,3
Anne Arundel,5,21,007-024,LIBERTARIAN,1,0,3,0,8
Anne Arundel,5,21,007-024,NO LABELS MARYLAND,2,0,0,0,2
Anne Arundel,5,21,007-024,OTHER PARTIES,5,4,2,1,16
Anne Arundel,5,21,007-024,REPUBLICAN,235,289,132,12,828
Anne Arundel,5,21,007-024,UNAFFILIATED,191,149,149,8,673
Anne Arundel,5,30B,007-025,DEMOCRATIC,184,178,225,6,721
Anne Arundel,5,30B,007-025,GREEN,0,0,1,0,3
Anne Arundel,5,30B,007-025,LIBERTARIAN,4,3,4,0,14
Anne Arundel,5,30B,007-025,NO LABELS MARYLAND,0,1,0,0,3
Anne Arundel,5,30B,007-025,OTHER PARTIES,5,4,0,0,23
Anne Arundel,5,30B,007-025,REPUBLICAN,298,408,93,5,941
Anne Arundel,5,30B,007-025,UNAFFILIATED,156,128,84,4,548
Anne Arundel,,,Unable to Determine,DEMOCRATIC,0,0,0,260,
Anne Arundel,,,Unable to Determine,GREEN,0,0,0,0,
Anne Arundel,,,Unable to Determine,LIBERTARIAN,0,0,0,3,
Anne Arundel,,,Unable to Determine,NO LABELS MARYLAND,0,0,0,0,
Anne Arundel,,,Unable to Determine,OTHER PARTIES,0,0,0,10,
Anne Arundel,,,Unable to Determine,REPUBLICAN,0,0,0,95,
Anne Arundel,,,Unable to Determine,UNAFFILIATED,0,0,0,94,
Baltimore City,7,46,001-001,DEMOCRATIC,280,211,250,62,1010
Baltimore City,7,46,001-001,GREEN,0,1,0,0,2
Baltimore City,7,46,001-001,LIBERTARIAN,6,1,1,0,14
Baltimore City,7,46,001-001,NO LABELS MARYLAND,0,0,0,0,1
Baltimore City,7,46,001-001,OTHER PARTIES,1,2,0,2,6
Baltimore City,7,46,001-001,REPUBLICAN,39,23,18,14,138
Baltimore City,7,46,001-001,UNAFFILIATED,86,38,47,21,299
Baltimore City,7,46,001-002,DEMOCRATIC,466,217,293,72,1408
Baltimore City,7,46,001-002,GREEN,3,0,1,0,10
Baltimore City,7,46,001-002,LIBERTARIAN,2,0,2,0,10
Baltimore City,7,46,001-002,NO LABELS MARYLAND,0,0,1,0,2
Baltimore City,7,46,001-002,OTHER PARTIES,4,1,0,0,13
Baltimore City,7,46,001-002,REPUBLICAN,51,6,12,9,206
Baltimore City,7,46,001-002,UNAFFILIATED,113,31,51,29,396
Baltimore City,7,46,001-003,DEMOCRATIC,276,181,293,56,973
Baltimore City,7,46,001-003,GREEN,0,0,2,0,2
Baltimore City,7,46,001-003,LIBERTARIAN,4,0,0,1,8
Baltimore City,7,46,001-003,NO LABELS MARYLAND,1,1,1,0,3
Baltimore City,7,46,001-003,OTHER PARTIES,1,1,1,0,6
Baltimore City,7,46,001-003,REPUBLICAN,69,37,23,23,247
Baltimore City,7,46,001-003,UNAFFILIATED,96,26,57,23,341
Baltimore City,7,46,001-004,DEMOCRATIC,403,251,373,107,1392
Baltimore City,7,46,001-004,GREEN,1,2,0,0,5
Baltimore City,7,46,001-004,LIBERTARIAN,7,0,1,1,14
Baltimore City,7,46,001-004,NO LABELS MARYLAND,0,1,0,1,1
Baltimore City,7,46,001-004,OTHER PARTIES,2,3,0,3,11
Baltimore City,7,46,001-004,REPUBLICAN,134,57,49,27,413
Baltimore City,7,46,001-004,UNAFFILIATED,139,58,98,34,554
Baltimore City,7,46,001-005,DEMOCRATIC,571,348,450,93,1742
Baltimore City,7,46,001-005,GREEN,1,0,0,0,4
Baltimore City,7,46,001-005,LIBERTARIAN,5,2,0,1,16
Baltimore City,7,46,001-005,NO LABELS MARYLAND,0,2,1,0,3
Baltimore City,7,46,001-005,OTHER PARTIES,4,1,2,3,14
Baltimore City,7,46,001-005,REPUBLICAN,205,61,56,26,499
Baltimore City,7,46,001-005,UNAFFILIATED,180,80,109,36,615
Baltimore City,7,46,002-001,DEMOCRATIC,220,121,183,79,792
Baltimore City,7,46,002-001,GREEN,0,0,0,0,2
Baltimore City,7,46,002-001,LIBERTARIAN,0,0,1,1,4
Baltimore City,7,46,002-001,NO LABELS MARYLAND,0,1,0,0,1
Baltimore City,7,46,002-001,OTHER PARTIES,2,0,0,2,6
Baltimore City,7,46,002-001,REPUBLICAN,20,11,8,4,90
Baltimore City,7,46,002-001,UNAFFILIATED,63,21,31,27,229
Baltimore City,7,46,002-002,DEMOCRATIC,365,149,244,55,1142
Baltimore City,7,46,002-002,GREEN,2,0,0,0,8
Baltimore City,7,46,002-002,LIBERTARIAN,4,0,1,0,8
Baltimore City,7,46,002-002,NO LABELS MARYLAND,2,0,0,0,3
Baltimore City,7,46,002-002,OTHER PARTIES,3,1,1,0,14
Baltimore City,7,46,002-002,REPUBLICAN,54,22,15,2,196
Baltimore City,7,46,002-002,UNAFFILIATED,111,22,39,21,348
Baltimore City,7,46,002-003,DEMOCRATIC,510,236,445,137,1788
Baltimore City,7,46,002-003,GREEN,1,0,0,1,4
Baltimore City,7,46,002-003,LIBERTARIAN,3,3,1,0,9
Baltimore City,7,46,002-003,NO LABELS MARYLAND,2,0,2,0,6
Baltimore City,7,46,002-003,OTHER PARTIES,7,1,5,2,24
Baltimore City,7,46,002-003,REPUBLICAN,91,25,32,25,333
Baltimore City,7,46,002-003,UNAFFILIATED,162,46,115,49,705
Baltimore City,7,46,003-001,DEMOCRATIC,126,57,60,72,652
Baltimore City,7,46,003-001,GREEN,1,0,0,0,1
Baltimore City,7,46,003-001,LIBERTARIAN,0,0,0,0,0
Baltimore City,7,46,003-001,NO LABELS MARYLAND,1,0,0,0,2
Baltimore City,7,46,003-001,OTHER PARTIES,5,0,1,4,17
Baltimore City,7,46,003-001,REPUBLICAN,5,1,1,12,61
Baltimore City,7,46,003-001,UNAFFILIATED,19,5,13,22,156
Baltimore City,7,46,003-002,DEMOCRATIC,117,47,49,7,601
Baltimore City,7,46,003-002,GREEN,1,0,0,0,2
Baltimore City,7,46,003-002,LIBERTARIAN,0,0,0,0,5
Baltimore City,7,46,003-002,NO LABELS MARYLAND,2,0,2,0,5
Baltimore City,7,46,003-002,OTHER PARTIES,3,0,0,0,30
Baltimore City,7,46,003-002,REPUBLICAN,11,9,6,4,99
Baltimore City,7,46,003-002,UNAFFILIATED,32,7,12,8,194
Baltimore City,7,46,003-003,DEMOCRATIC,405,182,380,92,1433
Baltimore City,7,46,003-003,GREEN,0,0,2,0,4
Baltimore City,7,46,003-003,LIBERTARIAN,3,2,2,1,18
Baltimore City,7,46,003-003,NO LABELS MARYLAND,1,0,2,0,3
Baltimore City,7,46,003-003,OTHER PARTIES,4,1,0,0,20
Baltimore City,7,46,003-003,REPUBLICAN,84,24,31,17,259
Baltimore City,7,46,003-003,UNAFFILIATED,163,44,101,45,611
Baltimore City,7,46,004-001,DEMOCRATIC,364,179,267,166,1465
Baltimore City,7,46,004-001,GREEN,2,0,2,1,8
Baltimore City,7,46,004-001,LIBERTARIAN,5,1,0,1,12
Baltimore City,7,46,004-001,NO LABELS MARYLAND,0,0,0,1,4
Baltimore City,7,46,004-001,OTHER PARTIES,3,3,3,3,19
Baltimore City,7,46,004-001,REPUBLICAN,36,7,18,9,159
Baltimore City,7,46,004-001,UNAFFILIATED,113,32,63,39,538
Baltimore City,7,40,004-002,DEMOCRATIC,422,168,232,237,1732
Baltimore City,7,40,004-002,GREEN,1,0,1,0,6
Baltimore City,7,40,004-002,LIBERTARIAN,4,1,0,0,13
Baltimore City,7,40,004-002,NO LABELS MARYLAND,1,0,0,0,7
Baltimore City,7,40,004-002,OTHER PARTIES,9,5,3,6,41
Baltimore City,7,40,004-002,REPUBLICAN,40,10,18,23,169
Baltimore City,7,40,004-002,UNAFFILIATED,137,42,60,54,595
Baltimore City,7,40,004-003,DEMOCRATIC,91,34,59,32,409
Baltimore City,7,40,004-003,GREEN,0,0,0,0,0
Baltimore City,7,40,004-003,LIBERTARIAN,0,0,0,0,0
Baltimore City,7,40,004-003,NO LABELS MARYLAND,0,0,0,0,0
Baltimore City,7,40,004-003,OTHER PARTIES,0,0,0,0,5
Baltimore City,7,40,004-003,REPUBLICAN,2,1,0,1,15
Baltimore City,7,40,004-003,UNAFFILIATED,11,4,3,6,71
Baltimore City,7,46,005-001,DEMOCRATIC,187,41,69,43,1020
Baltimore City,7,46,005-001,GREEN,0,0,0,0,0
Baltimore City,7,46,005-001,LIBERTARIAN,0,0,0,0,3
Baltimore City,7,46,005-001,NO LABELS MARYLAND,0,0,0,1,2
Baltimore City,7,46,005-001,OTHER PARTIES,0,1,5,3,16
Baltimore City,7,46,005-001,REPUBLICAN,4,1,4,2,83
Baltimore City,7,46,005-001,UNAFFILIATED,18,4,7,12,190
Baltimore City,7,45,005-002,DEMOCRATIC,61,12,31,145,218
Baltimore City,7,45,005-002,GREEN,1,0,0,0,1
Baltimore City,7,45,005-002,LIBERTARIAN,0,0,0,0,1
Baltimore City,7,45,005-002,NO LABELS MARYLAND,0,0,0,0,0
Baltimore City,7,45,005-002,OTHER PARTIES,1,0,0,5,5
Baltimore City,7,45,005-002,REPUBLICAN,2,0,1,4,9
Baltimore City,7,45,005-002,UNAFFILIATED,6,1,2,23,33
Baltimore City,7,46,006-001,DEMOCRATIC,8,3,3,45,44
Baltimore City,7,46,006-001,GREEN,0,0,0,0,0
Baltimore City,7,46,006-001,LIBERTARIAN,0,0,0,1,0
Baltimore City,7,46,006-001,NO LABELS MARYLAND,0,0,0,0,0
Baltimore City,7,46,006-001,OTHER PARTIES,0,0,0,0,4
Baltimore City,7,46,006-001,REPUBLICAN,1,1,0,3,5
Baltimore City,7,46,006-001,UNAFFILIATED,3,3,1,16,16
Baltimore City,7,45,006-002,DEMOCRATIC,299,128,146,36,1300
Baltimore City,7,45,006-002,GREEN,0,0,1,0,1
Baltimore City,7,45,006-002,LIBERTARIAN,0,0,0,0,7
Baltimore City,7,45,006-002,NO LABELS MARYLAND,1,1,0,0,5
Baltimore City,7,45,006-002,OTHER PARTIES,9,1,2,1,54
Baltimore City,7,45,006-002,REPUBLICAN,10,9,4,3,89
Baltimore City,7,45,006-002,UNAFFILIATED,55,19,23,13,305
Baltimore City,7,45,006-003,DEMOCRATIC,73,44,54,15,388
Baltimore City,7,45,006-003,GREEN,0,0,0,0,0
Baltimore City,7,45,006-003,LIBERTARIAN,0,0,0,0,0
Baltimore City,7,45,006-003,NO LABELS MARYLAND,0,0,0,0,2
Baltimore City,7,45,006-003,OTHER PARTIES,1,1,0,1,7
Baltimore City,7,45,006-003,REPUBLICAN,2,3,2,0,25
Baltimore City,7,45,006-003,UNAFFILIATED,12,4,6,3,81
Baltimore City,7,46,006-004,DEMOCRATIC,165,143,210,48,834
Baltimore City,7,46,006-004,GREEN,0,0,0,0,2
Baltimore City,7,46,006-004,LIBERTARIAN,1,0,0,0,3
Baltimore City,7,46,006-004,NO LABELS MARYLAND,0,0,0,0,1
Baltimore City,7,46,006-004,OTHER PARTIES,4,0,1,1,13
Baltimore City,7,46,006-004,REPUBLICAN,11,10,7,3,65
Baltimore City,7,46,006-004,UNAFFILIATED,42,22,36,18,233
Baltimore City,7,46,006-005,DEMOCRATIC,500,394,434,47,1910
Baltimore City,7,46,006-005,GREEN,1,0,1,0,6
Baltimore City,7,46,006-005,LIBERTARIAN,0,0,1,0,7
Baltimore City,7,46,006-005,NO LABELS MARYLAND,4,0,1,0,6
Baltimore City,7,46,006-005,OTHER PARTIES,3,1,2,0,19
Baltimore City,7,46,006-005,REPUBLICAN,39,20,17,1,161
Baltimore City,7,46,006-005,UNAFFILIATED,119,76,57,15,493
Baltimore City,7,45,007-001,DEMOCRATIC,165,52,93,16,764
Baltimore City,7,45,007-001,GREEN,0,0,0,0,2
Baltimore City,7,45,007-001,LIBERTARIAN,0,0,0,0,3
Baltimore City,7,45,007-001,NO LABELS MARYLAND,0,0,0,0,0
Baltimore City,7,45,007-001,OTHER PARTIES,1,0,0,0,20
Baltimore City,7,45,007-001,REPUBLICAN,6,3,4,0,41
Baltimore City,7,45,007-001,UNAFFILIATED,18,12,11,5,149
Baltimore City,7,45,007-002,DEMOCRATIC,59,28,38,50,244
Baltimore City,7,45,007-002,GREEN,0,0,0,0,1
Baltimore City,7,45,007-002,LIBERTARIAN,0,0,0,1,1
Baltimore City,7,45,007-002,NO LABELS MARYLAND,0,0,0,1,0
Baltimore City,7,45,007-002,OTHER PARTIES,1,0,0,2,2
Baltimore City,7,45,007-002,REPUBLICAN,5,1,1,3,21
Baltimore City,7,45,007-002,UNAFFILIATED,8,5,7,11,59
Baltimore City,7,45,007-003,DEMOCRATIC,340,140,130,97,1526
Baltimore City,7,45,007-003,GREEN,3,0,0,1,7
Baltimore City,7,45,007-003,LIBERTARIAN,0,1,0,0,3
Baltimore City,7,45,007-003,NO LABELS MARYLAND,0,0,0,2,3
Baltimore City,7,45,007-003,OTHER PARTIES,5,3,1,2,54
Baltimore City,7,45,007-003,REPUBLICAN,13,5,5,4,90
Baltimore City,7,45,007-003,UNAFFILIATED,50,9,10,14,305
Baltimore City,7,45,007-004,DEMOCRATIC,269,126,145,55,1433
Baltimore City,7,45,007-004,GREEN,0,0,0,0,5
Baltimore City,7,45,007-004,LIBERTARIAN,0,1,0,1,2
Baltimore City,7,45,007-004,NO LABELS MARYLAND,0,0,1,0,4
Baltimore City,7,45,007-004,OTHER PARTIES,3,3,0,0,40
Baltimore City,7,45,007-004,REPUBLICAN,10,6,3,1,85
Baltimore City,7,45,007-004,UNAFFILIATED,37,18,6,4,314
Baltimore City,7,45,008-001,DEMOCRATIC,35,17,20,24,95
Baltimore City,7,45,008-001,GREEN,0,0,1,0,1
Baltimore City,7,45,008-001,LIBERTARIAN,0,0,0,1,1
Baltimore City,7,45,008-001,NO LABELS MARYLAND,0,0,0,0,0
Baltimore City,7,45,008-001,OTHER PARTIES,0,0,0,1,0
Baltimore City,7,45,008-001,REPUBLICAN,0,0,5,1,5
Baltimore City,7,45,008-001,UNAFFILIATED,2,2,1,7,8
Baltimore City,7,45,008-002,DEMOCRATIC,269,164,104,26,1122
Baltimore City,7,45,008-002,GREEN,1,0,0,0,4
Baltimore City,7,45,008-002,LIBERTARIAN,1,0,0,0,3
Baltimore City,7,45,008-002,NO LABELS MARYLAND,0,0,0,0,3
Baltimore City,7,45,008-002,OTHER PARTIES,2,2,0,0,21
Baltimore City,7,45,008-002,REPUBLICAN,14,4,1,4,73
Baltimore City,7,45,008-002,UNAFFILIATED,41,10,14,3,199
Baltimore City,7,45,008-003,DEMOCRATIC,267,129,110,77,1215
Baltimore City,7,45,008-003,GREEN,0,1,1,0,5
Baltimore City,7,45,008-003,LIBERTARIAN,2,0,0,0,3
Baltimore City,7,45,008-003,NO LABELS MARYLAND,0,0,1,0,4
Baltimore City,7,45,008-003,OTHER PARTIES,3,2,0,4,23
Baltimore City,7,45,008-003,REPUBLICAN,10,5,2,3,72
Baltimore City,7,45,008-003,UNAFFILIATED,40,8,16,17,239
Baltimore City,7,45,008-004,DEMOCRATIC,62,18,23,25,270
Baltimore City,7,45,008-004,GREEN,0,0,0,0,1
Baltimore City,7,45,008-004,LIBERTARIAN,0,0,0,0,0
Baltimore City,7,45,008-004,NO LABELS MARYLAND,0,0,0,0,1
Baltimore City,7,45,008-004,OTHER PARTIES,2,0,0,0,11
Baltimore City,7,45,008-004,REPUBLICAN,1,1,0,0,15
Baltimore City,7,45,008-004,UNAFFILIATED,6,1,2,3,43
Baltimore City,7,45,008-005,DEMOCRATIC,250,98,102,60,1155
Baltimore City,7,45,008-005,GREEN,0,0,0,0,2
Baltimore City,7,45,008-005,LIBERTARIAN,0,2,0,1,4
Baltimore City,7,45,008-005,NO LABELS MARYLAND,1,1,0,0,4
Baltimore City,7,45,008-005,OTHER PARTIES,1,2,0,1,25
Baltimore City,7,45,008-005,REPUBLICAN,10,3,1,2,58
Baltimore City,7,45,008-005,UNAFFILIATED,25,4,9,4,168
Baltimore City,7,45,008-006,DEMOCRATIC,379,190,177,111,1645
Baltimore City,7,45,008-006,GREEN,1,0,0,0,4
Baltimore City,7,45,008-006,LIBERTARIAN,1,0,0,1,5
Baltimore City,7,45,008-006,NO LABELS MARYLAND,2,0,1,1,7
Baltimore City,7,45,008-006,OTHER PARTIES,7,0,2,5,36
Baltimore City,7,45,008-006,REPUBLICAN,13,5,1,5,83
Baltimore City,7,45,008-006,UNAFFILIATED,73,13,21,28,309
Baltimore City,7,45,008-007,DEMOCRATIC,254,71,69,62,1059
Baltimore City,7,45,008-007,GREEN,0,0,0,0,4
Baltimore City,7,45,008-007,LIBERTARIAN,1,0,0,2,5
Baltimore City,7,45,008-007,NO LABELS MARYLAND,1,0,0,0,3
Baltimore City,7,45,008-007,OTHER PARTIES,4,0,0,0,19
Baltimore City,7,45,008-007,REPUBLICAN,6,4,2,4,58
Baltimore City,7,45,008-007,UNAFFILIATED,38,10,6,9,188
Baltimore City,7,45,008-008,DEMOCRATIC,283,114,134,14,716
Baltimore City,7,45,008-008,GREEN,0,0,1,0,2
Baltimore City,7,45,008-008,LIBERTARIAN,1,0,0,1,3
Baltimore City,7,45,008-008,NO LABELS MARYLAND,0,0,0,0,1
Baltimore City,7,45,008-008,OTHER PARTIES,2,1,0,0,6
Baltimore City,7,45,008-008,REPUBLICAN,23,14,10,0,67
Baltimore City,7,45,008-008,UNAFFILIATED,44,14,10,1,104
Baltimore City,7,45,008-009,DEMOCRATIC,19,4,6,0,52
Baltimore City,7,45,008-009,GREEN,0,0,0,0,0
Baltimore City,7,45,008-009,LIBERTARIAN,0,0,0,0,0
Baltimore City,7,45,008-009,NO LABELS MARYLAND,0,0,0,0,1
Baltimore City,7,45,008-009,OTHER PARTIES,0,0,0,0,0
Baltimore City,7,45,008-009,REPUBLICAN,0,0,2,0,4
Baltimore City,7,45,008-009,UNAFFILIATED,2,0,0,0,13
Baltimore City,7,45,008-010,DEMOCRATIC,476,219,289,97,2131
Baltimore City,7,45,008-010,GREEN,1,0,0,0,5
Baltimore City,7,45,008-010,LIBERTARIAN,0,1,0,0,2
Baltimore City,7,45,008-010,NO LABELS MARYLAND,2,1,0,1,5
Baltimore City,7,45,008-010,OTHER PARTIES,6,1,0,3,35
Baltimore City,7,45,008-010,REPUBLICAN,15,9,2,4,104
Baltimore City,7,45,008-010,UNAFFILIATED,47,10,9,15,284
Baltimore City,7,45,008-011,DEMOCRATIC,75,23,29,45,335
Baltimore City,7,45,008-011,GREEN,0,0,0,0,2
Baltimore City,7,45,008-011,LIBERTARIAN,0,0,0,0,2
Baltimore City,7,45,008-011,NO LABELS MARYLAND,0,0,1,0,2
Baltimore City,7,45,008-011,OTHER PARTIES,0,1,0,0,3
Baltimore City,7,45,008-011,REPUBLICAN,1,2,0,0,29
Baltimore City,7,45,008-011,UNAFFILIATED,5,3,2,2,53
Baltimore City,7,43A,009-001,DEMOCRATIC,97,78,56,41,526
Baltimore City,7,43A,009-001,GREEN,0,0,0,0,0
Baltimore City,7,43A,009-001,LIBERTARIAN,0,0,0,0,1
Baltimore City,7,43A,009-001,NO LABELS MARYLAND,0,0,0,0,0
Baltimore City,7,43A,009-001,OTHER PARTIES,3,0,1,5,11
Baltimore City,7,43A,009-001,REPUBLICAN,6,3,1,3,26
Baltimore City,7,43A,009-001,UNAFFILIATED,14,5,3,4,90
Baltimore City,7,43A,009-002,DEMOCRATIC,217,81,107,50,787
Baltimore City,7,43A,009-002,GREEN,0,1,1,0,8
Baltimore City,7,43A,009-002,LIBERTARIAN,0,0,0,0,2
Baltimore City,7,43A,009-002,NO LABELS MARYLAND,0,0,0,0,1
Baltimore City,7,43A,009-002,OTHER PARTIES,2,0,1,0,14
Baltimore City,7,43A,009-002,REPUBLICAN,8,6,2,2,40
Baltimore City,7,43A,009-002,UNAFFILIATED,34,9,14,3,165
Baltimore City,7,43A,009-003,DEMOCRATIC,353,130,162,62,1070
Baltimore City,7,43A,009-003,GREEN,1,0,0,0,2
Baltimore City,7,43A,009-003,LIBERTARIAN,1,1,0,0,5
Baltimore City,7,43A,009-003,NO LABELS MARYLAND,1,0,2,0,4
Baltimore City,7,43A,009-003,OTHER PARTIES,0,1,3,1,13
Baltimore City,7,43A,009-003,REPUBLICAN,13,7,3,6,51
Baltimore City,7,43A,009-003,UNAFFILIATED,44,9,27,5,178
Baltimore City,7,43A,009-004,DEMOCRATIC,450,303,441,63,1770
Baltimore City,7,43A,009-004,GREEN,0,3,1,0,6
Baltimore City,7,43A,009-004,LIBERTARIAN,1,1,0,0,6
Baltimore City,7,43A,009-004,NO LABELS MARYLAND,1,1,0,0,2
Baltimore City,7,43A,009-004,OTHER PARTIES,3,1,2,1,14
Baltimore City,7,43A,009-004,REPUBLICAN,24,11,13,2,68
Baltimore City,7,43A,009-004,UNAFFILIATED,64,32,41,9,247
Baltimore City,7,43A,009-005,DEMOCRATIC,250,309,336,80,1341
Baltimore City,7,43A,009-005,GREEN,0,1,1,0,3
Baltimore City,7,43A,009-005,LIBERTARIAN,1,0,0,1,1
Baltimore City,7,43A,009-005,NO LABELS MARYLAND,1,0,0,1,2
Baltimore City,7,43A,009-005,OTHER PARTIES,2,4,0,0,18
Baltimore City,7,43A,009-005,REPUBLICAN,13,9,7,1,65
Baltimore City,7,43A,009-005,UNAFFILIATED,34,29,33,31,191
Baltimore City,7,43A,009-006,DEMOCRATIC,453,444,349,35,1939
Baltimore City,7,43A,009-006,GREEN,0,0,0,0,3
Baltimore City,7,43A,009-006,LIBERTARIAN,2,1,1,0,5
Baltimore City,7,43A,009-006,NO LABELS MARYLAND,1,0,1,0,2
Baltimore City,7,43A,009-006,OTHER PARTIES,6,3,3,1,27
Baltimore City,7,43A,009-006,REPUBLICAN,10,9,5,3,74
Baltimore City,7,43A,009-006,UNAFFILIATED,66,32,20,13,275
Baltimore City,7,45,009-007,DEMOCRATIC,202,137,153,31,945
Baltimore City,7,45,009-007,GREEN,1,0,0,0,8
Baltimore City,7,45,009-007,LIBERTARIAN,0,2,0,0,4
Baltimore City,7,45,009-007,NO LABELS MARYLAND,1,1,2,0,5
Baltimore City,7,45,009-007,OTHER PARTIES,2,0,1,0,15
Baltimore City,7,45,009-007,REPUBLICAN,11,4,0,0,44
Baltimore City,7,45,009-007,UNAFFILIATED,33,13,10,5,142
Baltimore City,7,45,009-008,DEMOCRATIC,217,153,138,77,1290
Baltimore City,7,45,009-008,GREEN,0,1,0,0,4
Baltimore City,7,45,009-008,LIBERTARIAN,0,1,1,0,5
Baltimore City,7,45,009-008,NO LABELS MARYLAND,1,0,1,0,6
Baltimore City,7,45,009-008,OTHER PARTIES,5,3,0,3,28
Baltimore City,7,45,009-008,REPUBLICAN,6,5,1,7,71
Baltimore City,7,45,009-008,UNAFFILIATED,30,15,7,19,218
Baltimore City,7,43A,009-009,DEMOCRATIC,165,78,78,20,651
Baltimore City,7,43A,009-009,GREEN,0,0,0,0,0
Baltimore City,7,43A,009-009,LIBERTARIAN,0,0,0,0,1
Baltimore City,7,43A,009-009,NO LABELS MARYLAND,0,0,0,1,1
Baltimore City,7,43A,009-009,OTHER PARTIES,1,0,0,1,12
Baltimore City,7,43A,009-009,REPUBLICAN,8,1,2,0,35
Baltimore City,7,43A,009-009,UNAFFILIATED,28,8,5,2,123
Baltimore City,7,43A,009-010,DEMOCRATIC,262,88,124,61,911
Baltimore City,7,43A,009-010,GREEN,1,0,1,0,4
Baltimore City,7,43A,009-010,LIBERTARIAN,1,0,0,0,1
Baltimore City,7,43A,009-010,NO LABELS MARYLAND,0,0,0,3,2
Baltimore City,7,43A,009-010,OTHER PARTIES,3,0,3,0,17
Baltimore City,7,43A,009-010,REPUBLICAN,10,4,6,6,52
Baltimore City,7,43A,009-010,UNAFFILIATED,37,4,18,7,163
Baltimore City,7,43A,009-011,DEMOCRATIC,45,16,16,4,253
Baltimore City,7,43A,009-011,GREEN,0,0,0,0,0
Baltimore City,7,43A,009-011,LIBERTARIAN,0,0,0,0,1
Baltimore City,7,43A,009-011,NO LABELS MARYLAND,0,0,0,0,0
Baltimore City,7,43A,009-011,OTHER PARTIES,1,0,0,5,1
Baltimore City,7,43A,009-011,REPUBLICAN,1,0,0,0,16
Baltimore City,7,43A,009-011,UNAFFILIATED,11,2,3,2,41
Baltimore City,7,43A,009-012,DEMOCRATIC,149,111,62,13,784
Baltimore City,7,43A,009-012,GREEN,0,0,0,0,1
Baltimore City,7,43A,009-012,LIBERTARIAN,0,0,0,0,2
Baltimore City,7,43A,009-012,NO LABELS MARYLAND,1,1,0,0,5
Baltimore City,7,43A,009-012,OTHER PARTIES,0,0,0,1,11
Baltimore City,7,43A,009-012,REPUBLICAN,8,2,4,0,39
Baltimore City,7,43A,009-012,UNAFFILIATED,30,10,6,4,140
Baltimore City,7,45,009-013,DEMOCRATIC,154,51,53,107,644
Baltimore City,7,45,009-013,GREEN,0,0,0,0,2
Baltimore City,7,45,009-013,LIBERTARIAN,0,0,0,0,6
Baltimore City,7,45,009-013,NO LABELS MARYLAND,1,1,0,0,4
Baltimore City,7,45,009-013,OTHER PARTIES,0,0,0,1,12
Baltimore City,7,45,009-013,REPUBLICAN,4,1,1,5,35
Baltimore City,7,45,009-013,UNAFFILIATED,21,2,7,7,113
Baltimore City,7,43A,009-014,DEMOCRATIC,200,54,61,8,710
Baltimore City,7,43A,009-014,GREEN,0,0,0,0,2
Baltimore City,7,43A,009-014,LIBERTARIAN,1,0,0,0,4
Baltimore City,7,43A,009-014,NO LABELS MARYLAND,1,0,0,0,3
Baltimore City,7,43A,009-014,OTHER PARTIES,1,0,1,0,21
Baltimore City,7,43A,009-014,REPUBLICAN,8,7,0,0,45
Baltimore City,7,43A,009-014,UNAFFILIATED,26,6,8,2,150
Baltimore City,7,45,009-015,DEMOCRATIC,252,106,136,28,1267
Baltimore City,7,45,009-015,GREEN,0,0,0,0,2
Baltimore City,7,45,009-015,LIBERTARIAN,1,1,0,0,3
Baltimore City,7,45,009-015,NO LABELS MARYLAND,0,0,0,0,2
Baltimore City,7,45,009-015,OTHER PARTIES,3,1,0,0,36
Baltimore City,7,45,009-015,REPUBLICAN,13,0,2,0,67
Baltimore City,7,45,009-015,UNAFFILIATED,30,9,14,9,224
Baltimore City,7,45,010-001,DEMOCRATIC,223,83,84,77,798
Baltimore City,7,45,010-001,GREEN,1,0,0,0,2
Baltimore City,7,45,010-001,LIBERTARIAN,0,0,0,0,3
Baltimore City,7,45,010-001,NO LABELS MARYLAND,0,0,0,0,2
Baltimore City,7,45,010-001,OTHER PARTIES,3,1,0,3,15
Baltimore City,7,45,010-001,REPUBLICAN,4,1,1,2,34
Baltimore City,7,45,010-001,UNAFFILIATED,24,10,3,10,106
Baltimore City,7,45,010-002,DEMOCRATIC,206,55,107,65,905
Baltimore City,7,45,010-002,GREEN,0,0,0,0,0
Baltimore City,7,45,010-002,LIBERTARIAN,0,0,0,0,1
Baltimore City,7,45,010-002,NO LABELS MARYLAND,1,0,0,0,3
Baltimore City,7,45,010-002,OTHER PARTIES,1,0,0,3,19
Baltimore City,7,45,010-002,REPUBLICAN,6,2,2,4,40
Baltimore City,7,45,010-002,UNAFFILIATED,19,3,3,12,152
Baltimore City,7,46,010-003,DEMOCRATIC,52,14,15,27,425
Baltimore City,7,46,010-003,GREEN,0,0,0,0,1
Baltimore City,7,46,010-003,LIBERTARIAN,0,0,1,0,4
Baltimore City,7,46,010-003,NO LABELS MARYLAND,0,0,1,1,3
Baltimore City,7,46,010-003,OTHER PARTIES,1,1,0,1,23
Baltimore City,7,46,010-003,REPUBLICAN,4,0,4,1,35
Baltimore City,7,46,010-003,UNAFFILIATED,5,5,1,9,87
Baltimore City,7,45,010-004,DEMOCRATIC,98,24,68,11,465
Baltimore City,7,45,010-004,GREEN,0,0,0,0,1
Baltimore City,7,45,010-004,LIBERTARIAN,0,0,0,0,2
Baltimore City,7,45,010-004,NO LABELS MARYLAND,0,0,2,0,2
Baltimore City,7,45,010-004,OTHER PARTIES,0,0,1,0,12
Baltimore City,7,45,010-004,REPUBLICAN,2,1,2,2,26
Baltimore City,7,45,010-004,UNAFFILIATED,19,2,3,1,81
Baltimore City,7,40,011-001,DEMOCRATIC,315,155,268,149,1110
Baltimore City,7,40,011-001,GREEN,1,0,1,2,3
Baltimore City,7,40,011-001,LIBERTARIAN,1,2,0,0,6
Baltimore City,7,40,011-001,NO LABELS MARYLAND,2,1,0,2,4
Baltimore City,7,40,011-001,OTHER PARTIES,1,1,0,4,11
Baltimore City,7,40,011-001,REPUBLICAN,16,8,10,7,69
Baltimore City,7,40,011-001,UNAFFILIATED,69,22,47,43,279
Baltimore City,7,40,011-002,DEMOCRATIC,117,27,59,40,384
Baltimore City,7,40,011-002,GREEN,0,0,0,0,1
Baltimore City,7,40,011-002,LIBERTARIAN,2,0,0,0,3
Baltimore City,7,40,011-002,NO LABELS MARYLAND,0,0,0,0,0
Baltimore City,7,40,011-002,OTHER PARTIES,3,1,0,2,9
Baltimore City,7,40,011-002,REPUBLICAN,8,0,2,0,23
Baltimore City,7,40,011-002,UNAFFILIATED,20,3,10,13,76
Baltimore City,7,40,011-003,DEMOCRATIC,331,106,278,70,1093
Baltimore City,7,40,011-003,GREEN,3,0,0,0,6
Baltimore City,7,40,011-003,LIBERTARIAN,1,0,0,0,5
Baltimore City,7,40,011-003,NO LABELS MARYLAND,0,0,0,0,0
Baltimore City,7,40,011-003,OTHER PARTIES,3,0,0,0,9
Baltimore City,7,40,011-003,REPUBLICAN,14,8,9,1,63
Baltimore City,7,40,011-003,UNAFFILIATED,55,15,24,18,232
Baltimore City,7,40,011-004,DEMOCRATIC,18,6,2,74,53
Baltimore City,7,40,011-004,GREEN,0,0,0,0,0
Baltimore City,7,40,011-004,LIBERTARIAN,0,0,0,0,0
Baltimore City,7,40,011-004,NO LABELS MARYLAND,0,0,0,0,0
Baltimore City,7,40,011-004,OTHER PARTIES,1,0,0,4,2
Baltimore City,7,40,011-004,REPUBLICAN,0,0,0,4,2
Baltimore City,7,40,011-004,UNAFFILIATED,3,1,0,12,11
Baltimore City,7,40,011-005,DEMOCRATIC,371,170,268,50,1571
Baltimore City,7,40,011-005,GREEN,2,0,1,0,7
Baltimore City,7,40,011-005,LIBERTARIAN,2,0,0,1,5
Baltimore City,7,40,011-005,NO LABELS MARYLAND,2,0,1,0,5
Baltimore City,7,40,011-005,OTHER PARTIES,2,1,1,1,19
Baltimore City,7,40,011-005,REPUBLICAN,11,7,7,1,80
Baltimore City,7,40,011-005,UNAFFILIATED,89,25,39,13,379
Baltimore City,7,46,011-006,DEMOCRATIC,387,115,287,136,1364
Baltimore City,7,46,011-006,GREEN,2,1,0,0,6
Baltimore City,7,46,011-006,LIBERTARIAN,1,1,2,2,14
Baltimore City,7,46,011-006,NO LABELS MARYLAND,0,0,0,1,3
Baltimore City,7,46,011-006,OTHER PARTIES,1,0,2,5,14
Baltimore City,7,46,011-006,REPUBLICAN,21,12,15,10,116
Baltimore City,7,46,011-006,UNAFFILIATED,68,16,44,42,333
Baltimore City,7,46,011-007,DEMOCRATIC,307,122,227,96,1022
Baltimore City,7,46,011-007,GREEN,3,2,1,0,9
Baltimore City,7,46,011-007,LIBERTARIAN,1,1,0,0,6
Baltimore City,7,46,011-007,NO LABELS MARYLAND,1,0,0,3,3
Baltimore City,7,46,011-007,OTHER PARTIES,4,0,1,2,18
Baltimore City,7,46,011-007,REPUBLICAN,16,6,13,7,83
Baltimore City,7,46,011-007,UNAFFILIATED,78,26,39,21,313
Baltimore City,7,43A,012-001,DEMOCRATIC,482,203,803,120,1958
Baltimore City,7,43A,012-001,GREEN,1,1,0,1,4
Baltimore City,7,43A,012-001,LIBERTARIAN,3,0,0,0,6
Baltimore City,7,43A,012-001,NO LABELS MARYLAND,0,0,0,1,0
Baltimore City,7,43A,012-001,OTHER PARTIES,4,1,3,0,15
Baltimore City,7,43A,012-001,REPUBLICAN,57,17,45,7,189
Baltimore City,7,43A,012-001,UNAFFILIATED,94,35,92,34,422
Baltimore City,7,43A,012-002,DEMOCRATIC,62,38,45,8,194
Baltimore City,7,43A,012-002,GREEN,0,0,0,0,0
Baltimore City,7,43A,012-002,LIBERTARIAN,0,0,1,1,4
Baltimore City,7,43A,012-002,NO LABELS MARYLAND,0,0,0,0,0
Baltimore City,7,43A,012-002,OTHER PARTIES,2,0,0,0,3
Baltimore City,7,43A,012-002,REPUBLICAN,10,1,8,1,32
Baltimore City,7,43A,012-002,UNAFFILIATED,6,5,11,1,45
Baltimore City,7,43A,012-003,DEMOCRATIC,215,39,109,27,475
Baltimore City,7,43A,012-003,GREEN,2,0,0,2,3
Baltimore City,7,43A,012-003,LIBERTARIAN,0,0,0,0,2
Baltimore City,7,43A,012-003,NO LABELS MARYLAND,0,0,0,0,0
Baltimore City,7,43A,012-003,OTHER PARTIES,3,0,0,0,7
Baltimore City,7,43A,012-003,REPUBLICAN,3,3,5,1,29
Baltimore City,7,43A,012-003,UNAFFILIATED,33,8,16,8,114
Baltimore City,7,43A,012-004,DEMOCRATIC,224,68,219,227,957
Baltimore City,7,43A,012-004,GREEN,0,0,0,0,4
Baltimore City,7,43A,012-004,LIBERTARIAN,1,0,0,3,5
Baltimore City,7,43A,012-004,NO LABELS MARYLAND,2,0,0,3,2
Baltimore City,7,43A,012-004,OTHER PARTIES,2,0,1,2,12
Baltimore City,7,43A,012-004,REPUBLICAN,13,3,5,22,76
Baltimore City,7,43A,012-004,UNAFFILIATED,51,13,41,95,314
Baltimore City,7,43A,012-005,DEMOCRATIC,261,97,232,77,886
Baltimore City,7,43A,012-005,GREEN,0,0,3,0,13
Baltimore City,7,43A,012-005,LIBERTARIAN,2,0,0,0,3
Baltimore City,7,43A,012-005,NO LABELS MARYLAND,0,0,0,1,1
Baltimore City,7,43A,012-005,OTHER PARTIES,2,1,1,0,9
Baltimore City,7,43A,012-005,REPUBLICAN,5,2,2,4,42
Baltimore City,7,43A,012-005,UNAFFILIATED,39,5,25,17,191
Baltimore City,7,43A,012-006,DEMOCRATIC,226,58,164,179,633
Baltimore City,7,43A,012-006,GREEN,1,0,1,3,6
Baltimore City,7,43A,012-006,LIBERTARIAN,0,0,0,0,0
Baltimore City,7,43A,012-006,NO LABELS MARYLAND,0,0,2,0,2
Baltimore City,7,43A,012-006,OTHER PARTIES,1,0,0,3,5
Baltimore City,7,43A,012-006,REPUBLICAN,11,0,3,8,31
Baltimore City,7,43A,012-006,UNAFFILIATED,39,7,28,35,161
Baltimore City,7,43A,012-007,DEMOCRATIC,390,103,176,51,1135
Baltimore City,7,43A,012-007,GREEN,4,1,0,0,9
Baltimore City,7,43A,012-007,LIBERTARIAN,2,0,1,0,8
Baltimore City,7,43A,012-007,NO LABELS MARYLAND,0,0,0,0,1
Baltimore City,7,43A,012-007,OTHER PARTIES,5,1,1,0,15
Baltimore City,7,43A,012-007,REPUBLICAN,11,0,3,3,46
Baltimore City,7,43A,012-007,UNAFFILIATED,54,10,17,7,197
Baltimore City,7,43A,012-008,DEMOCRATIC,703,219,512,119,2271
Baltimore City,7,43A,012-008,GREEN,3,0,2,1,16
Baltimore City,7,43A,012-008,LIBERTARIAN,6,1,0,0,10
Baltimore City,7,43A,012-008,NO LABELS MARYLAND,0,0,2,0,4
Baltimore City,7,43A,012-008,OTHER PARTIES,8,1,2,1,42
Baltimore City,7,43A,012-008,REPUBLICAN,37,6,19,9,152
Baltimore City,7,43A,012-008,UNAFFILIATED,132,34,67,34,562
Baltimore City,7,40,012-009,DEMOCRATIC,36,24,42,43,161
Baltimore City,7,40,012-009,GREEN,0,0,0,0,2
Baltimore City,7,40,012-009,LIBERTARIAN,0,0,0,0,1
Baltimore City,7,40,012-009,NO LABELS MARYLAND,0,0,0,0,0
Baltimore City,7,40,012-009,OTHER PARTIES,0,0,0,2,1
Baltimore City,7,40,012-009,REPUBLICAN,6,2,2,0,21
Baltimore City,7,40,012-009,UNAFFILIATED,13,3,4,7,43
Baltimore City,7,43A,012-010,DEMOCRATIC,365,152,182,56,1435
Baltimore City,7,43A,012-010,GREEN,1,0,0,0,3
Baltimore City,7,43A,012-010,LIBERTARIAN,1,0,0,0,5
Baltimore City,7,43A,012-010,NO LABELS MARYLAND,1,0,0,0,1
Baltimore City,7,43A,012-010,OTHER PARTIES,4,2,0,0,35
Baltimore City,7,43A,012-010,REPUBLICAN,15,5,4,3,112
Baltimore City,7,43A,012-010,UNAFFILIATED,50,19,25,19,306
Baltimore City,7,40,012-011,DEMOCRATIC,115,29,72,49,504
Baltimore City,7,40,012-011,GREEN,1,0,0,0,4
Baltimore City,7,40,012-011,LIBERTARIAN,0,0,0,0,4
Baltimore City,7,40,012-011,NO LABELS MARYLAND,0,0,0,0,0
Baltimore City,7,40,012-011,OTHER PARTIES,1,0,2,1,8
Baltimore City,7,40,012-011,REPUBLICAN,2,2,1,3,30
Baltimore City,7,40,012-011,UNAFFILIATED,17,9,13,19,116
Baltimore City,7,45,012-012,DEMOCRATIC,410,142,215,77,1313
Baltimore City,7,45,012-012,GREEN,1,0,3,0,6
Baltimore City,7,45,012-012,LIBERTARIAN,2,0,1,0,5
Baltimore City,7,45,012-012,NO LABELS MARYLAND,1,1,1,1,10
Baltimore City,7,45,012-012,OTHER PARTIES,4,2,1,0,28
Baltimore City,7,45,012-012,REPUBLICAN,13,4,3,3,60
Baltimore City,7,45,012-012,UNAFFILIATED,64,22,24,25,309
Baltimore City,2,41,013-001,DEMOCRATIC,192,58,340,53,770
Baltimore City,2,41,013-001,GREEN,0,0,0,0,1
Baltimore City,2,41,013-001,LIBERTARIAN,0,0,0,0,0
Baltimore City,2,41,013-001,NO LABELS MARYLAND,0,0,0,0,1
Baltimore City,2,41,013-001,OTHER PARTIES,2,1,2,0,5
Baltimore City,2,41,013-001,REPUBLICAN,8,5,12,5,54
Baltimore City,2,41,013-001,UNAFFILIATED,21,9,20,7,109
Baltimore City,2,40,013-002,DEMOCRATIC,426,133,351,67,1208
Baltimore City,2,40,013-002,GREEN,1,0,2,0,6
Baltimore City,2,40,013-002,LIBERTARIAN,0,1,1,1,4
Baltimore City,2,40,013-002,NO LABELS MARYLAND,0,0,1,0,1
Baltimore City,2,40,013-002,OTHER PARTIES,1,1,1,0,15
Baltimore City,2,40,013-002,REPUBLICAN,28,13,14,9,102
Baltimore City,2,40,013-002,UNAFFILIATED,68,22,44,20,233
Baltimore City,7,40,013-003,DEMOCRATIC,210,64,144,21,580
Baltimore City,7,40,013-003,GREEN,2,0,0,0,6
Baltimore City,7,40,013-003,LIBERTARIAN,3,0,1,0,6
Baltimore City,7,40,013-003,NO LABELS MARYLAND,0,0,0,1,0
Baltimore City,7,40,013-003,OTHER PARTIES,5,0,1,1,10
Baltimore City,7,40,013-003,REPUBLICAN,24,3,8,6,63
Baltimore City,7,40,013-003,UNAFFILIATED,50,4,24,9,164
Baltimore City,2,40,013-004,DEMOCRATIC,618,210,570,81,1825
Baltimore City,2,40,013-004,GREEN,1,0,0,2,7
Baltimore City,2,40,013-004,LIBERTARIAN,4,0,3,2,17
Baltimore City,2,40,013-004,NO LABELS MARYLAND,0,0,0,0,1
Baltimore City,2,40,013-004,OTHER PARTIES,9,0,3,1,31
Baltimore City,2,40,013-004,REPUBLICAN,111,16,40,5,249
Baltimore City,2,40,013-004,UNAFFILIATED,163,37,89,20,486
Baltimore City,7,40,013-005,DEMOCRATIC,219,68,213,29,672
Baltimore City,7,40,013-005,GREEN,3,0,0,0,6
Baltimore City,7,40,013-005,LIBERTARIAN,0,1,1,0,4
Baltimore City,7,40,013-005,NO LABELS MARYLAND,0,0,0,0,1
Baltimore City,7,40,013-005,OTHER PARTIES,2,0,1,0,5
Baltimore City,7,40,013-005,REPUBLICAN,28,8,13,1,77
Baltimore City,7,40,013-005,UNAFFILIATED,37,17,21,7,171
Baltimore City,7,40,013-006,DEMOCRATIC,120,58,44,52,470
Baltimore City,7,40,013-006,GREEN,0,1,0,0,2
Baltimore City,7,40,013-006,LIBERTARIAN,0,0,0,0,3
Baltimore City,7,40,013-006,NO LABELS MARYLAND,0,0,0,1,1
Baltimore City,7,40,013-006,OTHER PARTIES,0,0,0,1,6
Baltimore City,7,40,013-006,REPUBLICAN,3,0,3,4,34
Baltimore City,7,40,013-006,UNAFFILIATED,18,4,3,10,93
Baltimore City,7,40,013-007,DEMOCRATIC,141,110,83,111,946
Baltimore City,7,40,013-007,GREEN,0,1,0,0,3
Baltimore City,7,40,013-007,LIBERTARIAN,1,0,0,1,3
Baltimore City,7,40,013-007,NO LABELS MARYLAND,0,0,0,1,1
Baltimore City,7,40,013-007,OTHER PARTIES,1,0,0,1,19
Baltimore City,7,40,013-007,REPUBLICAN,5,3,1,5,46
Baltimore City,7,40,013-007,UNAFFILIATED,26,6,4,19,151
Baltimore City,7,40,013-008,DEMOCRATIC,345,164,166,74,1253
Baltimore City,7,40,013-008,GREEN,0,0,1,0,3
Baltimore City,7,40,013-008,LIBERTARIAN,0,0,0,0,2
Baltimore City,7,40,013-008,NO LABELS MARYLAND,0,1,2,0,5
Baltimore City,7,40,013-008,OTHER PARTIES,7,0,1,2,18
Baltimore City,7,40,013-008,REPUBLICAN,9,2,3,2,48
Baltimore City,7,40,013-008,UNAFFILIATED,62,9,14,19,234
Baltimore City,7,40,013-009,DEMOCRATIC,231,114,124,61,897
Baltimore City,7,40,013-009,GREEN,0,0,1,0,2
Baltimore City,7,40,013-009,LIBERTARIAN,0,0,0,1,5
Baltimore City,7,40,013-009,NO LABELS MARYLAND,0,0,1,1,1
Baltimore City,7,40,013-009,OTHER PARTIES,2,2,4,1,19
Baltimore City,7,40,013-009,REPUBLICAN,3,2,3,2,43
Baltimore City,7,40,013-009,UNAFFILIATED,27,20,10,13,166
Baltimore City,7,40,013-010,DEMOCRATIC,358,179,173,67,1147
Baltimore City,7,40,013-010,GREEN,1,0,0,2,1
Baltimore City,7,40,013-010,LIBERTARIAN,1,0,0,1,5
Baltimore City,7,40,013-010,NO LABELS MARYLAND,0,0,0,0,1
Baltimore City,7,40,013-010,OTHER PARTIES,1,0,2,2,21
Baltimore City,7,40,013-010,REPUBLICAN,8,5,8,8,57
Baltimore City,7,40,013-010,UNAFFILIATED,52,15,22,14,210
Baltimore City,7,40,013-011,DEMOCRATIC,671,180,592,104,1848
Baltimore City,7,40,013-011,GREEN,2,0,2,0,14
Baltimore City,7,40,013-011,LIBERTARIAN,7,0,0,1,12
Baltimore City,7,40,013-011,NO LABELS MARYLAND,1,0,3,0,4
Baltimore City,7,40,013-011,OTHER PARTIES,5,1,1,3,12
Baltimore City,7,40,013-011,REPUBLICAN,69,13,21,8,188
Baltimore City,7,40,013-011,UNAFFILIATED,115,28,90,24,406
Baltimore City,2,40,013-012,DEMOCRATIC,343,101,350,26,1003
Baltimore City,2,40,013-012,GREEN,1,0,1,0,5
Baltimore City,2,40,013-012,LIBERTARIAN,1,0,2,0,3
Baltimore City,2,40,013-012,NO LABELS MARYLAND,0,0,1,0,2
Baltimore City,2,40,013-012,OTHER PARTIES,1,1,2,0,8
Baltimore City,2,40,013-012,REPUBLICAN,28,5,22,3,90
Baltimore City,2,40,013-012,UNAFFILIATED,56,15,43,2,184
Baltimore City,7,40,014-001,DEMOCRATIC,228,69,167,66,732
Baltimore City,7,40,014-001,GREEN,1,0,0,1,2
Baltimore City,7,40,014-001,LIBERTARIAN,1,0,1,0,4
Baltimore City,7,40,014-001,NO LABELS MARYLAND,1,0,0,1,1
Baltimore City,7,40,014-001,OTHER PARTIES,2,1,1,2,10
Baltimore City,7,40,014-001,REPUBLICAN,8,2,3,1,26
Baltimore City,7,40,014-001,UNAFFILIATED,35,7,19,24,140
Baltimore City,7,40,014-002,DEMOCRATIC,157,85,169,24,686
Baltimore City,7,40,014-002,GREEN,0,0,0,0,2
Baltimore City,7,40,014-002,LIBERTARIAN,1,0,0,0,1
Baltimore City,7,40,014-002,NO LABELS MARYLAND,1,0,0,0,2
Baltimore City,7,40,014-002,OTHER PARTIES,1,0,1,0,5
Baltimore City,7,40,014-002,REPUBLICAN,5,4,5,2,30
Baltimore City,7,40,014-002,UNAFFILIATED,19,6,13,5,108
Baltimore City,7,40,014-003,DEMOCRATIC,146,45,37,38,593
Baltimore City,7,40,014-003,GREEN,0,0,0,0,1
Baltimore City,7,40,014-003,LIBERTARIAN,0,0,0,0,1
Baltimore City,7,40,014-003,NO LABELS MARYLAND,0,1,1,1,7
Baltimore City,7,40,014-003,OTHER PARTIES,3,1,0,1,12
Baltimore City,7,40,014-003,REPUBLICAN,11,0,2,3,40
Baltimore City,7,40,014-003,UNAFFILIATED,21,4,3,8,124
Baltimore City,7,40,014-004,DEMOCRATIC,441,188,222,77,1758
Baltimore City,7,40,014-004,GREEN,0,0,1,1,6
Baltimore City,7,40,014-004,LIBERTARIAN,0,0,2,0,8
Baltimore City,7,40,014-004,NO LABELS MARYLAND,2,0,2,0,4
Baltimore City,7,40,014-004,OTHER PARTIES,5,1,2,1,34
Baltimore City,7,40,014-004,REPUBLICAN,17,4,6,3,94
Baltimore City,7,40,014-004,UNAFFILIATED,63,20,28,24,319
Baltimore City,7,40,014-005,DEMOCRATIC,66,34,34,34,353
Baltimore City,7,40,014-005,GREEN,0,0,0,0,0
Baltimore City,7,40,014-005,LIBERTARIAN,0,1,0,0,3
Baltimore City,7,40,014-005,NO LABELS MARYLAND,0,0,0,0,2
Baltimore City,7,40,014-005,OTHER PARTIES,0,0,1,0,6
Baltimore City,7,40,014-005,REPUBLICAN,0,3,0,4,29
Baltimore City,7,40,014-005,UNAFFILIATED,8,6,3,6,65
Baltimore City,7,41,015-001,DEMOCRATIC,292,177,127,82,1158
Baltimore City,7,41,015-001,GREEN,0,0,0,0,0
Baltimore City,7,41,015-001,LIBERTARIAN,0,0,0,0,1
Baltimore City,7,41,015-001,NO LABELS MARYLAND,0,0,0,0,2
Baltimore City,7,41,015-001,OTHER PARTIES,3,1,1,3,16
Baltimore City,7,41,015-001,REPUBLICAN,13,3,6,4,56
Baltimore City,7,41,015-001,UNAFFILIATED,38,14,17,19,194
Baltimore City,7,41,015-002,DEMOCRATIC,158,105,98,73,662
Baltimore City,7,41,015-002,GREEN,0,0,0,0,0
Baltimore City,7,41,015-002,LIBERTARIAN,0,0,0,0,1
Baltimore City,7,41,015-002,NO LABELS MARYLAND,0,1,1,0,3
Baltimore City,7,41,015-002,OTHER PARTIES,0,1,0,0,11
Baltimore City,7,41,015-002,REPUBLICAN,6,6,4,4,38
Baltimore City,7,41,015-002,UNAFFILIATED,21,6,4,12,113
Baltimore City,7,41,015-003,DEMOCRATIC,503,330,255,25,1849
Baltimore City,7,41,015-003,GREEN,0,0,0,0,2
Baltimore City,7,41,015-003,LIBERTARIAN,0,1,0,0,2
Baltimore City,7,41,015-003,NO LABELS MARYLAND,2,0,0,0,7
Baltimore City,7,41,015-003,OTHER PARTIES,3,1,0,0,17
Baltimore City,7,41,015-003,REPUBLICAN,13,4,9,1,73
Baltimore City,7,41,015-003,UNAFFILIATED,51,25,8,5,241
Baltimore City,7,40,015-004,DEMOCRATIC,154,102,91,27,656
Baltimore City,7,40,015-004,GREEN,0,0,1,0,1
Baltimore City,7,40,015-004,LIBERTARIAN,0,0,0,0,1
Baltimore City,7,40,015-004,NO LABELS MARYLAND,0,0,0,0,2
Baltimore City,7,40,015-004,OTHER PARTIES,4,0,0,0,12
Baltimore City,7,40,015-004,REPUBLICAN,5,3,0,1,30
Baltimore City,7,40,015-004,UNAFFILIATED,20,10,3,2,99
Baltimore City,7,40,015-005,DEMOCRATIC,238,210,164,52,972
Baltimore City,7,40,015-005,GREEN,0,0,0,0,0
Baltimore City,7,40,015-005,LIBERTARIAN,0,0,0,0,1
Baltimore City,7,40,015-005,NO LABELS MARYLAND,0,0,0,0,0
Baltimore City,7,40,015-005,OTHER PARTIES,3,3,1,0,10
Baltimore City,7,40,015-005,REPUBLICAN,8,13,3,2,48
Baltimore City,7,40,015-005,UNAFFILIATED,38,17,10,10,143
Baltimore City,7,40,015-006,DEMOCRATIC,360,247,183,58,1405
Baltimore City,7,40,015-006,GREEN,1,0,1,0,3
Baltimore City,7,40,015-006,LIBERTARIAN,0,0,0,0,0
Baltimore City,7,40,015-006,NO LABELS MARYLAND,1,0,3,1,7
Baltimore City,7,40,015-006,OTHER PARTIES,4,1,1,42,24
Baltimore City,7,40,015-006,REPUBLICAN,10,3,2,2,43
Baltimore City,7,40,015-006,UNAFFILIATED,35,20,12,7,204
Baltimore City,7,41,015-007,DEMOCRATIC,298,173,120,62,1132
Baltimore City,7,41,015-007,GREEN,0,0,0,0,1
Baltimore City,7,41,015-007,LIBERTARIAN,0,0,0,0,5
Baltimore City,7,41,015-007,NO LABELS MARYLAND,0,0,0,0,1
Baltimore City,7,41,015-007,OTHER PARTIES,4,0,0,1,20
Baltimore City,7,41,015-007,REPUBLICAN,8,7,4,6,54
Baltimore City,7,41,015-007,UNAFFILIATED,47,14,10,12,196
Baltimore City,7,41,015-008,DEMOCRATIC,171,131,96,32,604
Baltimore City,7,41,015-008,GREEN,0,0,0,0,0
Baltimore City,7,41,015-008,LIBERTARIAN,0,0,0,0,0
Baltimore City,7,41,015-008,NO LABELS MARYLAND,1,1,0,0,3
Baltimore City,7,41,015-008,OTHER PARTIES,0,1,0,0,6
Baltimore City,7,41,015-008,REPUBLICAN,7,4,4,2,27
Baltimore City,7,41,015-008,UNAFFILIATED,18,12,11,3,90
Baltimore City,7,41,015-009,DEMOCRATIC,451,299,244,171,2065
Baltimore City,7,41,015-009,GREEN,0,0,0,0,2
Baltimore City,7,41,015-009,LIBERTARIAN,2,1,0,0,8
Baltimore City,7,41,015-009,NO LABELS MARYLAND,2,0,0,0,9
Baltimore City,7,41,015-009,OTHER PARTIES,9,3,1,3,39
Baltimore City,7,41,015-009,REPUBLICAN,17,9,5,7,104
Baltimore City,7,41,015-009,UNAFFILIATED,65,24,22,28,352
Baltimore City,7,41,015-010,DEMOCRATIC,301,181,146,55,1075
Baltimore City,7,41,015-010,GREEN,0,0,0,0,0
Baltimore City,7,41,015-010,LIBERTARIAN,0,0,0,0,1
Baltimore City,7,41,015-010,NO LABELS MARYLAND,0,0,0,0,1
Baltimore City,7,41,015-010,OTHER PARTIES,0,0,1,0,21
Baltimore City,7,41,015-010,REPUBLICAN,13,4,6,4,43
Baltimore City,7,41,015-010,UNAFFILIATED,46,5,14,14,169
Baltimore City,7,41,015-011,DEMOCRATIC,218,109,104,45,942
Baltimore City,7,41,015-011,GREEN,0,0,0,0,0
Baltimore City,7,41,015-011,LIBERTARIAN,1,0,0,0,2
Baltimore City,7,41,015-011,NO LABELS MARYLAND,0,0,0,0,1
Baltimore City,7,41,015-011,OTHER PARTIES,3,2,0,1,23
Baltimore City,7,41,015-011,REPUBLICAN,2,5,3,0,45
Baltimore City,7,41,015-011,UNAFFILIATED,29,12,12,13,175
Baltimore City,7,40,015-012,DEMOCRATIC,37,16,17,65,186
Baltimore City,7,40,015-012,GREEN,0,0,0,0,1
Baltimore City,7,40,015-012,LIBERTARIAN,0,0,0,0,0
Baltimore City,7,40,015-012,NO LABELS MARYLAND,0,0,0,0,0
Baltimore City,7,40,015-012,OTHER PARTIES,1,0,0,0,2
Baltimore City,7,40,015-012,REPUBLICAN,3,1,0,1,6
Baltimore City,7,40,015-012,UNAFFILIATED,5,3,1,10,35
Baltimore City,7,40,015-013,DEMOCRATIC,135,53,53,5,534
Baltimore City,7,40,015-013,GREEN,0,0,0,0,2
Baltimore City,7,40,015-013,LIBERTARIAN,0,0,0,0,3
Baltimore City,7,40,015-013,NO LABELS MARYLAND,0,0,0,0,0
Baltimore City,7,40,015-013,OTHER PARTIES,0,0,0,0,1
Baltimore City,7,40,015-013,REPUBLICAN,5,1,7,0,36
Baltimore City,7,40,015-013,UNAFFILIATED,12,5,4,0,90
Baltimore City,7,40,015-014,DEMOCRATIC,256,173,134,27,1076
Baltimore City,7,40,015-014,GREEN,0,0,0,0,1
Baltimore City,7,40,015-014,LIBERTARIAN,1,1,0,0,5
Baltimore City,7,40,015-014,NO LABELS MARYLAND,0,0,0,0,0
Baltimore City,7,40,015-014,OTHER PARTIES,5,1,1,28,19
Baltimore City,7,40,015-014,REPUBLICAN,5,1,1,0,28
Baltimore City,7,40,015-014,UNAFFILIATED,32,14,13,5,159
Baltimore City,7,40,015-015,DEMOCRATIC,87,44,50,54,480
Baltimore City,7,40,015-015,GREEN,1,0,0,0,1
Baltimore City,7,40,015-015,LIBERTARIAN,0,0,0,0,1
Baltimore City,7,40,015-015,NO LABELS MARYLAND,0,0,0,0,0
Baltimore City,7,40,015-015,OTHER PARTIES,1,0,1,2,16
Baltimore City,7,40,015-015,REPUBLICAN,2,0,1,2,37
Baltimore City,7,40,015-015,UNAFFILIATED,6,5,5,6,78
Baltimore City,7,40,015-016,DEMOCRATIC,138,56,62,31,594
Baltimore City,7,40,015-016,GREEN,0,0,1,0,2
Baltimore City,7,40,015-016,LIBERTARIAN,0,0,0,0,0
Baltimore City,7,40,015-016,NO LABELS MARYLAND,1,0,0,0,1
Baltimore City,7,40,015-016,OTHER PARTIES,1,0,0,1,5
Baltimore City,7,40,015-016,REPUBLICAN,3,1,1,2,26
Baltimore City,7,40,015-016,UNAFFILIATED,4,10,3,8,81
Baltimore City,7,40,015-017,DEMOCRATIC,300,85,70,21,1129
Baltimore City,7,40,015-017,GREEN,0,0,0,1,0
Baltimore City,7,40,015-017,LIBERTARIAN,0,0,0,0,2
Baltimore City,7,40,015-017,NO LABELS MARYLAND,1,0,0,1,3
Baltimore City,7,40,015-017,OTHER PARTIES,1,0,0,4,18
Baltimore City,7,40,015-017,REPUBLICAN,9,2,1,0,62
Baltimore City,7,40,015-017,UNAFFILIATED,32,14,11,3,217
Baltimore City,7,40,015-018,DEMOCRATIC,324,166,143,117,1873
Baltimore City,7,40,015-018,GREEN,0,0,0,0,1
Baltimore City,7,40,015-018,LIBERTARIAN,1,0,0,0,4
Baltimore City,7,40,015-018,NO LABELS MARYLAND,0,0,0,1,6
Baltimore City,7,40,015-018,OTHER PARTIES,4,3,0,5,40
Baltimore City,7,40,015-018,REPUBLICAN,5,5,3,7,103
Baltimore City,7,40,015-018,UNAFFILIATED,36,14,14,24,319
Baltimore City,7,40,015-019,DEMOCRATIC,6,3,7,78,58
Baltimore City,7,40,015-019,GREEN,0,0,0,0,0
Baltimore City,7,40,015-019,LIBERTARIAN,0,0,0,0,0
Baltimore City,7,40,015-019,NO LABELS MARYLAND,0,0,0,0,0
Baltimore City,7,40,015-019,OTHER PARTIES,0,0,0,0,0
Baltimore City,7,40,015-019,REPUBLICAN,1,0,0,5,3
Baltimore City,7,40,015-019,UNAFFILIATED,0,0,1,16,7
Baltimore City,7,40,015-020,DEMOCRATIC,318,179,230,66,1681
Baltimore City,7,40,015-020,GREEN,0,0,0,0,1
Baltimore City,7,40,015-020,LIBERTARIAN,1,0,0,0,8
Baltimore City,7,40,015-020,NO LABELS MARYLAND,2,0,1,0,6
Baltimore City,7,40,015-020,OTHER PARTIES,5,2,0,1,29
Baltimore City,7,40,015-020,REPUBLICAN,13,2,3,3,83
Baltimore City,7,40,015-020,UNAFFILIATED,35,8,10,5,267
Baltimore City,7,40,015-021,DEMOCRATIC,140,147,136,22,863
Baltimore City,7,40,015-021,GREEN,0,0,0,0,1
Baltimore City,7,40,015-021,LIBERTARIAN,0,0,0,0,0
Baltimore City,7,40,015-021,NO LABELS MARYLAND,2,0,0,0,4
Baltimore City,7,40,015-021,OTHER PARTIES,3,1,0,0,17
Baltimore City,7,40,015-021,REPUBLICAN,4,2,0,2,46
Baltimore City,7,40,015-021,UNAFFILIATED,23,10,13,3,151
Baltimore City,7,40,015-022,DEMOCRATIC,145,80,83,50,787
Baltimore City,7,40,015-022,GREEN,0,0,0,0,1
Baltimore City,7,40,015-022,LIBERTARIAN,0,0,0,0,0
Baltimore City,7,40,015-022,NO LABELS MARYLAND,0,0,0,0,1
Baltimore City,7,40,015-022,OTHER PARTIES,2,1,0,1,18
Baltimore City,7,40,015-022,REPUBLICAN,7,2,3,4,56
Baltimore City,7,40,015-022,UNAFFILIATED,12,8,5,7,134
Baltimore City,7,40,015-023,DEMOCRATIC,278,183,142,28,1485
Baltimore City,7,40,015-023,GREEN,0,0,0,0,2
Baltimore City,7,40,015-023,LIBERTARIAN,0,0,0,0,2
Baltimore City,7,40,015-023,NO LABELS MARYLAND,2,0,0,1,6
Baltimore City,7,40,015-023,OTHER PARTIES,2,0,1,0,20
Baltimore City,7,40,015-023,REPUBLICAN,6,2,6,1,71
Baltimore City,7,40,015-023,UNAFFILIATED,26,13,10,2,216
Baltimore City,7,40,015-024,DEMOCRATIC,267,192,155,80,1434
Baltimore City,7,40,015-024,GREEN,0,0,0,0,2
Baltimore City,7,40,015-024,LIBERTARIAN,1,1,0,0,3
Baltimore City,7,40,015-024,NO LABELS MARYLAND,4,0,0,0,5
Baltimore City,7,40,015-024,OTHER PARTIES,7,1,0,4,36
Baltimore City,7,40,015-024,REPUBLICAN,19,3,8,1,79
Baltimore City,7,40,015-024,UNAFFILIATED,36,19,10,10,246
Baltimore City,7,40,015-025,DEMOCRATIC,87,66,46,3,602
Baltimore City,7,40,015-025,GREEN,0,0,0,0,3
Baltimore City,7,40,015-025,LIBERTARIAN,0,0,0,0,0
Baltimore City,7,40,015-025,NO LABELS MARYLAND,0,1,0,0,3
Baltimore City,7,40,015-025,OTHER PARTIES,1,0,0,0,11
Baltimore City,7,40,015-025,REPUBLICAN,1,0,2,0,30
Baltimore City,7,40,015-025,UNAFFILIATED,15,4,3,0,116
Baltimore City,7,40,016-001,DEMOCRATIC,108,69,56,9,528
Baltimore City,7,40,016-001,GREEN,0,0,0,0,1
Baltimore City,7,40,016-001,LIBERTARIAN,0,0,0,0,0
Baltimore City,7,40,016-001,NO LABELS MARYLAND,0,0,0,0,0
Baltimore City,7,40,016-001,OTHER PARTIES,1,0,0,0,8
Baltimore City,7,40,016-001,REPUBLICAN,4,0,2,1,29
Baltimore City,7,40,016-001,UNAFFILIATED,10,6,2,1,68
Baltimore City,7,40,016-002,DEMOCRATIC,191,77,96,19,872
Baltimore City,7,40,016-002,GREEN,0,0,0,0,0
Baltimore City,7,40,016-002,LIBERTARIAN,0,0,0,0,3
Baltimore City,7,40,016-002,NO LABELS MARYLAND,0,0,0,0,1
Baltimore City,7,40,016-002,OTHER PARTIES,3,0,0,1,18
Baltimore City,7,40,016-002,REPUBLICAN,10,3,4,3,52
Baltimore City,7,40,016-002,UNAFFILIATED,25,6,4,0,166
Baltimore City,7,40,016-003,DEMOCRATIC,98,59,43,12,597
Baltimore City,7,40,016-003,GREEN,0,0,0,0,1
Baltimore City,7,40,016-003,LIBERTARIAN,2,0,0,0,4
Baltimore City,7,40,016-003,NO LABELS MARYLAND,0,0,0,0,3
Baltimore City,7,40,016-003,OTHER PARTIES,2,0,0,0,13
Baltimore City,7,40,016-003,REPUBLICAN,5,4,0,1,32
Baltimore City,7,40,016-003,UNAFFILIATED,15,0,1,0,88
Baltimore City,7,40,016-004,DEMOCRATIC,52,27,30,6,344
Baltimore City,7,40,016-004,GREEN,0,0,0,0,0
Baltimore City,7,40,016-004,LIBERTARIAN,0,0,0,0,1
Baltimore City,7,40,016-004,NO LABELS MARYLAND,0,0,0,0,1
Baltimore City,7,40,016-004,OTHER PARTIES,2,0,0,0,6
Baltimore City,7,40,016-004,REPUBLICAN,4,0,0,1,30
Baltimore City,7,40,016-004,UNAFFILIATED,7,8,2,1,81
Baltimore City,7,40,016-005,DEMOCRATIC,240,164,132,17,1201
Baltimore City,7,40,016-005,GREEN,0,0,0,0,0
Baltimore City,7,40,016-005,LIBERTARIAN,1,0,0,0,3
Baltimore City,7,40,016-005,NO LABELS MARYLAND,0,0,0,0,3
Baltimore City,7,40,016-005,OTHER PARTIES,7,0,1,1,26
Baltimore City,7,40,016-005,REPUBLICAN,6,3,6,1,59
Baltimore City,7,40,016-005,UNAFFILIATED,22,9,14,5,194
Baltimore City,7,40,016-006,DEMOCRATIC,295,144,156,95,1283
Baltimore City,7,40,016-006,GREEN,1,0,0,0,3
Baltimore City,7,40,016-006,LIBERTARIAN,0,1,0,0,1
Baltimore City,7,40,016-006,NO LABELS MARYLAND,1,0,0,0,5
Baltimore City,7,40,016-006,OTHER PARTIES,4,0,0,0,24
Baltimore City,7,40,016-006,REPUBLICAN,9,2,6,3,57
Baltimore City,7,40,016-006,UNAFFILIATED,24,14,8,11,189
Baltimore City,7,40,016-007,DEMOCRATIC,201,143,125,25,1078
Baltimore City,7,40,016-007,GREEN,0,0,0,0,2
Baltimore City,7,40,016-007,LIBERTARIAN,1,0,0,0,3
Baltimore City,7,40,016-007,NO LABELS MARYLAND,0,0,0,0,5
Baltimore City,7,40,016-007,OTHER PARTIES,0,1,0,1,13
Baltimore City,7,40,016-007,REPUBLICAN,6,1,4,0,34
Baltimore City,7,40,016-007,UNAFFILIATED,17,16,8,7,156
Baltimore City,7,40,016-008,DEMOCRATIC,110,91,82,11,642
Baltimore City,7,40,016-008,GREEN,0,0,1,0,1
Baltimore City,7,40,016-008,LIBERTARIAN,0,0,0,0,1
Baltimore City,7,40,016-008,NO LABELS MARYLAND,1,0,0,0,3
Baltimore City,7,40,016-008,OTHER PARTIES,0,0,2,1,11
Baltimore City,7,40,016-008,REPUBLICAN,5,0,2,1,28
Baltimore City,7,40,016-008,UNAFFILIATED,12,8,10,1,98
Baltimore City,7,40,016-009,DEMOCRATIC,174,114,124,21,1023
Baltimore City,7,40,016-009,GREEN,1,0,0,0,3
Baltimore City,7,40,016-009,LIBERTARIAN,0,0,2,0,2
Baltimore City,7,40,016-009,NO LABELS MARYLAND,0,0,0,0,0
Baltimore City,7,40,016-009,OTHER PARTIES,0,0,0,0,17
Baltimore City,7,40,016-009,REPUBLICAN,6,4,3,1,57
Baltimore City,7,40,016-009,UNAFFILIATED,19,5,6,1,144
Baltimore City,7,40,016-010,DEMOCRATIC,138,72,53,16,611
Baltimore City,7,40,016-010,GREEN,0,0,0,0,1
Baltimore City,7,40,016-010,LIBERTARIAN,1,0,0,0,1
Baltimore City,7,40,016-010,NO LABELS MARYLAND,0,1,0,0,2
Baltimore City,7,40,016-010,OTHER PARTIES,1,1,0,0,12
Baltimore City,7,40,016-010,REPUBLICAN,4,3,1,0,26
Baltimore City,7,40,016-010,UNAFFILIATED,17,6,5,0,103
Baltimore City,7,40,016-011,DEMOCRATIC,135,54,47,44,563
Baltimore City,7,40,016-011,GREEN,0,0,0,0,0
Baltimore City,7,40,016-011,LIBERTARIAN,3,0,0,0,5
Baltimore City,7,40,016-011,NO LABELS MARYLAND,0,0,0,0,0
Baltimore City,7,40,016-011,OTHER PARTIES,0,0,0,1,12
Baltimore City,7,40,016-011,REPUBLICAN,0,1,1,1,28
Baltimore City,7,40,016-011,UNAFFILIATED,10,5,1,2,81
Baltimore City,7,40,016-012,DEMOCRATIC,311,122,103,54,1187
Baltimore City,7,40,016-012,GREEN,1,0,1,0,2
Baltimore City,7,40,016-012,LIBERTARIAN,1,0,0,1,5
Baltimore City,7,40,016-012,NO LABELS MARYLAND,2,0,1,0,7
Baltimore City,7,40,016-012,OTHER PARTIES,1,1,0,0,23
Baltimore City,7,40,016-012,REPUBLICAN,13,1,2,5,67
Baltimore City,7,40,016-012,UNAFFILIATED,30,11,6,10,201
Baltimore City,7,41,016-013,DEMOCRATIC,243,194,110,54,1178
Baltimore City,7,41,016-013,GREEN,0,0,0,0,1
Baltimore City,7,41,016-013,LIBERTARIAN,0,0,0,1,2
Baltimore City,7,41,016-013,NO LABELS MARYLAND,1,0,1,0,5
Baltimore City,7,41,016-013,OTHER PARTIES,2,0,0,2,25
Baltimore City,7,41,016-013,REPUBLICAN,8,3,2,5,54
Baltimore City,7,41,016-013,UNAFFILIATED,33,18,10,11,209
Baltimore City,7,41,016-014,DEMOCRATIC,420,487,280,75,2322
Baltimore City,7,41,016-014,GREEN,0,0,0,0,2
Baltimore City,7,41,016-014,LIBERTARIAN,2,0,0,0,6
Baltimore City,7,41,016-014,NO LABELS MARYLAND,0,0,1,1,3
Baltimore City,7,41,016-014,OTHER PARTIES,6,0,2,0,33
Baltimore City,7,41,016-014,REPUBLICAN,18,16,4,2,103
Baltimore City,7,41,016-014,UNAFFILIATED,52,37,14,12,328
Baltimore City,7,40,017-001,DEMOCRATIC,47,11,18,3,151
Baltimore City,7,40,017-001,GREEN,0,0,0,0,1
Baltimore City,7,40,017-001,LIBERTARIAN,0,0,0,0,0
Baltimore City,7,40,017-001,NO LABELS MARYLAND,0,0,0,0,0
Baltimore City,7,40,017-001,OTHER PARTIES,0,0,0,0,3
Baltimore City,7,40,017-001,REPUBLICAN,1,0,1,0,6
Baltimore City,7,40,017-001,UNAFFILIATED,4,0,1,2,26
Baltimore City,7,40,017-002,DEMOCRATIC,443,186,277,49,2085
Baltimore City,7,40,017-002,GREEN,0,0,2,1,5
Baltimore City,7,40,017-002,LIBERTARIAN,0,1,1,0,7
Baltimore City,7,40,017-002,NO LABELS MARYLAND,0,0,0,0,5
Baltimore City,7,40,017-002,OTHER PARTIES,8,2,1,0,50
Baltimore City,7,40,017-002,REPUBLICAN,22,9,14,1,137
Baltimore City,7,40,017-002,UNAFFILIATED,63,21,21,8,371
Baltimore City,7,40,018-001,DEMOCRATIC,156,87,46,34,842
Baltimore City,7,40,018-001,GREEN,0,0,0,0,3
Baltimore City,7,40,018-001,LIBERTARIAN,0,0,0,0,1
Baltimore City,7,40,018-001,NO LABELS MARYLAND,0,0,0,0,1
Baltimore City,7,40,018-001,OTHER PARTIES,0,1,1,1,22
Baltimore City,7,40,018-001,REPUBLICAN,3,3,2,1,39
Baltimore City,7,40,018-001,UNAFFILIATED,12,11,2,4,145
Baltimore City,7,40,018-002,DEMOCRATIC,212,176,131,104,1115
Baltimore City,7,40,018-002,GREEN,0,1,0,0,4
Baltimore City,7,40,018-002,LIBERTARIAN,3,1,2,3,11
Baltimore City,7,40,018-002,NO LABELS MARYLAND,1,0,0,0,3
Baltimore City,7,40,018-002,OTHER PARTIES,5,1,0,3,26
Baltimore City,7,40,018-002,REPUBLICAN,22,12,4,4,110
Baltimore City,7,40,018-002,UNAFFILIATED,51,25,25,19,279
Baltimore City,7,40,019-001,DEMOCRATIC,209,85,81,51,881
Baltimore City,7,40,019-001,GREEN,1,0,0,0,1
Baltimore City,7,40,019-001,LIBERTARIAN,0,0,0,0,0
Baltimore City,7,40,019-001,NO LABELS MARYLAND,0,0,0,0,1
Baltimore City,7,40,019-001,OTHER PARTIES,4,1,1,2,28
Baltimore City,7,40,019-001,REPUBLICAN,8,2,2,2,42
Baltimore City,7,40,019-001,UNAFFILIATED,32,9,1,4,160
Baltimore City,7,40,019-002,DEMOCRATIC,189,125,121,52,1158
Baltimore City,7,40,019-002,GREEN,1,0,1,1,7
Baltimore City,7,40,019-002,LIBERTARIAN,2,0,1,1,5
Baltimore City,7,40,019-002,NO LABELS MARYLAND,0,0,0,1,4
Baltimore City,7,40,019-002,OTHER PARTIES,2,1,0,1,39
Baltimore City,7,40,019-002,REPUBLICAN,29,11,13,7,166
Baltimore City,7,40,019-002,UNAFFILIATED,55,25,18,17,391
Baltimore City,7,40,019-003,DEMOCRATIC,22,15,21,31,155
Baltimore City,7,40,019-003,GREEN,0,0,0,0,0
Baltimore City,7,40,019-003,LIBERTARIAN,0,1,0,0,1
Baltimore City,7,40,019-003,NO LABELS MARYLAND,0,0,0,0,1
Baltimore City,7,40,019-003,OTHER PARTIES,1,0,1,0,4
Baltimore City,7,40,019-003,REPUBLICAN,1,0,1,4,9
Baltimore City,7,40,019-003,UNAFFILIATED,7,0,1,7,24
Baltimore City,7,40,020-001,DEMOCRATIC,234,119,86,58,1067
Baltimore City,7,40,020-001,GREEN,0,0,0,0,1
Baltimore City,7,40,020-001,LIBERTARIAN,2,0,1,0,4
Baltimore City,7,40,020-001,NO LABELS MARYLAND,1,0,0,0,5
Baltimore City,7,40,020-001,OTHER PARTIES,3,0,0,0,25
Baltimore City,7,40,020-001,REPUBLICAN,12,1,3,5,55
Baltimore City,7,40,020-001,UNAFFILIATED,39,10,5,7,183
Baltimore City,7,40,020-002,DEMOCRATIC,70,40,42,7,428
Baltimore City,7,40,020-002,GREEN,0,0,0,0,1
Baltimore City,7,40,020-002,LIBERTARIAN,1,2,0,0,6
Baltimore City,7,40,020-002,NO LABELS MARYLAND,0,0,0,0,0
Baltimore City,7,40,020-002,OTHER PARTIES,1,1,0,0,11
Baltimore City,7,40,020-002,REPUBLICAN,3,1,1,0,29
Baltimore City,7,40,020-002,UNAFFILIATED,8,9,3,0,102
Baltimore City,7,40,020-003,DEMOCRATIC,214,126,161,70,1269
Baltimore City,7,40,020-003,GREEN,0,0,0,0,1
Baltimore City,7,40,020-003,LIBERTARIAN,0,0,0,0,2
Baltimore City,7,40,020-003,NO LABELS MARYLAND,1,0,1,0,4
Baltimore City,7,40,020-003,OTHER PARTIES,1,1,0,1,17
Baltimore City,7,40,020-003,REPUBLICAN,11,2,2,8,57
Baltimore City,7,40,020-003,UNAFFILIATED,25,8,8,12,179
Baltimore City,7,40,020-004,DEMOCRATIC,29,18,23,5,156
Baltimore City,7,40,020-004,GREEN,0,0,0,0,0
Baltimore City,7,40,020-004,LIBERTARIAN,0,0,0,0,0
Baltimore City,7,40,020-004,NO LABELS MARYLAND,0,0,0,0,0
Baltimore City,7,40,020-004,OTHER PARTIES,0,0,0,0,0
Baltimore City,7,40,020-004,REPUBLICAN,2,1,1,0,13
Baltimore City,7,40,020-004,UNAFFILIATED,5,0,1,0,25
Baltimore City,7,40,020-005,DEMOCRATIC,140,107,76,43,737
Baltimore City,7,40,020-005,GREEN,0,0,0,0,1
Baltimore City,7,40,020-005,LIBERTARIAN,0,0,0,0,3
Baltimore City,7,40,020-005,NO LABELS MARYLAND,1,0,0,0,5
Baltimore City,7,40,020-005,OTHER PARTIES,2,0,0,2,4
Baltimore City,7,40,020-005,REPUBLICAN,4,4,6,4,34
Baltimore City,7,40,020-005,UNAFFILIATED,13,15,5,7,137
Baltimore City,7,41,020-006,DEMOCRATIC,426,367,280,103,2182
Baltimore City,7,41,020-006,GREEN,0,0,1,1,4
Baltimore City,7,41,020-006,LIBERTARIAN,0,1,0,0,4
Baltimore City,7,41,020-006,NO LABELS MARYLAND,2,0,0,0,5
Baltimore City,7,41,020-006,OTHER PARTIES,3,0,1,2,30
Baltimore City,7,41,020-006,REPUBLICAN,12,5,4,3,68
Baltimore City,7,41,020-006,UNAFFILIATED,46,19,21,11,314
Baltimore City,7,41,020-007,DEMOCRATIC,266,282,215,34,1647
Baltimore City,7,41,020-007,GREEN,0,0,0,0,0
Baltimore City,7,41,020-007,LIBERTARIAN,1,0,0,0,4
Baltimore City,7,41,020-007,NO LABELS MARYLAND,1,0,0,0,6
Baltimore City,7,41,020-007,OTHER PARTIES,1,2,2,0,31
Baltimore City,7,41,020-007,REPUBLICAN,13,6,3,0,98
Baltimore City,7,41,020-007,UNAFFILIATED,34,25,15,3,288
Baltimore City,7,41,020-008,DEMOCRATIC,90,90,62,2,490
Baltimore City,7,41,020-008,GREEN,0,0,0,0,1
Baltimore City,7,41,020-008,LIBERTARIAN,0,0,0,0,0
Baltimore City,7,41,020-008,NO LABELS MARYLAND,0,0,0,0,1
Baltimore City,7,41,020-008,OTHER PARTIES,3,0,0,0,14
Baltimore City,7,41,020-008,REPUBLICAN,4,2,2,2,34
Baltimore City,7,41,020-008,UNAFFILIATED,10,6,8,0,96
Baltimore City,7,40,020-009,DEMOCRATIC,89,37,41,10,396
Baltimore City,7,40,020-009,GREEN,0,0,0,0,2
Baltimore City,7,40,020-009,LIBERTARIAN,1,0,0,0,3
Baltimore City,7,40,020-009,NO LABELS MARYLAND,1,0,0,0,1
Baltimore City,7,40,020-009,OTHER PARTIES,3,0,0,0,19
Baltimore City,7,40,020-009,REPUBLICAN,14,3,8,1,81
Baltimore City,7,40,020-009,UNAFFILIATED,14,4,10,1,126
Baltimore City,7,40,020-010,DEMOCRATIC,67,15,23,5,324
Baltimore City,7,40,020-010,GREEN,0,0,0,0,1
Baltimore City,7,40,020-010,LIBERTARIAN,0,0,0,0,0
Baltimore City,7,40,020-010,NO LABELS MARYLAND,0,0,0,0,0
Baltimore City,7,40,020-010,OTHER PARTIES,2,1,0,0,13
Baltimore City,7,40,020-010,REPUBLICAN,4,1,2,0,56
Baltimore City,7,40,020-010,UNAFFILIATED,16,1,4,1,99
Baltimore City,7,40,020-011,DEMOCRATIC,135,20,51,64,766
Baltimore City,7,40,020-011,GREEN,0,0,0,0,4
Baltimore City,7,40,020-011,LIBERTARIAN,0,0,0,0,5
Baltimore City,7,40,020-011,NO LABELS MARYLAND,1,0,0,0,3
Baltimore City,7,40,020-011,OTHER PARTIES,1,0,0,0,29
Baltimore City,7,40,020-011,REPUBLICAN,14,6,6,4,115
Baltimore City,7,40,020-011,UNAFFILIATED,27,8,5,25,267
Baltimore City,7,46,021-001,DEMOCRATIC,158,80,126,78,576
Baltimore City,7,46,021-001,GREEN,0,0,1,1,2
Baltimore City,7,46,021-001,LIBERTARIAN,1,0,1,1,4
Baltimore City,7,46,021-001,NO LABELS MARYLAND,0,1,1,0,2
Baltimore City,7,46,021-001,OTHER PARTIES,1,0,0,3,10
Baltimore City,7,46,021-001,REPUBLICAN,26,6,7,8,72
Baltimore City,7,46,021-001,UNAFFILIATED,49,13,34,24,206
Baltimore City,7,40,021-002,DEMOCRATIC,284,131,179,42,989
Baltimore City,7,40,021-002,GREEN,0,1,0,1,4
Baltimore City,7,40,021-002,LIBERTARIAN,2,0,0,1,6
Baltimore City,7,40,021-002,NO LABELS MARYLAND,1,0,0,0,1
Baltimore City,7,40,021-002,OTHER PARTIES,5,1,0,0,19
Baltimore City,7,40,021-002,REPUBLICAN,22,11,4,2,79
Baltimore City,7,40,021-002,UNAFFILIATED,76,31,30,9,318
Baltimore City,7,40,021-003,DEMOCRATIC,363,172,139,91,1326
Baltimore City,7,40,021-003,GREEN,0,0,0,1,3
Baltimore City,7,40,021-003,LIBERTARIAN,3,1,0,2,8
Baltimore City,7,40,021-003,NO LABELS MARYLAND,1,2,0,0,6
Baltimore City,7,40,021-003,OTHER PARTIES,2,1,1,2,33
Baltimore City,7,40,021-003,REPUBLICAN,43,12,18,12,157
Baltimore City,7,40,021-003,UNAFFILIATED,81,25,27,25,396
Baltimore City,7,46,021-004,DEMOCRATIC,92,27,29,7,230
Baltimore City,7,46,021-004,GREEN,0,0,0,0,1
Baltimore City,7,46,021-004,LIBERTARIAN,2,0,0,0,2
Baltimore City,7,46,021-004,NO LABELS MARYLAND,1,0,0,0,1
Baltimore City,7,46,021-004,OTHER PARTIES,3,0,0,0,4
Baltimore City,7,46,021-004,REPUBLICAN,7,3,1,0,30
Baltimore City,7,46,021-004,UNAFFILIATED,30,4,9,3,77
Baltimore City,7,46,022-001,DEMOCRATIC,270,87,276,47,916
Baltimore City,7,46,022-001,GREEN,0,0,0,0,3
Baltimore City,7,46,022-001,LIBERTARIAN,1,0,1,0,6
Baltimore City,7,46,022-001,NO LABELS MARYLAND,0,0,0,0,0
Baltimore City,7,46,022-001,OTHER PARTIES,3,1,0,0,12
Baltimore City,7,46,022-001,REPUBLICAN,52,12,21,5,160
Baltimore City,7,46,022-001,UNAFFILIATED,74,22,43,16,263
Baltimore City,7,46,022-002,DEMOCRATIC,354,115,374,57,1064
Baltimore City,7,46,022-002,GREEN,0,1,2,0,3
Baltimore City,7,46,022-002,LIBERTARIAN,1,0,1,0,4
Baltimore City,7,46,022-002,NO LABELS MARYLAND,0,0,0,0,0
Baltimore City,7,46,022-002,OTHER PARTIES,1,0,2,2,6
Baltimore City,7,46,022-002,REPUBLICAN,56,10,28,11,161
Baltimore City,7,46,022-002,UNAFFILIATED,86,18,48,20,267
Baltimore City,7,46,023-001,DEMOCRATIC,321,79,161,53,840
Baltimore City,7,46,023-001,GREEN,2,0,0,0,5
Baltimore City,7,46,023-001,LIBERTARIAN,2,1,0,0,10
Baltimore City,7,46,023-001,NO LABELS MARYLAND,0,0,0,1,1
Baltimore City,7,46,023-001,OTHER PARTIES,4,1,0,2,8
Baltimore City,7,46,023-001,REPUBLICAN,80,14,11,10,239
Baltimore City,7,46,023-001,UNAFFILIATED,103,19,41,17,338
Baltimore City,7,46,023-002,DEMOCRATIC,260,78,132,63,792
Baltimore City,7,46,023-002,GREEN,0,1,0,1,2
Baltimore City,7,46,023-002,LIBERTARIAN,1,0,0,0,2
Baltimore City,7,46,023-002,NO LABELS MARYLAND,0,0,0,0,2
Baltimore City,7,46,023-002,OTHER PARTIES,2,0,0,0,9
Baltimore City,7,46,023-002,REPUBLICAN,51,12,12,8,143
Baltimore City,7,46,023-002,UNAFFILIATED,82,18,23,19,244
Baltimore City,7,46,023-003,DEMOCRATIC,455,153,305,79,1314
Baltimore City,7,46,023-003,GREEN,1,0,0,0,2
Baltimore City,7,46,023-003,LIBERTARIAN,5,1,3,1,20
Baltimore City,7,46,023-003,NO LABELS MARYLAND,0,0,4,1,5
Baltimore City,7,46,023-003,OTHER PARTIES,6,0,0,4,16
Baltimore City,7,46,023-003,REPUBLICAN,145,16,38,21,400
Baltimore City,7,46,023-003,UNAFFILIATED,194,42,70,29,589
Baltimore City,7,46,024-001,DEMOCRATIC,163,36,159,36,461
Baltimore City,7,46,024-001,GREEN,0,0,1,0,1
Baltimore City,7,46,024-001,LIBERTARIAN,1,0,2,0,3
Baltimore City,7,46,024-001,NO LABELS MARYLAND,1,0,0,0,1
Baltimore City,7,46,024-001,OTHER PARTIES,1,0,1,0,3
Baltimore City,7,46,024-001,REPUBLICAN,25,5,23,4,85
Baltimore City,7,46,024-001,UNAFFILIATED,55,8,23,5,129
Baltimore City,7,46,024-002,DEMOCRATIC,210,48,180,52,567
Baltimore City,7,46,024-002,GREEN,0,0,0,0,2
Baltimore City,7,46,024-002,LIBERTARIAN,0,0,0,0,7
Baltimore City,7,46,024-002,NO LABELS MARYLAND,1,0,0,0,2
Baltimore City,7,46,024-002,OTHER PARTIES,3,0,0,0,3
Baltimore City,7,46,024-002,REPUBLICAN,29,8,11,8,117
Baltimore City,7,46,024-002,UNAFFILIATED,70,11,34,28,220
Baltimore City,7,46,024-003,DEMOCRATIC,351,125,343,37,1039
Baltimore City,7,46,024-003,GREEN,0,0,0,0,0
Baltimore City,7,46,024-003,LIBERTARIAN,4,0,2,1,12
Baltimore City,7,46,024-003,NO LABELS MARYLAND,0,0,1,0,1
Baltimore City,7,46,024-003,OTHER PARTIES,3,0,4,1,10
Baltimore City,7,46,024-003,REPUBLICAN,98,17,32,3,262
Baltimore City,7,46,024-003,UNAFFILIATED,113,32,78,16,358
Baltimore City,7,46,024-004,DEMOCRATIC,606,157,487,65,1617
Baltimore City,7,46,024-004,GREEN,0,0,0,0,3
Baltimore City,7,46,024-004,LIBERTARIAN,7,0,1,1,14
Baltimore City,7,46,024-004,NO LABELS MARYLAND,2,0,0,0,4
Baltimore City,7,46,024-004,OTHER PARTIES,5,2,1,5,17
Baltimore City,7,46,024-004,REPUBLICAN,159,34,53,16,383
Baltimore City,7,46,024-004,UNAFFILIATED,172,42,96,17,511
Baltimore City,7,46,024-005,DEMOCRATIC,828,288,787,101,2320
Baltimore City,7,46,024-005,GREEN,4,0,0,0,5
Baltimore City,7,46,024-005,LIBERTARIAN,10,2,2,1,27
Baltimore City,7,46,024-005,NO LABELS MARYLAND,1,1,4,0,6
Baltimore City,7,46,024-005,OTHER PARTIES,8,3,4,1,24
Baltimore City,7,46,024-005,REPUBLICAN,289,64,105,27,695
Baltimore City,7,46,024-005,UNAFFILIATED,340,67,192,59,891
Baltimore City,7,41,025-001,DEMOCRATIC,450,505,337,100,2161
Baltimore City,7,41,025-001,GREEN,1,0,1,1,4
Baltimore City,7,41,025-001,LIBERTARIAN,0,0,1,1,7
Baltimore City,7,41,025-001,NO LABELS MARYLAND,0,0,0,0,3
Baltimore City,7,41,025-001,OTHER PARTIES,8,5,3,0,45
Baltimore City,7,41,025-001,REPUBLICAN,28,17,25,12,172
Baltimore City,7,41,025-001,UNAFFILIATED,83,47,32,13,385
Baltimore City,7,41,025-002,DEMOCRATIC,304,258,198,51,1520
Baltimore City,7,41,025-002,GREEN,1,0,0,0,3
Baltimore City,7,41,025-002,LIBERTARIAN,1,1,1,0,6
Baltimore City,7,41,025-002,NO LABELS MARYLAND,1,1,1,1,3
Baltimore City,7,41,025-002,OTHER PARTIES,4,0,2,0,27
Baltimore City,7,41,025-002,REPUBLICAN,24,9,10,2,93
Baltimore City,7,41,025-002,UNAFFILIATED,36,34,19,11,277
Baltimore City,7,40,025-003,DEMOCRATIC,165,46,99,36,541
Baltimore City,7,40,025-003,GREEN,0,0,0,0,1
Baltimore City,7,40,025-003,LIBERTARIAN,3,0,0,0,5
Baltimore City,7,40,025-003,NO LABELS MARYLAND,0,0,0,0,1
Baltimore City,7,40,025-003,OTHER PARTIES,3,1,0,2,22
Baltimore City,7,40,025-003,REPUBLICAN,104,8,16,19,198
Baltimore City,7,40,025-003,UNAFFILIATED,71,8,17,17,221
Baltimore City,7,40,025-004,DEMOCRATIC,248,70,158,39,1109
Baltimore City,7,40,025-004,GREEN,1,0,0,0,3
Baltimore City,7,40,025-004,LIBERTARIAN,5,0,0,0,10
Baltimore City,7,40,025-004,NO LABELS MARYLAND,0,0,2,0,5
Baltimore City,7,40,025-004,OTHER PARTIES,15,1,0,1,53
Baltimore City,7,40,025-004,REPUBLICAN,157,22,39,28,464
Baltimore City,7,40,025-004,UNAFFILIATED,139,12,29,19,568
Baltimore City,7,46,025-005,DEMOCRATIC,319,97,137,20,1190
Baltimore City,7,46,025-005,GREEN,0,0,0,0,0
Baltimore City,7,46,025-005,LIBERTARIAN,1,0,1,0,6
Baltimore City,7,46,025-005,NO LABELS MARYLAND,1,0,0,0,3
Baltimore City,7,46,025-005,OTHER PARTIES,4,0,4,0,40
Baltimore City,7,46,025-005,REPUBLICAN,43,10,32,5,185
Baltimore City,7,46,025-005,UNAFFILIATED,65,16,19,9,339
Baltimore City,7,46,025-006,DEMOCRATIC,209,53,61,15,667
Baltimore City,7,46,025-006,GREEN,0,0,0,0,1
Baltimore City,7,46,025-006,LIBERTARIAN,0,0,0,0,3
Baltimore City,7,46,025-006,NO LABELS MARYLAND,0,0,2,0,5
Baltimore City,7,46,025-006,OTHER PARTIES,1,0,1,24,14
Baltimore City,7,46,025-006,REPUBLICAN,6,0,1,2,40
Baltimore City,7,46,025-006,UNAFFILIATED,23,6,3,2,128
Baltimore City,7,46,025-007,DEMOCRATIC,79,22,19,14,286
Baltimore City,7,46,025-007,GREEN,0,0,0,0,0
Baltimore City,7,46,025-007,LIBERTARIAN,1,0,0,0,2
Baltimore City,7,46,025-007,NO LABELS MARYLAND,1,0,0,0,1
Baltimore City,7,46,025-007,OTHER PARTIES,2,0,1,1,11
Baltimore City,7,46,025-007,REPUBLICAN,2,2,0,3,17
Baltimore City,7,46,025-007,UNAFFILIATED,8,2,4,8,58
Baltimore City,7,46,025-008,DEMOCRATIC,430,88,108,66,1725
Baltimore City,7,46,025-008,GREEN,0,1,0,0,4
Baltimore City,7,46,025-008,LIBERTARIAN,0,0,0,0,7
Baltimore City,7,46,025-008,NO LABELS MARYLAND,1,0,0,0,4
Baltimore City,7,46,025-008,OTHER PARTIES,7,1,0,1,48
Baltimore City,7,46,025-008,REPUBLICAN,17,10,3,5,107
Baltimore City,7,46,025-008,UNAFFILIATED,46,14,10,13,337
Baltimore City,7,46,025-009,DEMOCRATIC,220,37,73,86,790
Baltimore City,7,46,025-009,GREEN,0,0,0,0,1
Baltimore City,7,46,025-009,LIBERTARIAN,1,0,0,0,2
Baltimore City,7,46,025-009,NO LABELS MARYLAND,0,0,0,0,2
Baltimore City,7,46,025-009,OTHER PARTIES,3,1,0,3,24
Baltimore City,7,46,025-009,REPUBLICAN,7,0,0,3,42
Baltimore City,7,46,025-009,UNAFFILIATED,21,5,4,12,133
Baltimore City,7,46,025-010,DEMOCRATIC,286,91,83,9,964
Baltimore City,7,46,025-010,GREEN,1,0,0,0,1
Baltimore City,7,46,025-010,LIBERTARIAN,0,0,0,0,1
Baltimore City,7,46,025-010,NO LABELS MARYLAND,0,0,1,0,3
Baltimore City,7,46,025-010,OTHER PARTIES,2,0,1,0,16
Baltimore City,7,46,025-010,REPUBLICAN,12,2,3,0,46
Baltimore City,7,46,025-010,UNAFFILIATED,29,14,8,2,182
Baltimore City,7,46,025-011,DEMOCRATIC,74,39,34,40,311
Baltimore City,7,46,025-011,GREEN,0,0,0,0,0
Baltimore City,7,46,025-011,LIBERTARIAN,2,0,0,0,2
Baltimore City,7,46,025-011,NO LABELS MARYLAND,0,0,0,0,2
Baltimore City,7,46,025-011,OTHER PARTIES,1,0,0,2,11
Baltimore City,7,46,025-011,REPUBLICAN,40,9,5,17,105
Baltimore City,7,46,025-011,UNAFFILIATED,31,9,8,13,157
Baltimore City,7,46,025-012,DEMOCRATIC,114,64,63,9,588
Baltimore City,7,46,025-012,GREEN,0,0,0,0,3
Baltimore City,7,46,025-012,LIBERTARIAN,1,0,0,1,5
Baltimore City,7,46,025-012,NO LABELS MARYLAND,0,0,0,0,4
Baltimore City,7,46,025-012,OTHER PARTIES,3,0,0,0,26
Baltimore City,7,46,025-012,REPUBLICAN,59,32,11,4,211
Baltimore City,7,46,025-012,UNAFFILIATED,56,18,17,4,291
Baltimore City,7,46,025-013,DEMOCRATIC,99,27,28,9,405
Baltimore City,7,46,025-013,GREEN,0,0,0,0,0
Baltimore City,7,46,025-013,LIBERTARIAN,0,0,0,0,4
Baltimore City,7,46,025-013,NO LABELS MARYLAND,0,0,0,0,2
Baltimore City,7,46,025-013,OTHER PARTIES,0,1,1,0,19
Baltimore City,7,46,025-013,REPUBLICAN,33,10,8,4,144
Baltimore City,7,46,025-013,UNAFFILIATED,37,4,5,0,150
Baltimore City,7,46,025-014,DEMOCRATIC,140,41,41,34,679
Baltimore City,7,46,025-014,GREEN,1,0,0,1,1
Baltimore City,7,46,025-014,LIBERTARIAN,0,0,1,0,6
Baltimore City,7,46,025-014,NO LABELS MARYLAND,0,0,0,0,1
Baltimore City,7,46,025-014,OTHER PARTIES,3,1,0,5,22
Baltimore City,7,46,025-014,REPUBLICAN,11,5,6,6,87
Baltimore City,7,46,025-014,UNAFFILIATED,26,8,5,9,205
Baltimore City,7,46,025-015,DEMOCRATIC,169,69,59,47,784
Baltimore City,7,46,025-015,GREEN,0,0,0,0,3
Baltimore City,7,46,025-015,LIBERTARIAN,1,0,0,0,4
Baltimore City,7,46,025-015,NO LABELS MARYLAND,1,0,0,0,4
Baltimore City,7,46,025-015,OTHER PARTIES,2,0,1,0,36
Baltimore City,7,46,025-015,REPUBLICAN,27,11,14,2,138
Baltimore City,7,46,025-015,UNAFFILIATED,41,15,12,14,285
Baltimore City,7,46,025-016,DEMOCRATIC,135,32,76,41,705
Baltimore City,7,46,025-016,GREEN,0,0,0,0,7
Baltimore City,7,46,025-016,LIBERTARIAN,0,1,0,1,5
Baltimore City,7,46,025-016,NO LABELS MARYLAND,1,0,0,0,3
Baltimore City,7,46,025-016,OTHER PARTIES,2,1,0,2,35
Baltimore City,7,46,025-016,REPUBLICAN,64,14,30,17,276
Baltimore City,7,46,025-016,UNAFFILIATED,63,19,16,15,374
Baltimore City,7,41,025-017,DEMOCRATIC,199,69,150,18,851
Baltimore City,7,41,025-017,GREEN,1,0,1,0,3
Baltimore City,7,41,025-017,LIBERTARIAN,2,0,2,2,9
Baltimore City,7,41,025-017,NO LABELS MARYLAND,0,0,0,0,1
Baltimore City,7,41,025-017,OTHER PARTIES,1,0,3,1,22
Baltimore City,7,41,025-017,REPUBLICAN,85,14,35,5,235
Baltimore City,7,41,025-017,UNAFFILIATED,70,21,34,9,344
Baltimore City,7,46,026-001,DEMOCRATIC,20,4,15,11,116
Baltimore City,7,46,026-001,GREEN,0,0,0,0,0
Baltimore City,7,46,026-001,LIBERTARIAN,1,0,0,0,2
Baltimore City,7,46,026-001,NO LABELS MARYLAND,0,0,0,0,1
Baltimore City,7,46,026-001,OTHER PARTIES,2,0,0,0,6
Baltimore City,7,46,026-001,REPUBLICAN,24,5,2,8,59
Baltimore City,7,46,026-001,UNAFFILIATED,14,1,5,6,82
Baltimore City,7,46,026-002,DEMOCRATIC,219,89,89,50,1041
Baltimore City,7,46,026-002,GREEN,1,0,0,0,4
Baltimore City,7,46,026-002,LIBERTARIAN,3,0,0,0,7
Baltimore City,7,46,026-002,NO LABELS MARYLAND,1,0,0,0,1
Baltimore City,7,46,026-002,OTHER PARTIES,2,1,0,1,26
Baltimore City,7,46,026-002,REPUBLICAN,41,13,12,8,166
Baltimore City,7,46,026-002,UNAFFILIATED,52,10,17,13,288
Baltimore City,7,46,026-003,DEMOCRATIC,151,49,73,13,644
Baltimore City,7,46,026-003,GREEN,0,0,0,0,1
Baltimore City,7,46,026-003,LIBERTARIAN,2,0,0,0,6
Baltimore City,7,46,026-003,NO LABELS MARYLAND,2,0,0,0,3
Baltimore City,7,46,026-003,OTHER PARTIES,3,0,0,0,17
Baltimore City,7,46,026-003,REPUBLICAN,79,39,19,3,260
Baltimore City,7,46,026-003,UNAFFILIATED,58,17,14,6,277
Baltimore City,7,46,026-004,DEMOCRATIC,89,42,47,26,406
Baltimore City,7,46,026-004,GREEN,1,0,0,0,3
Baltimore City,7,46,026-004,LIBERTARIAN,3,0,0,1,5
Baltimore City,7,46,026-004,NO LABELS MARYLAND,0,0,0,0,1
Baltimore City,7,46,026-004,OTHER PARTIES,5,0,0,0,15
Baltimore City,7,46,026-004,REPUBLICAN,53,8,16,9,137
Baltimore City,7,46,026-004,UNAFFILIATED,42,10,7,6,183
Baltimore City,7,46,026-005,DEMOCRATIC,74,19,51,16,296
Baltimore City,7,46,026-005,GREEN,0,0,1,0,2
Baltimore City,7,46,026-005,LIBERTARIAN,1,0,0,0,2
Baltimore City,7,46,026-005,NO LABELS MARYLAND,0,0,0,0,0
Baltimore City,7,46,026-005,OTHER PARTIES,1,1,0,0,6
Baltimore City,7,46,026-005,REPUBLICAN,17,10,8,2,60
Baltimore City,7,46,026-005,UNAFFILIATED,18,6,6,7,98
Baltimore City,7,46,026-006,DEMOCRATIC,134,63,62,48,535
Baltimore City,7,46,026-006,GREEN,1,0,0,0,1
Baltimore City,7,46,026-006,LIBERTARIAN,0,0,0,0,3
Baltimore City,7,46,026-006,NO LABELS MARYLAND,0,0,0,0,1
Baltimore City,7,46,026-006,OTHER PARTIES,1,2,2,0,11
Baltimore City,7,46,026-006,REPUBLICAN,44,20,12,14,140
Baltimore City,7,46,026-006,UNAFFILIATED,58,11,13,19,231
Baltimore City,7,46,026-007,DEMOCRATIC,168,141,149,26,762
Baltimore City,7,46,026-007,GREEN,0,0,0,0,0
Baltimore City,7,46,026-007,LIBERTARIAN,2,0,0,0,8
Baltimore City,7,46,026-007,NO LABELS MARYLAND,2,0,0,0,2
Baltimore City,7,46,026-007,OTHER PARTIES,4,3,0,0,30
Baltimore City,7,46,026-007,REPUBLICAN,81,31,26,13,246
Baltimore City,7,46,026-007,UNAFFILIATED,82,39,40,12,331
Baltimore City,7,46,026-008,DEMOCRATIC,288,213,270,82,1025
Baltimore City,7,46,026-008,GREEN,0,0,2,0,2
Baltimore City,7,46,026-008,LIBERTARIAN,6,1,1,0,15
Baltimore City,7,46,026-008,NO LABELS MARYLAND,2,0,1,1,4
Baltimore City,7,46,026-008,OTHER PARTIES,3,6,0,3,18
Baltimore City,7,46,026-008,REPUBLICAN,108,32,38,26,297
Baltimore City,7,46,026-008,UNAFFILIATED,143,57,92,35,513
Baltimore City,7,46,026-009,DEMOCRATIC,429,459,461,142,1783
Baltimore City,7,46,026-009,GREEN,0,0,1,1,2
Baltimore City,7,46,026-009,LIBERTARIAN,13,2,2,2,28
Baltimore City,7,46,026-009,NO LABELS MARYLAND,0,0,2,0,2
Baltimore City,7,46,026-009,OTHER PARTIES,3,4,1,3,19
Baltimore City,7,46,026-009,REPUBLICAN,157,122,74,28,553
Baltimore City,7,46,026-009,UNAFFILIATED,164,118,99,50,675
Baltimore City,7,46,026-010,DEMOCRATIC,341,179,214,69,1228
Baltimore City,7,46,026-010,GREEN,3,0,1,0,7
Baltimore City,7,46,026-010,LIBERTARIAN,0,1,1,0,7
Baltimore City,7,46,026-010,NO LABELS MARYLAND,2,0,0,8,2
Baltimore City,7,46,026-010,OTHER PARTIES,5,5,0,1,24
Baltimore City,7,46,026-010,REPUBLICAN,64,32,21,10,230
Baltimore City,7,46,026-010,UNAFFILIATED,85,34,53,24,390
Baltimore City,7,46,026-011,DEMOCRATIC,109,95,65,23,581
Baltimore City,7,46,026-011,GREEN,0,0,0,0,1
Baltimore City,7,46,026-011,LIBERTARIAN,0,1,0,0,6
Baltimore City,7,46,026-011,NO LABELS MARYLAND,0,0,0,1,2
Baltimore City,7,46,026-011,OTHER PARTIES,2,1,0,1,21
Baltimore City,7,46,026-011,REPUBLICAN,21,5,7,9,91
Baltimore City,7,46,026-011,UNAFFILIATED,40,24,23,7,240
Baltimore City,7,46,026-012,DEMOCRATIC,67,14,27,19,286
Baltimore City,7,46,026-012,GREEN,0,0,0,0,1
Baltimore City,7,46,026-012,LIBERTARIAN,0,0,0,0,1
Baltimore City,7,46,026-012,NO LABELS MARYLAND,0,0,0,0,0
Baltimore City,7,46,026-012,OTHER PARTIES,0,0,2,0,8
Baltimore City,7,46,026-012,REPUBLICAN,4,1,3,2,41
Baltimore City,7,46,026-012,UNAFFILIATED,7,2,1,4,57
Baltimore City,7,45,026-013,DEMOCRATIC,98,12,33,9,353
Baltimore City,7,45,026-013,GREEN,0,0,0,0,2
Baltimore City,7,45,026-013,LIBERTARIAN,2,0,1,0,8
Baltimore City,7,45,026-013,NO LABELS MARYLAND,0,0,2,0,4
Baltimore City,7,45,026-013,OTHER PARTIES,5,1,2,4,17
Baltimore City,7,45,026-013,REPUBLICAN,72,13,16,9,203
Baltimore City,7,45,026-013,UNAFFILIATED,54,3,16,6,194
Baltimore City,7,45,026-014,DEMOCRATIC,85,21,41,20,400
Baltimore City,7,45,026-014,GREEN,0,0,0,0,3
Baltimore City,7,45,026-014,LIBERTARIAN,2,1,1,2,5
Baltimore City,7,45,026-014,NO LABELS MARYLAND,0,0,0,0,0
Baltimore City,7,45,026-014,OTHER PARTIES,1,0,0,0,16
Baltimore City,7,45,026-014,REPUBLICAN,90,12,3,23,198
Baltimore City,7,45,026-014,UNAFFILIATED,48,3,11,14,197
Baltimore City,7,45,026-015,DEMOCRATIC,301,228,144,61,1236
Baltimore City,7,45,026-015,GREEN,0,0,0,0,3
Baltimore City,7,45,026-015,LIBERTARIAN,1,0,0,0,2
Baltimore City,7,45,026-015,NO LABELS MARYLAND,0,0,1,0,2
Baltimore City,7,45,026-015,OTHER PARTIES,0,2,1,1,21
Baltimore City,7,45,026-015,REPUBLICAN,15,7,2,3,69
Baltimore City,7,45,026-015,UNAFFILIATED,25,23,10,17,195
Baltimore City,7,45,026-016,DEMOCRATIC,184,155,120,150,893
Baltimore City,7,45,026-016,GREEN,0,0,0,0,1
Baltimore City,7,45,026-016,LIBERTARIAN,0,0,0,1,2
Baltimore City,7,45,026-016,NO LABELS MARYLAND,2,0,0,0,3
Baltimore City,7,45,026-016,OTHER PARTIES,2,4,1,2,22
Baltimore City,7,45,026-016,REPUBLICAN,12,0,1,5,38
Baltimore City,7,45,026-016,UNAFFILIATED,25,16,5,21,144
Baltimore City,7,45,026-017,DEMOCRATIC,151,50,45,47,491
Baltimore City,7,45,026-017,GREEN,0,0,0,0,0
Baltimore City,7,45,026-017,LIBERTARIAN,0,0,0,0,2
Baltimore City,7,45,026-017,NO LABELS MARYLAND,1,0,0,1,3
Baltimore City,7,45,026-017,OTHER PARTIES,1,0,0,0,9
Baltimore City,7,45,026-017,REPUBLICAN,2,2,0,1,20
Baltimore City,7,45,026-017,UNAFFILIATED,9,7,2,3,73
Baltimore City,7,45,026-018,DEMOCRATIC,260,132,119,79,873
Baltimore City,7,45,026-018,GREEN,0,0,0,0,0
Baltimore City,7,45,026-018,LIBERTARIAN,0,0,0,0,2
Baltimore City,7,45,026-018,NO LABELS MARYLAND,0,0,0,0,6
Baltimore City,7,45,026-018,OTHER PARTIES,0,0,0,1,11
Baltimore City,7,45,026-018,REPUBLICAN,8,5,5,1,49
Baltimore City,7,45,026-018,UNAFFILIATED,27,7,5,11,118
Baltimore City,7,45,026-019,DEMOCRATIC,267,184,104,42,1081
Baltimore City,7,45,026-019,GREEN,0,0,0,0,0
Baltimore City,7,45,026-019,LIBERTARIAN,0,0,0,0,2
Baltimore City,7,45,026-019,NO LABELS MARYLAND,0,0,0,1,3
Baltimore City,7,45,026-019,OTHER PARTIES,2,1,2,1,21
Baltimore City,7,45,026-019,REPUBLICAN,6,5,1,0,52
Baltimore City,7,45,026-019,UNAFFILIATED,46,11,11,7,176
Baltimore City,7,45,026-020,DEMOCRATIC,145,85,62,89,585
Baltimore City,7,45,026-020,GREEN,0,0,0,0,0
Baltimore City,7,45,026-020,LIBERTARIAN,1,0,0,0,2
Baltimore City,7,45,026-020,NO LABELS MARYLAND,0,0,1,3,1
Baltimore City,7,45,026-020,OTHER PARTIES,0,1,0,2,15
Baltimore City,7,45,026-020,REPUBLICAN,5,0,2,5,31
Baltimore City,7,45,026-020,UNAFFILIATED,17,7,1,8,117
Baltimore City,7,45,026-021,DEMOCRATIC,203,96,88,17,732
Baltimore City,7,45,026-021,GREEN,0,0,0,0,1
Baltimore City,7,45,026-021,LIBERTARIAN,0,1,0,0,4
Baltimore City,7,45,026-021,NO LABELS MARYLAND,0,0,0,0,0
Baltimore City,7,45,026-021,OTHER PARTIES,3,1,0,0,12
Baltimore City,7,45,026-021,REPUBLICAN,9,2,0,0,32
Baltimore City,7,45,026-021,UNAFFILIATED,27,6,10,0,128
Baltimore City,7,45,026-022,DEMOCRATIC,130,101,64,82,582
Baltimore City,7,45,026-022,GREEN,0,0,0,1,3
Baltimore City,7,45,026-022,LIBERTARIAN,0,0,0,1,1
Baltimore City,7,45,026-022,NO LABELS MARYLAND,0,0,0,0,3
Baltimore City,7,45,026-022,OTHER PARTIES,2,0,0,3,6
Baltimore City,7,45,026-022,REPUBLICAN,7,3,2,7,42
Baltimore City,7,45,026-022,UNAFFILIATED,20,12,9,12,112
Baltimore City,7,45,026-023,DEMOCRATIC,215,146,99,36,895
Baltimore City,7,45,026-023,GREEN,0,0,1,0,3
Baltimore City,7,45,026-023,LIBERTARIAN,0,1,0,0,3
Baltimore City,7,45,026-023,NO LABELS MARYLAND,1,0,0,0,1
Baltimore City,7,45,026-023,OTHER PARTIES,3,0,1,1,22
Baltimore City,7,45,026-023,REPUBLICAN,8,6,3,0,50
Baltimore City,7,45,026-023,UNAFFILIATED,30,15,11,4,158
Baltimore City,7,45,026-024,DEMOCRATIC,309,346,233,31,1666
Baltimore City,7,45,026-024,GREEN,1,0,0,0,2
Baltimore City,7,45,026-024,LIBERTARIAN,2,0,0,0,2
Baltimore City,7,45,026-024,NO LABELS MARYLAND,0,0,1,0,3
Baltimore City,7,45,026-024,OTHER PARTIES,4,3,0,0,28
Baltimore City,7,45,026-024,REPUBLICAN,13,8,5,1,75
Baltimore City,7,45,026-024,UNAFFILIATED,40,22,11,5,249
Baltimore City,7,45,026-025,DEMOCRATIC,222,171,141,21,1172
Baltimore City,7,45,026-025,GREEN,0,0,0,0,2
Baltimore City,7,45,026-025,LIBERTARIAN,2,0,0,0,2
Baltimore City,7,45,026-025,NO LABELS MARYLAND,0,0,0,0,3
Baltimore City,7,45,026-025,OTHER PARTIES,2,0,0,1,18
Baltimore City,7,45,026-025,REPUBLICAN,11,9,7,3,82
Baltimore City,7,45,026-025,UNAFFILIATED,34,17,9,4,230
Baltimore City,7,45,026-026,DEMOCRATIC,293,275,170,119,1334
Baltimore City,7,45,026-026,GREEN,2,0,0,1,2
Baltimore City,7,45,026-026,LIBERTARIAN,1,1,1,0,7
Baltimore City,7,45,026-026,NO LABELS MARYLAND,0,0,2,0,3
Baltimore City,7,45,026-026,OTHER PARTIES,4,4,1,1,22
Baltimore City,7,45,026-026,REPUBLICAN,23,17,12,6,120
Baltimore City,7,45,026-026,UNAFFILIATED,57,27,20,19,260
Baltimore City,7,45,026-027,DEMOCRATIC,204,261,194,110,1062
Baltimore City,7,45,026-027,GREEN,0,0,0,0,0
Baltimore City,7,45,026-027,LIBERTARIAN,0,0,0,0,2
Baltimore City,7,45,026-027,NO LABELS MARYLAND,0,0,1,2,2
Baltimore City,7,45,026-027,OTHER PARTIES,2,1,5,4,20
Baltimore City,7,45,026-027,REPUBLICAN,18,15,9,4,79
Baltimore City,7,45,026-027,UNAFFILIATED,29,17,20,25,187
Baltimore City,7,45,026-028,DEMOCRATIC,167,244,152,17,959
Baltimore City,7,45,026-028,GREEN,0,0,0,0,0
Baltimore City,7,45,026-028,LIBERTARIAN,0,0,0,0,2
Baltimore City,7,45,026-028,NO LABELS MARYLAND,0,0,0,0,0
Baltimore City,7,45,026-028,OTHER PARTIES,2,0,4,1,13
Baltimore City,7,45,026-028,REPUBLICAN,3,10,8,1,49
Baltimore City,7,45,026-028,UNAFFILIATED,15,13,8,1,120
Baltimore City,7,45,026-029,DEMOCRATIC,603,721,471,59,3152
Baltimore City,7,45,026-029,GREEN,1,0,0,0,4
Baltimore City,7,45,026-029,LIBERTARIAN,1,1,1,0,10
Baltimore City,7,45,026-029,NO LABELS MARYLAND,1,0,2,1,7
Baltimore City,7,45,026-029,OTHER PARTIES,5,3,0,1,44
Baltimore City,7,45,026-029,REPUBLICAN,27,30,19,3,183
Baltimore City,7,45,026-029,UNAFFILIATED,86,58,28,7,548
Baltimore City,7,45,026-030,DEMOCRATIC,206,130,116,47,713
Baltimore City,7,45,026-030,GREEN,1,0,0,0,2
Baltimore City,7,45,026-030,LIBERTARIAN,1,0,1,1,4
Baltimore City,7,45,026-030,NO LABELS MARYLAND,0,0,0,0,0
Baltimore City,7,45,026-030,OTHER PARTIES,1,1,0,0,14
Baltimore City,7,45,026-030,REPUBLICAN,20,20,10,2,89
Baltimore City,7,45,026-030,UNAFFILIATED,28,17,15,16,129
Baltimore City,7,45,026-031,DEMOCRATIC,125,99,108,15,514
Baltimore City,7,45,026-031,GREEN,1,0,0,0,3
Baltimore City,7,45,026-031,LIBERTARIAN,1,0,1,0,5
Baltimore City,7,45,026-031,NO LABELS MARYLAND,2,0,1,0,3
Baltimore City,7,45,026-031,OTHER PARTIES,2,0,1,0,8
Baltimore City,7,45,026-031,REPUBLICAN,20,23,12,2,100
Baltimore City,7,45,026-031,UNAFFILIATED,45,24,19,0,177
Baltimore City,7,45,026-032,DEMOCRATIC,356,215,159,21,1341
Baltimore City,7,45,026-032,GREEN,1,0,0,0,2
Baltimore City,7,45,026-032,LIBERTARIAN,2,0,1,0,4
Baltimore City,7,45,026-032,NO LABELS MARYLAND,1,0,0,0,2
Baltimore City,7,45,026-032,OTHER PARTIES,4,1,0,0,23
Baltimore City,7,45,026-032,REPUBLICAN,15,5,2,4,71
Baltimore City,7,45,026-032,UNAFFILIATED,53,30,11,4,249
Baltimore City,7,45,026-033,DEMOCRATIC,335,231,152,24,1272
Baltimore City,7,45,026-033,GREEN,0,0,0,0,1
Baltimore City,7,45,026-033,LIBERTARIAN,1,0,0,0,4
Baltimore City,7,45,026-033,NO LABELS MARYLAND,0,0,0,0,1
Baltimore City,7,45,026-033,OTHER PARTIES,5,1,0,0,19
Baltimore City,7,45,026-033,REPUBLICAN,9,4,3,2,52
Baltimore City,7,45,026-033,UNAFFILIATED,36,9,13,0,188
Baltimore City,7,45,027-001,DEMOCRATIC,393,348,295,42,1678
Baltimore City,7,45,027-001,GREEN,1,3,0,0,6
Baltimore City,7,45,027-001,LIBERTARIAN,1,1,0,0,5
Baltimore City,7,45,027-001,NO LABELS MARYLAND,0,0,0,0,5
Baltimore City,7,45,027-001,OTHER PARTIES,5,6,1,1,24
Baltimore City,7,45,027-001,REPUBLICAN,40,26,28,3,168
Baltimore City,7,45,027-001,UNAFFILIATED,69,44,44,6,329
Baltimore City,7,45,027-002,DEMOCRATIC,172,80,141,9,483
Baltimore City,7,45,027-002,GREEN,1,0,0,0,2
Baltimore City,7,45,027-002,LIBERTARIAN,2,0,0,0,2
Baltimore City,7,45,027-002,NO LABELS MARYLAND,0,0,1,0,1
Baltimore City,7,45,027-002,OTHER PARTIES,2,0,0,0,2
Baltimore City,7,45,027-002,REPUBLICAN,15,3,7,0,32
Baltimore City,7,45,027-002,UNAFFILIATED,23,8,13,5,68
Baltimore City,7,45,027-003,DEMOCRATIC,146,64,109,62,445
Baltimore City,7,45,027-003,GREEN,3,1,1,0,7
Baltimore City,7,45,027-003,LIBERTARIAN,0,1,0,0,1
Baltimore City,7,45,027-003,NO LABELS MARYLAND,0,0,0,2,0
Baltimore City,7,45,027-003,OTHER PARTIES,2,1,1,0,5
Baltimore City,7,45,027-003,REPUBLICAN,7,5,2,4,36
Baltimore City,7,45,027-003,UNAFFILIATED,15,10,11,12,64
Baltimore City,7,45,027-004,DEMOCRATIC,135,73,89,14,449
Baltimore City,7,45,027-004,GREEN,0,0,0,0,0
Baltimore City,7,45,027-004,LIBERTARIAN,0,0,0,0,0
Baltimore City,7,45,027-004,NO LABELS MARYLAND,0,0,1,0,1
Baltimore City,7,45,027-004,OTHER PARTIES,0,0,0,0,2
Baltimore City,7,45,027-004,REPUBLICAN,12,8,6,1,45
Baltimore City,7,45,027-004,UNAFFILIATED,25,4,11,6,100
Baltimore City,7,45,027-005,DEMOCRATIC,526,292,348,49,1760
Baltimore City,7,45,027-005,GREEN,1,0,3,0,7
Baltimore City,7,45,027-005,LIBERTARIAN,3,0,2,0,9
Baltimore City,7,45,027-005,NO LABELS MARYLAND,0,0,1,0,3
Baltimore City,7,45,027-005,OTHER PARTIES,4,0,1,0,19
Baltimore City,7,45,027-005,REPUBLICAN,60,25,26,3,205
Baltimore City,7,45,027-005,UNAFFILIATED,96,28,55,17,383
Baltimore City,7,45,027-006,DEMOCRATIC,595,471,348,34,2336
Baltimore City,7,45,027-006,GREEN,1,1,1,0,5
Baltimore City,7,45,027-006,LIBERTARIAN,1,0,0,0,5
Baltimore City,7,45,027-006,NO LABELS MARYLAND,1,0,1,0,8
Baltimore City,7,45,027-006,OTHER PARTIES,5,4,3,2,37
Baltimore City,7,45,027-006,REPUBLICAN,23,24,23,2,179
Baltimore City,7,45,027-006,UNAFFILIATED,96,50,41,5,469
Baltimore City,7,45,027-007,DEMOCRATIC,228,135,135,70,927
Baltimore City,7,45,027-007,GREEN,0,0,0,0,1
Baltimore City,7,45,027-007,LIBERTARIAN,0,0,0,0,5
Baltimore City,7,45,027-007,NO LABELS MARYLAND,0,0,0,1,1
Baltimore City,7,45,027-007,OTHER PARTIES,3,1,0,1,14
Baltimore City,7,45,027-007,REPUBLICAN,11,10,8,4,71
Baltimore City,7,45,027-007,UNAFFILIATED,51,17,16,21,198
Baltimore City,7,45,027-008,DEMOCRATIC,514,329,321,38,1829
Baltimore City,7,45,027-008,GREEN,0,0,0,0,2
Baltimore City,7,45,027-008,LIBERTARIAN,3,1,0,0,10
Baltimore City,7,45,027-008,NO LABELS MARYLAND,2,0,1,0,6
Baltimore City,7,45,027-008,OTHER PARTIES,4,2,1,0,22
Baltimore City,7,45,027-008,REPUBLICAN,53,38,32,4,238
Baltimore City,7,45,027-008,UNAFFILIATED,99,35,26,12,390
Baltimore City,7,45,027-009,DEMOCRATIC,375,176,185,48,1084
Baltimore City,7,45,027-009,GREEN,0,0,0,0,1
Baltimore City,7,45,027-009,LIBERTARIAN,0,0,0,0,1
Baltimore City,7,45,027-009,NO LABELS MARYLAND,0,1,0,1,2
Baltimore City,7,45,027-009,OTHER PARTIES,2,0,2,1,12
Baltimore City,7,45,027-009,REPUBLICAN,65,30,22,11,184
Baltimore City,7,45,027-009,UNAFFILIATED,79,13,14,13,220
Baltimore City,7,45,027-010,DEMOCRATIC,146,70,84,18,458
Baltimore City,7,45,027-010,GREEN,1,0,0,0,2
Baltimore City,7,45,027-010,LIBERTARIAN,1,0,0,0,2
Baltimore City,7,45,027-010,NO LABELS MARYLAND,0,0,1,1,3
Baltimore City,7,45,027-010,OTHER PARTIES,4,1,0,1,10
Baltimore City,7,45,027-010,REPUBLICAN,57,12,16,3,145
Baltimore City,7,45,027-010,UNAFFILIATED,29,10,16,2,137
Baltimore City,7,45,027-011,DEMOCRATIC,471,256,303,78,1597
Baltimore City,7,45,027-011,GREEN,1,0,0,0,2
Baltimore City,7,45,027-011,LIBERTARIAN,2,0,2,1,10
Baltimore City,7,45,027-011,NO LABELS MARYLAND,2,0,1,1,5
Baltimore City,7,45,027-011,OTHER PARTIES,13,6,1,1,33
Baltimore City,7,45,027-011,REPUBLICAN,142,41,45,24,372
Baltimore City,7,45,027-011,UNAFFILIATED,123,35,41,30,419
Baltimore City,7,45,027-012,DEMOCRATIC,125,58,73,32,371
Baltimore City,7,45,027-012,GREEN,1,0,0,1,4
Baltimore City,7,45,027-012,LIBERTARIAN,1,0,0,1,4
Baltimore City,7,45,027-012,NO LABELS MARYLAND,0,0,0,0,0
Baltimore City,7,45,027-012,OTHER PARTIES,0,0,1,0,4
Baltimore City,7,45,027-012,REPUBLICAN,45,12,14,4,112
Baltimore City,7,45,027-012,UNAFFILIATED,35,14,16,6,114
Baltimore City,7,45,027-013,DEMOCRATIC,395,267,295,84,1876
Baltimore City,7,45,027-013,GREEN,0,0,0,0,2
Baltimore City,7,45,027-013,LIBERTARIAN,3,0,0,1,9
Baltimore City,7,45,027-013,NO LABELS MARYLAND,0,0,0,2,2
Baltimore City,7,45,027-013,OTHER PARTIES,5,3,0,0,32
Baltimore City,7,45,027-013,REPUBLICAN,60,30,28,12,219
Baltimore City,7,45,027-013,UNAFFILIATED,83,40,41,24,446
Baltimore City,7,45,027-014,DEMOCRATIC,554,309,373,84,1809
Baltimore City,7,45,027-014,GREEN,1,0,2,0,7
Baltimore City,7,45,027-014,LIBERTARIAN,4,0,2,0,8
Baltimore City,7,45,027-014,NO LABELS MARYLAND,1,0,2,0,4
Baltimore City,7,45,027-014,OTHER PARTIES,8,1,2,1,25
Baltimore City,7,45,027-014,REPUBLICAN,70,19,30,9,233
Baltimore City,7,45,027-014,UNAFFILIATED,99,44,46,14,406
Baltimore City,7,45,027-015,DEMOCRATIC,368,322,290,59,1637
Baltimore City,7,45,027-015,GREEN,0,0,0,0,2
Baltimore City,7,45,027-015,LIBERTARIAN,2,0,0,0,6
Baltimore City,7,45,027-015,NO LABELS MARYLAND,0,0,1,0,3
Baltimore City,7,45,027-015,OTHER PARTIES,1,1,1,2,27
Baltimore City,7,45,027-015,REPUBLICAN,30,10,13,2,116
Baltimore City,7,45,027-015,UNAFFILIATED,49,30,29,5,270
Baltimore City,7,45,027-016,DEMOCRATIC,136,104,121,61,526
Baltimore City,7,45,027-016,GREEN,2,0,0,0,4
Baltimore City,7,45,027-016,LIBERTARIAN,0,0,0,0,0
Baltimore City,7,45,027-016,NO LABELS MARYLAND,0,0,0,2,0
Baltimore City,7,45,027-016,OTHER PARTIES,2,1,1,3,5
Baltimore City,7,45,027-016,REPUBLICAN,19,8,6,2,58
Baltimore City,7,45,027-016,UNAFFILIATED,40,3,18,10,120
Baltimore City,7,43A,027-017,DEMOCRATIC,252,214,203,57,1222
Baltimore City,7,43A,027-017,GREEN,1,1,1,1,5
Baltimore City,7,43A,027-017,LIBERTARIAN,1,1,0,0,3
Baltimore City,7,43A,027-017,NO LABELS MARYLAND,0,0,0,1,0
Baltimore City,7,43A,027-017,OTHER PARTIES,1,1,2,2,11
Baltimore City,7,43A,027-017,REPUBLICAN,16,9,5,3,58
Baltimore City,7,43A,027-017,UNAFFILIATED,36,18,24,3,191
Baltimore City,7,45,027-018,DEMOCRATIC,395,256,289,54,1408
Baltimore City,7,45,027-018,GREEN,0,0,1,0,3
Baltimore City,7,45,027-018,LIBERTARIAN,2,1,0,0,3
Baltimore City,7,45,027-018,NO LABELS MARYLAND,0,0,1,1,1
Baltimore City,7,45,027-018,OTHER PARTIES,6,2,4,1,22
Baltimore City,7,45,027-018,REPUBLICAN,21,17,12,1,110
Baltimore City,7,45,027-018,UNAFFILIATED,63,22,37,10,261
Baltimore City,7,45,027-019,DEMOCRATIC,216,158,165,64,967
Baltimore City,7,45,027-019,GREEN,0,0,0,0,0
Baltimore City,7,45,027-019,LIBERTARIAN,0,0,0,0,0
Baltimore City,7,45,027-019,NO LABELS MARYLAND,0,0,0,0,1
Baltimore City,7,45,027-019,OTHER PARTIES,4,2,0,0,16
Baltimore City,7,45,027-019,REPUBLICAN,6,2,4,0,40
Baltimore City,7,45,027-019,UNAFFILIATED,35,13,7,15,157
Baltimore City,7,43A,027-020,DEMOCRATIC,414,418,411,163,1920
Baltimore City,7,43A,027-020,GREEN,0,0,0,0,1
Baltimore City,7,43A,027-020,LIBERTARIAN,1,0,1,1,4
Baltimore City,7,43A,027-020,NO LABELS MARYLAND,1,0,0,2,3
Baltimore City,7,43A,027-020,OTHER PARTIES,4,2,0,2,20
Baltimore City,7,43A,027-020,REPUBLICAN,10,10,12,7,107
Baltimore City,7,43A,027-020,UNAFFILIATED,56,33,24,26,294
Baltimore City,7,43A,027-021,DEMOCRATIC,385,332,269,48,1601
Baltimore City,7,43A,027-021,GREEN,1,0,0,0,2
Baltimore City,7,43A,027-021,LIBERTARIAN,0,1,0,0,2
Baltimore City,7,43A,027-021,NO LABELS MARYLAND,0,0,1,0,2
Baltimore City,7,43A,027-021,OTHER PARTIES,6,2,2,1,21
Baltimore City,7,43A,027-021,REPUBLICAN,8,1,3,0,43
Baltimore City,7,43A,027-021,UNAFFILIATED,43,33,27,5,237
Baltimore City,7,43A,027-022,DEMOCRATIC,438,493,407,152,2151
Baltimore City,7,43A,027-022,GREEN,0,0,0,0,1
Baltimore City,7,43A,027-022,LIBERTARIAN,2,0,1,0,3
Baltimore City,7,43A,027-022,NO LABELS MARYLAND,0,1,0,2,6
Baltimore City,7,43A,027-022,OTHER PARTIES,3,2,1,0,29
Baltimore City,7,43A,027-022,REPUBLICAN,12,6,9,4,69
Baltimore City,7,43A,027-022,UNAFFILIATED,41,33,26,28,256
Baltimore City,7,43A,027-023,DEMOCRATIC,108,133,85,14,476
Baltimore City,7,43A,027-023,GREEN,0,0,0,0,0
Baltimore City,7,43A,027-023,LIBERTARIAN,0,0,0,0,1
Baltimore City,7,43A,027-023,NO LABELS MARYLAND,0,0,0,1,1
Baltimore City,7,43A,027-023,OTHER PARTIES,1,0,0,0,5
Baltimore City,7,43A,027-023,REPUBLICAN,3,2,0,1,12
Baltimore City,7,43A,027-023,UNAFFILIATED,16,9,6,2,70
Baltimore City,7,43A,027-024,DEMOCRATIC,104,113,63,32,520
Baltimore City,7,43A,027-024,GREEN,0,0,0,0,0
Baltimore City,7,43A,027-024,LIBERTARIAN,0,0,0,0,0
Baltimore City,7,43A,027-024,NO LABELS MARYLAND,0,0,0,1,2
Baltimore City,7,43A,027-024,OTHER PARTIES,5,1,0,0,8
Baltimore City,7,43A,027-024,REPUBLICAN,3,1,0,2,19
Baltimore City,7,43A,027-024,UNAFFILIATED,17,14,4,1,71
Baltimore City,7,43A,027-025,DEMOCRATIC,172,248,154,261,1007
Baltimore City,7,43A,027-025,GREEN,0,0,0,1,0
Baltimore City,7,43A,027-025,LIBERTARIAN,1,0,0,1,1
Baltimore City,7,43A,027-025,NO LABELS MARYLAND,0,1,0,5,4
Baltimore City,7,43A,027-025,OTHER PARTIES,1,1,0,3,14
Baltimore City,7,43A,027-025,REPUBLICAN,10,8,3,11,48
Baltimore City,7,43A,027-025,UNAFFILIATED,23,12,14,39,136
Baltimore City,7,43A,027-026,DEMOCRATIC,113,185,162,248,669
Baltimore City,7,43A,027-026,GREEN,0,0,0,0,3
Baltimore City,7,43A,027-026,LIBERTARIAN,1,0,0,4,2
Baltimore City,7,43A,027-026,NO LABELS MARYLAND,0,0,0,1,0
Baltimore City,7,43A,027-026,OTHER PARTIES,1,2,0,100,5
Baltimore City,7,43A,027-026,REPUBLICAN,5,3,6,9,28
Baltimore City,7,43A,027-026,UNAFFILIATED,14,10,18,48,94
Baltimore City,7,43A,027-027,DEMOCRATIC,213,328,222,16,1339
Baltimore City,7,43A,027-027,GREEN,1,0,0,0,2
Baltimore City,7,43A,027-027,LIBERTARIAN,0,0,0,1,3
Baltimore City,7,43A,027-027,NO LABELS MARYLAND,1,1,0,0,5
Baltimore City,7,43A,027-027,OTHER PARTIES,5,2,0,5,17
Baltimore City,7,43A,027-027,REPUBLICAN,6,6,3,0,40
Baltimore City,7,43A,027-027,UNAFFILIATED,31,32,20,4,208
Baltimore City,7,43A,027-028,DEMOCRATIC,172,252,171,100,1068
Baltimore City,7,43A,027-028,GREEN,1,1,0,0,3
Baltimore City,7,43A,027-028,LIBERTARIAN,1,0,0,0,4
Baltimore City,7,43A,027-028,NO LABELS MARYLAND,1,0,0,1,2
Baltimore City,7,43A,027-028,OTHER PARTIES,2,1,1,1,13
Baltimore City,7,43A,027-028,REPUBLICAN,1,2,3,5,34
Baltimore City,7,43A,027-028,UNAFFILIATED,20,18,9,27,131
Baltimore City,7,43A,027-029,DEMOCRATIC,121,138,93,11,710
Baltimore City,7,43A,027-029,GREEN,0,0,0,0,1
Baltimore City,7,43A,027-029,LIBERTARIAN,0,0,0,0,1
Baltimore City,7,43A,027-029,NO LABELS MARYLAND,0,0,1,0,1
Baltimore City,7,43A,027-029,OTHER PARTIES,0,1,0,1,5
Baltimore City,7,43A,027-029,REPUBLICAN,5,4,1,1,23
Baltimore City,7,43A,027-029,UNAFFILIATED,12,10,8,0,101
Baltimore City,7,43A,027-030,DEMOCRATIC,234,256,196,17,1217
Baltimore City,7,43A,027-030,GREEN,0,0,0,0,3
Baltimore City,7,43A,027-030,LIBERTARIAN,1,0,0,0,4
Baltimore City,7,43A,027-030,NO LABELS MARYLAND,1,1,1,1,4
Baltimore City,7,43A,027-030,OTHER PARTIES,2,1,0,0,19
Baltimore City,7,43A,027-030,REPUBLICAN,7,2,2,0,33
Baltimore City,7,43A,027-030,UNAFFILIATED,23,17,10,2,162
Baltimore City,7,43A,027-031,DEMOCRATIC,463,365,271,39,1800
Baltimore City,7,43A,027-031,GREEN,1,0,0,0,4
Baltimore City,7,43A,027-031,LIBERTARIAN,4,0,1,0,8
Baltimore City,7,43A,027-031,NO LABELS MARYLAND,0,1,2,0,5
Baltimore City,7,43A,027-031,OTHER PARTIES,3,2,0,0,19
Baltimore City,7,43A,027-031,REPUBLICAN,15,11,5,1,76
Baltimore City,7,43A,027-031,UNAFFILIATED,57,20,24,3,269
Baltimore City,7,43A,027-032,DEMOCRATIC,479,320,410,88,1814
Baltimore City,7,43A,027-032,GREEN,1,0,0,0,8
Baltimore City,7,43A,027-032,LIBERTARIAN,2,1,1,0,7
Baltimore City,7,43A,027-032,NO LABELS MARYLAND,2,0,0,0,5
Baltimore City,7,43A,027-032,OTHER PARTIES,5,3,1,3,22
Baltimore City,7,43A,027-032,REPUBLICAN,37,24,22,7,147
Baltimore City,7,43A,027-032,UNAFFILIATED,92,35,48,13,362
Baltimore City,7,43A,027-033,DEMOCRATIC,327,436,422,40,1854
Baltimore City,7,43A,027-033,GREEN,1,0,0,0,2
Baltimore City,7,43A,027-033,LIBERTARIAN,0,2,1,0,5
Baltimore City,7,43A,027-033,NO LABELS MARYLAND,0,0,0,0,2
Baltimore City,7,43A,027-033,OTHER PARTIES,5,4,2,1,35
Baltimore City,7,43A,027-033,REPUBLICAN,11,19,11,0,96
Baltimore City,7,43A,027-033,UNAFFILIATED,56,30,35,8,308
Baltimore City,7,43A,027-034,DEMOCRATIC,368,243,217,58,1409
Baltimore City,7,43A,027-034,GREEN,2,0,1,0,5
Baltimore City,7,43A,027-034,LIBERTARIAN,1,0,1,0,4
Baltimore City,7,43A,027-034,NO LABELS MARYLAND,1,0,1,0,5
Baltimore City,7,43A,027-034,OTHER PARTIES,3,2,1,0,21
Baltimore City,7,43A,027-034,REPUBLICAN,25,13,10,3,89
Baltimore City,7,43A,027-034,UNAFFILIATED,50,24,30,2,260
Baltimore City,7,43A,027-035,DEMOCRATIC,378,424,296,46,2266
Baltimore City,7,43A,027-035,GREEN,1,0,0,0,4
Baltimore City,7,43A,027-035,LIBERTARIAN,2,1,0,1,11
Baltimore City,7,43A,027-035,NO LABELS MARYLAND,0,0,1,1,3
Baltimore City,7,43A,027-035,OTHER PARTIES,9,2,1,0,41
Baltimore City,7,43A,027-035,REPUBLICAN,14,9,2,1,86
Baltimore City,7,43A,027-035,UNAFFILIATED,68,30,21,10,409
Baltimore City,7,43A,027-036,DEMOCRATIC,141,93,105,19,761
Baltimore City,7,43A,027-036,GREEN,1,0,1,0,4
Baltimore City,7,43A,027-036,LIBERTARIAN,1,0,0,0,1
Baltimore City,7,43A,027-036,NO LABELS MARYLAND,0,0,0,0,2
Baltimore City,7,43A,027-036,OTHER PARTIES,1,0,1,0,14
Baltimore City,7,43A,027-036,REPUBLICAN,6,0,1,1,34
Baltimore City,7,43A,027-036,UNAFFILIATED,25,12,13,0,152
Baltimore City,7,43A,027-037,DEMOCRATIC,262,225,489,34,1438
Baltimore City,7,43A,027-037,GREEN,0,1,2,0,3
Baltimore City,7,43A,027-037,LIBERTARIAN,0,1,0,1,4
Baltimore City,7,43A,027-037,NO LABELS MARYLAND,0,0,0,0,0
Baltimore City,7,43A,027-037,OTHER PARTIES,4,3,3,2,21
Baltimore City,7,43A,027-037,REPUBLICAN,32,24,32,3,151
Baltimore City,7,43A,027-037,UNAFFILIATED,44,25,60,5,276
Baltimore City,2,43A,027-038,DEMOCRATIC,14,7,13,69,132
Baltimore City,2,43A,027-038,GREEN,0,0,0,0,3
Baltimore City,2,43A,027-038,LIBERTARIAN,1,0,0,1,2
Baltimore City,2,43A,027-038,NO LABELS MARYLAND,0,0,0,0,0
Baltimore City,2,43A,027-038,OTHER PARTIES,0,0,0,3,0
Baltimore City,2,43A,027-038,REPUBLICAN,1,5,2,9,62
Baltimore City,2,43A,027-038,UNAFFILIATED,3,1,3,17,68
Baltimore City,2,43A,027-039,DEMOCRATIC,124,36,96,23,324
Baltimore City,2,43A,027-039,GREEN,0,0,0,0,0
Baltimore City,2,43A,027-039,LIBERTARIAN,0,0,0,0,0
Baltimore City,2,43A,027-039,NO LABELS MARYLAND,0,0,0,0,0
Baltimore City,2,43A,027-039,OTHER PARTIES,0,0,0,0,2
Baltimore City,2,43A,027-039,REPUBLICAN,22,7,11,10,65
Baltimore City,2,43A,027-039,UNAFFILIATED,20,2,19,9,54
Baltimore City,2,41,027-040,DEMOCRATIC,435,206,592,55,1507
Baltimore City,2,41,027-040,GREEN,1,0,1,0,3
Baltimore City,2,41,027-040,LIBERTARIAN,2,1,1,0,5
Baltimore City,2,41,027-040,NO LABELS MARYLAND,0,1,1,1,4
Baltimore City,2,41,027-040,OTHER PARTIES,5,1,1,1,9
Baltimore City,2,41,027-040,REPUBLICAN,142,52,64,11,358
Baltimore City,2,41,027-040,UNAFFILIATED,104,41,88,12,335
Baltimore City,2,43A,027-041,DEMOCRATIC,257,151,289,25,909
Baltimore City,2,43A,027-041,GREEN,0,0,0,0,2
Baltimore City,2,43A,027-041,LIBERTARIAN,2,0,0,0,3
Baltimore City,2,43A,027-041,NO LABELS MARYLAND,1,0,1,0,2
Baltimore City,2,43A,027-041,OTHER PARTIES,1,1,0,0,4
Baltimore City,2,43A,027-041,REPUBLICAN,31,6,19,4,95
Baltimore City,2,43A,027-041,UNAFFILIATED,58,26,47,5,209
Baltimore City,2,41,027-042,DEMOCRATIC,364,140,444,47,1232
Baltimore City,2,41,027-042,GREEN,1,1,0,0,2
Baltimore City,2,41,027-042,LIBERTARIAN,1,0,0,0,4
Baltimore City,2,41,027-042,NO LABELS MARYLAND,0,0,0,0,1
Baltimore City,2,41,027-042,OTHER PARTIES,0,3,0,0,8
Baltimore City,2,41,027-042,REPUBLICAN,68,18,39,4,197
Baltimore City,2,41,027-042,UNAFFILIATED,81,28,55,15,287
Baltimore City,2,41,027-043,DEMOCRATIC,127,88,316,32,621
Baltimore City,2,41,027-043,GREEN,0,0,0,0,0
Baltimore City,2,41,027-043,LIBERTARIAN,0,0,0,1,0
Baltimore City,2,41,027-043,NO LABELS MARYLAND,0,0,0,0,0
Baltimore City,2,41,027-043,OTHER PARTIES,3,3,1,0,7
Baltimore City,2,41,027-043,REPUBLICAN,23,8,15,6,73
Baltimore City,2,41,027-043,UNAFFILIATED,21,7,33,7,103
Baltimore City,2,41,027-044,DEMOCRATIC,317,128,335,48,949
Baltimore City,2,41,027-044,GREEN,0,0,0,0,0
Baltimore City,2,41,027-044,LIBERTARIAN,0,0,0,0,2
Baltimore City,2,41,027-044,NO LABELS MARYLAND,0,0,0,0,1
Baltimore City,2,41,027-044,OTHER PARTIES,1,0,0,0,4
Baltimore City,2,41,027-044,REPUBLICAN,38,11,17,9,97
Baltimore City,2,41,027-044,UNAFFILIATED,47,10,44,6,144
Baltimore City,2,41,027-045,DEMOCRATIC,438,145,518,41,1372
Baltimore City,2,41,027-045,GREEN,1,0,2,0,8
Baltimore City,2,41,027-045,LIBERTARIAN,1,0,1,0,6
Baltimore City,2,41,027-045,NO LABELS MARYLAND,0,0,0,0,0
Baltimore City,2,41,027-045,OTHER PARTIES,3,0,2,1,5
Baltimore City,2,41,027-045,REPUBLICAN,50,10,19,7,122
Baltimore City,2,41,027-045,UNAFFILIATED,76,13,55,10,235
Baltimore City,2,41,027-046,DEMOCRATIC,188,89,218,22,585
Baltimore City,2,41,027-046,GREEN,0,0,2,0,3
Baltimore City,2,41,027-046,LIBERTARIAN,0,0,0,0,2
Baltimore City,2,41,027-046,NO LABELS MARYLAND,1,0,0,0,1
Baltimore City,2,41,027-046,OTHER PARTIES,4,1,0,0,5
Baltimore City,2,41,027-046,REPUBLICAN,15,6,11,0,49
Baltimore City,2,41,027-046,UNAFFILIATED,39,8,27,10,104
Baltimore City,2,41,027-047,DEMOCRATIC,330,103,208,20,911
Baltimore City,2,41,027-047,GREEN,2,0,2,0,6
Baltimore City,2,41,027-047,LIBERTARIAN,2,0,0,0,3
Baltimore City,2,41,027-047,NO LABELS MARYLAND,0,0,1,0,1
Baltimore City,2,41,027-047,OTHER PARTIES,3,2,0,0,10
Baltimore City,2,41,027-047,REPUBLICAN,38,6,7,2,95
Baltimore City,2,41,027-047,UNAFFILIATED,85,19,36,5,245
Baltimore City,7,41,027-048,DEMOCRATIC,208,155,204,34,815
Baltimore City,7,41,027-048,GREEN,0,0,1,1,2
Baltimore City,7,41,027-048,LIBERTARIAN,0,1,0,0,2
Baltimore City,7,41,027-048,NO LABELS MARYLAND,0,0,0,0,0
Baltimore City,7,41,027-048,OTHER PARTIES,2,1,0,2,7
Baltimore City,7,41,027-048,REPUBLICAN,16,2,7,3,48
Baltimore City,7,41,027-048,UNAFFILIATED,35,24,16,3,137
Baltimore City,2,41,027-049,DEMOCRATIC,569,464,863,86,2398
Baltimore City,2,41,027-049,GREEN,2,1,3,0,6
Baltimore City,2,41,027-049,LIBERTARIAN,4,1,2,0,11
Baltimore City,2,41,027-049,NO LABELS MARYLAND,2,0,1,0,3
Baltimore City,2,41,027-049,OTHER PARTIES,6,5,1,3,22
Baltimore City,2,41,027-049,REPUBLICAN,72,30,60,8,254
Baltimore City,2,41,027-049,UNAFFILIATED,91,40,76,17,373
Baltimore City,7,41,027-050,DEMOCRATIC,273,227,330,37,994
Baltimore City,7,41,027-050,GREEN,0,0,0,0,3
Baltimore City,7,41,027-050,LIBERTARIAN,0,2,0,0,2
Baltimore City,7,41,027-050,NO LABELS MARYLAND,1,0,0,0,1
Baltimore City,7,41,027-050,OTHER PARTIES,4,0,0,0,8
Baltimore City,7,41,027-050,REPUBLICAN,7,7,5,14,29
Baltimore City,7,41,027-050,UNAFFILIATED,42,24,26,9,137
Baltimore City,7,41,027-051,DEMOCRATIC,43,15,42,109,196
Baltimore City,7,41,027-051,GREEN,0,0,0,0,1
Baltimore City,7,41,027-051,LIBERTARIAN,0,0,0,1,0
Baltimore City,7,41,027-051,NO LABELS MARYLAND,0,0,0,0,0
Baltimore City,7,41,027-051,OTHER PARTIES,0,0,0,1,2
Baltimore City,7,41,027-051,REPUBLICAN,2,1,1,5,13
Baltimore City,7,41,027-051,UNAFFILIATED,2,3,2,13,20
Baltimore City,7,41,027-052,DEMOCRATIC,390,348,248,115,2096
Baltimore City,7,41,027-052,GREEN,1,0,0,0,3
Baltimore City,7,41,027-052,LIBERTARIAN,1,0,0,0,4
Baltimore City,7,41,027-052,NO LABELS MARYLAND,0,0,0,1,2
Baltimore City,7,41,027-052,OTHER PARTIES,3,2,1,4,25
Baltimore City,7,41,027-052,REPUBLICAN,19,7,4,7,85
Baltimore City,7,41,027-052,UNAFFILIATED,57,16,19,13,320
Baltimore City,7,40,027-053,DEMOCRATIC,253,173,129,75,1221
Baltimore City,7,40,027-053,GREEN,0,0,0,1,3
Baltimore City,7,40,027-053,LIBERTARIAN,0,0,0,2,4
Baltimore City,7,40,027-053,NO LABELS MARYLAND,0,1,0,0,1
Baltimore City,7,40,027-053,OTHER PARTIES,1,1,0,0,26
Baltimore City,7,40,027-053,REPUBLICAN,5,0,1,5,42
Baltimore City,7,40,027-053,UNAFFILIATED,40,11,12,8,208
Baltimore City,7,40,027-054,DEMOCRATIC,127,68,61,43,643
Baltimore City,7,40,027-054,GREEN,0,0,0,0,0
Baltimore City,7,40,027-054,LIBERTARIAN,1,0,0,0,1
Baltimore City,7,40,027-054,NO LABELS MARYLAND,0,0,0,0,2
Baltimore City,7,40,027-054,OTHER PARTIES,1,2,0,2,17
Baltimore City,7,40,027-054,REPUBLICAN,4,0,4,1,40
Baltimore City,7,40,027-054,UNAFFILIATED,13,12,0,11,133
Baltimore City,7,41,027-055,DEMOCRATIC,60,30,26,45,292
Baltimore City,7,41,027-055,GREEN,0,0,0,1,0
Baltimore City,7,41,027-055,LIBERTARIAN,0,0,0,0,1
Baltimore City,7,41,027-055,NO LABELS MARYLAND,0,0,2,0,2
Baltimore City,7,41,027-055,OTHER PARTIES,1,0,0,2,8
Baltimore City,7,41,027-055,REPUBLICAN,4,0,0,0,16
Baltimore City,7,41,027-055,UNAFFILIATED,6,1,0,4,42
Baltimore City,7,41,027-056,DEMOCRATIC,137,104,72,66,729
Baltimore City,7,41,027-056,GREEN,0,0,0,0,2
Baltimore City,7,41,027-056,LIBERTARIAN,0,0,0,0,0
Baltimore City,7,41,027-056,NO LABELS MARYLAND,0,0,0,0,0
Baltimore City,7,41,027-056,OTHER PARTIES,3,1,0,0,18
Baltimore City,7,41,027-056,REPUBLICAN,1,2,2,5,43
Baltimore City,7,41,027-056,UNAFFILIATED,13,6,4,8,115
Baltimore City,7,41,027-057,DEMOCRATIC,275,272,212,46,1602
Baltimore City,7,41,027-057,GREEN,0,0,0,0,1
Baltimore City,7,41,027-057,LIBERTARIAN,1,0,0,0,3
Baltimore City,7,41,027-057,NO LABELS MARYLAND,1,1,0,0,5
Baltimore City,7,41,027-057,OTHER PARTIES,2,3,0,0,29
Baltimore City,7,41,027-057,REPUBLICAN,7,5,5,4,72
Baltimore City,7,41,027-057,UNAFFILIATED,33,11,10,3,249
Baltimore City,7,41,027-058,DEMOCRATIC,77,72,65,6,524
Baltimore City,7,41,027-058,GREEN,0,0,0,0,0
Baltimore City,7,41,027-058,LIBERTARIAN,0,0,0,0,0
Baltimore City,7,41,027-058,NO LABELS MARYLAND,0,1,0,0,3
Baltimore City,7,41,027-058,OTHER PARTIES,0,1,1,0,8
Baltimore City,7,41,027-058,REPUBLICAN,4,3,1,0,31
Baltimore City,7,41,027-058,UNAFFILIATED,12,8,0,0,83
Baltimore City,7,41,027-059,DEMOCRATIC,101,147,96,213,738
Baltimore City,7,41,027-059,GREEN,2,0,1,0,3
Baltimore City,7,41,027-059,LIBERTARIAN,1,0,0,0,2
Baltimore City,7,41,027-059,NO LABELS MARYLAND,0,0,0,3,2
Baltimore City,7,41,027-059,OTHER PARTIES,2,2,2,2,18
Baltimore City,7,41,027-059,REPUBLICAN,4,1,5,17,34
Baltimore City,7,41,027-059,UNAFFILIATED,14,11,5,28,125
Baltimore City,7,41,027-060,DEMOCRATIC,187,368,230,23,1349
Baltimore City,7,41,027-060,GREEN,0,0,1,0,2
Baltimore City,7,41,027-060,LIBERTARIAN,0,0,0,0,1
Baltimore City,7,41,027-060,NO LABELS MARYLAND,3,0,0,0,5
Baltimore City,7,41,027-060,OTHER PARTIES,3,2,0,0,21
Baltimore City,7,41,027-060,REPUBLICAN,16,24,17,4,129
Baltimore City,7,41,027-060,UNAFFILIATED,27,26,23,4,228
Baltimore City,7,41,027-061,DEMOCRATIC,88,109,93,73,578
Baltimore City,7,41,027-061,GREEN,0,0,0,0,1
Baltimore City,7,41,027-061,LIBERTARIAN,1,0,1,0,2
Baltimore City,7,41,027-061,NO LABELS MARYLAND,0,0,0,1,0
Baltimore City,7,41,027-061,OTHER PARTIES,1,2,1,4,13
Baltimore City,7,41,027-061,REPUBLICAN,8,7,7,15,49
Baltimore City,7,41,027-061,UNAFFILIATED,10,6,6,13,88
Baltimore City,7,41,027-062,DEMOCRATIC,169,297,363,21,1298
Baltimore City,7,41,027-062,GREEN,0,0,1,0,2
Baltimore City,7,41,027-062,LIBERTARIAN,1,1,0,1,6
Baltimore City,7,41,027-062,NO LABELS MARYLAND,0,0,0,0,0
Baltimore City,7,41,027-062,OTHER PARTIES,4,0,3,1,15
Baltimore City,7,41,027-062,REPUBLICAN,63,38,51,6,296
Baltimore City,7,41,027-062,UNAFFILIATED,40,32,42,3,303
Baltimore City,7,41,027-063,DEMOCRATIC,309,289,246,27,1320
Baltimore City,7,41,027-063,GREEN,0,0,1,0,2
Baltimore City,7,41,027-063,LIBERTARIAN,1,0,1,0,1
Baltimore City,7,41,027-063,NO LABELS MARYLAND,1,1,0,0,3
Baltimore City,7,41,027-063,OTHER PARTIES,0,2,2,0,12
Baltimore City,7,41,027-063,REPUBLICAN,75,41,37,10,264
Baltimore City,7,41,027-063,UNAFFILIATED,44,29,31,6,249
Baltimore City,7,41,027-064,DEMOCRATIC,326,271,277,40,1231
Baltimore City,7,41,027-064,GREEN,0,0,0,0,3
Baltimore City,7,41,027-064,LIBERTARIAN,4,0,0,0,8
Baltimore City,7,41,027-064,NO LABELS MARYLAND,0,0,2,0,3
Baltimore City,7,41,027-064,OTHER PARTIES,3,0,1,0,11
Baltimore City,7,41,027-064,REPUBLICAN,89,69,66,14,366
Baltimore City,7,41,027-064,UNAFFILIATED,74,29,41,16,305
Baltimore City,7,41,027-065,DEMOCRATIC,350,368,528,54,1838
Baltimore City,7,41,027-065,GREEN,1,0,0,0,1
Baltimore City,7,41,027-065,LIBERTARIAN,2,0,1,0,9
Baltimore City,7,41,027-065,NO LABELS MARYLAND,1,0,0,0,2
Baltimore City,7,41,027-065,OTHER PARTIES,7,7,0,2,24
Baltimore City,7,41,027-065,REPUBLICAN,148,96,110,29,624
Baltimore City,7,41,027-065,UNAFFILIATED,96,59,80,14,487
Baltimore City,7,41,027-066,DEMOCRATIC,287,343,424,43,1564
Baltimore City,7,41,027-066,GREEN,1,1,0,0,3
Baltimore City,7,41,027-066,LIBERTARIAN,1,0,0,0,7
Baltimore City,7,41,027-066,NO LABELS MARYLAND,0,0,0,0,0
Baltimore City,7,41,027-066,OTHER PARTIES,6,2,1,2,20
Baltimore City,7,41,027-066,REPUBLICAN,109,95,93,18,506
Baltimore City,7,41,027-066,UNAFFILIATED,74,50,56,5,401
Baltimore City,7,41,027-067,DEMOCRATIC,390,266,260,126,1543
Baltimore City,7,41,027-067,GREEN,0,0,0,0,0
Baltimore City,7,41,027-067,LIBERTARIAN,3,2,0,0,7
Baltimore City,7,41,027-067,NO LABELS MARYLAND,0,0,1,0,3
Baltimore City,7,41,027-067,OTHER PARTIES,2,0,1,1,19
Baltimore City,7,41,027-067,REPUBLICAN,51,28,40,19,232
Baltimore City,7,41,027-067,UNAFFILIATED,58,16,30,25,340
Baltimore City,7,41,027-069,DEMOCRATIC,27,14,35,8,98
Baltimore City,7,41,027-069,GREEN,0,0,1,0,1
Baltimore City,7,41,027-069,LIBERTARIAN,0,0,0,0,0
Baltimore City,7,41,027-069,NO LABELS MARYLAND,0,0,0,0,0
Baltimore City,7,41,027-069,OTHER PARTIES,0,0,0,0,0
Baltimore City,7,41,027-069,REPUBLICAN,6,0,4,2,21
Baltimore City,7,41,027-069,UNAFFILIATED,4,3,1,1,23
Baltimore City,7,41,028-001,DEMOCRATIC,187,210,172,22,1012
Baltimore City,7,41,028-001,GREEN,0,0,1,0,2
Baltimore City,7,41,028-001,LIBERTARIAN,1,0,1,0,5
Baltimore City,7,41,028-001,NO LABELS MARYLAND,0,0,1,0,3
Baltimore City,7,41,028-001,OTHER PARTIES,1,4,0,0,18
Baltimore City,7,41,028-001,REPUBLICAN,9,11,7,1,53
Baltimore City,7,41,028-001,UNAFFILIATED,26,16,12,2,175
Baltimore City,7,41,028-002,DEMOCRATIC,277,404,326,18,1766
Baltimore City,7,41,028-002,GREEN,0,0,0,0,1
Baltimore City,7,41,028-002,LIBERTARIAN,3,2,1,0,6
Baltimore City,7,41,028-002,NO LABELS MARYLAND,0,0,1,1,5
Baltimore City,7,41,028-002,OTHER PARTIES,2,2,1,0,19
Baltimore City,7,41,028-002,REPUBLICAN,9,10,10,0,83
Baltimore City,7,41,028-002,UNAFFILIATED,34,21,12,1,223
Baltimore City,7,41,028-003,DEMOCRATIC,67,91,50,6,383
Baltimore City,7,41,028-003,GREEN,0,0,0,0,0
Baltimore City,7,41,028-003,LIBERTARIAN,0,0,1,0,1
Baltimore City,7,41,028-003,NO LABELS MARYLAND,0,0,0,0,0
Baltimore City,7,41,028-003,OTHER PARTIES,2,1,1,0,7
Baltimore City,7,41,028-003,REPUBLICAN,2,4,2,1,14
Baltimore City,7,41,028-003,UNAFFILIATED,11,7,7,1,63
Baltimore City,7,41,028-004,DEMOCRATIC,113,90,76,25,535
Baltimore City,7,41,028-004,GREEN,0,0,0,0,0
Baltimore City,7,41,028-004,LIBERTARIAN,0,0,0,0,2
Baltimore City,7,41,028-004,NO LABELS MARYLAND,0,0,0,0,1
Baltimore City,7,41,028-004,OTHER PARTIES,1,0,0,0,10
Baltimore City,7,41,028-004,REPUBLICAN,6,2,3,0,26
Baltimore City,7,41,028-004,UNAFFILIATED,17,11,14,1,112
Baltimore City,7,41,028-005,DEMOCRATIC,280,255,214,81,1309
Baltimore City,7,41,028-005,GREEN,0,0,0,0,0
Baltimore City,7,41,028-005,LIBERTARIAN,1,0,0,0,4
Baltimore City,7,41,028-005,NO LABELS MARYLAND,0,0,0,0,2
Baltimore City,7,41,028-005,OTHER PARTIES,6,1,2,1,22
Baltimore City,7,41,028-005,REPUBLICAN,5,5,3,5,56
Baltimore City,7,41,028-005,UNAFFILIATED,27,24,12,20,199
Baltimore City,7,41,028-006,DEMOCRATIC,412,394,308,34,1996
Baltimore City,7,41,028-006,GREEN,0,0,0,1,2
Baltimore City,7,41,028-006,LIBERTARIAN,1,2,0,0,8
Baltimore City,7,41,028-006,NO LABELS MARYLAND,0,0,0,0,2
Baltimore City,7,41,028-006,OTHER PARTIES,5,2,0,0,27
Baltimore City,7,41,028-006,REPUBLICAN,15,9,7,0,73
Baltimore City,7,41,028-006,UNAFFILIATED,56,31,24,2,292
Baltimore City,7,41,028-007,DEMOCRATIC,219,209,135,19,905
Baltimore City,7,41,028-007,GREEN,0,0,0,0,0
Baltimore City,7,41,028-007,LIBERTARIAN,2,0,0,0,7
Baltimore City,7,41,028-007,NO LABELS MARYLAND,0,0,0,0,0
Baltimore City,7,41,028-007,OTHER PARTIES,2,1,1,0,20
Baltimore City,7,41,028-007,REPUBLICAN,12,7,4,1,57
Baltimore City,7,41,028-007,UNAFFILIATED,28,18,13,6,153
Baltimore City,7,41,028-008,DEMOCRATIC,244,217,199,29,1220
Baltimore City,7,41,028-008,GREEN,1,0,0,0,3
Baltimore City,7,41,028-008,LIBERTARIAN,1,0,0,0,2
Baltimore City,7,41,028-008,NO LABELS MARYLAND,0,2,3,0,7
Baltimore City,7,41,028-008,OTHER PARTIES,1,2,2,0,25
Baltimore City,7,41,028-008,REPUBLICAN,3,7,2,1,45
Baltimore City,7,41,028-008,UNAFFILIATED,33,18,19,3,211
Baltimore City,7,41,028-009,DEMOCRATIC,382,182,228,69,1514
Baltimore City,7,41,028-009,GREEN,1,0,0,0,2
Baltimore City,7,41,028-009,LIBERTARIAN,2,0,0,1,7
Baltimore City,7,41,028-009,NO LABELS MARYLAND,0,0,0,0,2
Baltimore City,7,41,028-009,OTHER PARTIES,4,1,0,6,18
Baltimore City,7,41,028-009,REPUBLICAN,19,10,5,5,92
Baltimore City,7,41,028-009,UNAFFILIATED,73,30,25,13,296
Baltimore City,7,41,028-010,DEMOCRATIC,284,426,304,66,1574
Baltimore City,7,41,028-010,GREEN,0,0,0,0,0
Baltimore City,7,41,028-010,LIBERTARIAN,0,0,0,0,1
Baltimore City,7,41,028-010,NO LABELS MARYLAND,1,0,0,1,3
Baltimore City,7,41,028-010,OTHER PARTIES,3,1,2,0,20
Baltimore City,7,41,028-010,REPUBLICAN,22,13,7,9,89
Baltimore City,7,41,028-010,UNAFFILIATED,55,36,18,13,250
Baltimore City,7,41,028-011,DEMOCRATIC,284,364,284,29,1588
Baltimore City,7,41,028-011,GREEN,0,0,0,0,1
Baltimore City,7,41,028-011,LIBERTARIAN,0,1,2,0,4
Baltimore City,7,41,028-011,NO LABELS MARYLAND,0,0,2,0,5
Baltimore City,7,41,028-011,OTHER PARTIES,5,2,3,0,27
Baltimore City,7,41,028-011,REPUBLICAN,16,11,7,1,71
Baltimore City,7,41,028-011,UNAFFILIATED,37,36,24,3,238
Baltimore City,7,41,028-012,DEMOCRATIC,202,323,226,28,1104
Baltimore City,7,41,028-012,GREEN,0,1,1,0,4
Baltimore City,7,41,028-012,LIBERTARIAN,1,2,3,1,8
Baltimore City,7,41,028-012,NO LABELS MARYLAND,0,2,0,0,3
Baltimore City,7,41,028-012,OTHER PARTIES,1,2,1,0,16
Baltimore City,7,41,028-012,REPUBLICAN,21,23,10,3,93
Baltimore City,7,41,028-012,UNAFFILIATED,41,36,33,6,225
Baltimore City,7,41,028-013,DEMOCRATIC,172,209,174,283,1075
Baltimore City,7,41,028-013,GREEN,0,0,1,0,1
Baltimore City,7,41,028-013,LIBERTARIAN,0,0,0,1,2
Baltimore City,7,41,028-013,NO LABELS MARYLAND,2,0,0,1,3
Baltimore City,7,41,028-013,OTHER PARTIES,1,1,2,3,15
Baltimore City,7,41,028-013,REPUBLICAN,6,2,3,13,54
Baltimore City,7,41,028-013,UNAFFILIATED,19,10,15,57,158
Baltimore City,7,41,028-014,DEMOCRATIC,113,99,50,25,483
Baltimore City,7,41,028-014,GREEN,0,1,0,0,3
Baltimore City,7,41,028-014,LIBERTARIAN,1,0,0,0,4
Baltimore City,7,41,028-014,NO LABELS MARYLAND,0,0,0,0,0
Baltimore City,7,41,028-014,OTHER PARTIES,1,0,0,0,6
Baltimore City,7,41,028-014,REPUBLICAN,1,6,2,0,29
Baltimore City,7,41,028-014,UNAFFILIATED,14,5,4,4,79
Baltimore City,7,41,028-015,DEMOCRATIC,268,232,248,49,1238
Baltimore City,7,41,028-015,GREEN,1,0,0,2,2
Baltimore City,7,41,028-015,LIBERTARIAN,2,3,1,1,11
Baltimore City,7,41,028-015,NO LABELS MARYLAND,0,0,0,1,0
Baltimore City,7,41,028-015,OTHER PARTIES,4,2,1,0,22
Baltimore City,7,41,028-015,REPUBLICAN,38,37,26,3,159
Baltimore City,7,41,028-015,UNAFFILIATED,74,27,39,12,305
Baltimore City,,,Unable to Determine,DEMOCRATIC,0,0,0,1128,
Baltimore City,,,Unable to Determine,GREEN,0,0,0,0,
Baltimore City,,,Unable to Determine,LIBERTARIAN,0,0,0,3,
Baltimore City,,,Unable to Determine,NO LABELS MARYLAND,0,0,0,7,
Baltimore City,,,Unable to Determine,OTHER PARTIES,0,0,0,20,
Baltimore City,,,Unable to Determine,REPUBLICAN,0,0,0,79,
Baltimore City,,,Unable to Determine,UNAFFILIATED,0,0,0,152,
Baltimore County,7,44B,001-001,DEMOCRATIC,468,528,348,136,2139
Baltimore County,7,44B,001-001,GREEN,1,0,1,1,4
Baltimore County,7,44B,001-001,LIBERTARIAN,5,2,2,0,12
Baltimore County,7,44B,001-001,NO LABELS MARYLAND,1,0,1,1,3
Baltimore County,7,44B,001-001,OTHER PARTIES,7,6,2,0,45
Baltimore County,7,44B,001-001,REPUBLICAN,40,34,21,8,172
Baltimore County,7,44B,001-001,UNAFFILIATED,99,74,50,22,495
Baltimore County,2,10,001-002,DEMOCRATIC,326,278,154,97,1230
Baltimore County,2,10,001-002,GREEN,0,0,0,1,4
Baltimore County,2,10,001-002,LIBERTARIAN,2,0,0,0,2
Baltimore County,2,10,001-002,NO LABELS MARYLAND,0,0,0,0,2
Baltimore County,2,10,001-002,OTHER PARTIES,1,0,0,3,17
Baltimore County,2,10,001-002,REPUBLICAN,38,20,12,18,128
Baltimore County,2,10,001-002,UNAFFILIATED,75,25,22,18,256
Baltimore County,2,44B,001-003,DEMOCRATIC,566,529,514,73,2173
Baltimore County,2,44B,001-003,GREEN,2,0,1,0,4
Baltimore County,2,44B,001-003,LIBERTARIAN,2,1,2,1,8
Baltimore County,2,44B,001-003,NO LABELS MARYLAND,1,1,2,0,6
Baltimore County,2,44B,001-003,OTHER PARTIES,9,13,3,0,45
Baltimore County,2,44B,001-003,REPUBLICAN,195,184,113,14,671
Baltimore County,2,44B,001-003,UNAFFILIATED,191,138,103,24,750
Baltimore County,2,44B,001-004,DEMOCRATIC,548,517,511,46,2295
Baltimore County,2,44B,001-004,GREEN,6,1,1,1,11
Baltimore County,2,44B,001-004,LIBERTARIAN,4,3,4,0,18
Baltimore County,2,44B,001-004,NO LABELS MARYLAND,3,0,1,0,7
Baltimore County,2,44B,001-004,OTHER PARTIES,5,10,2,2,46
Baltimore County,2,44B,001-004,REPUBLICAN,131,104,85,17,487
Baltimore County,2,44B,001-004,UNAFFILIATED,166,81,85,22,654
Baltimore County,7,44B,001-005,DEMOCRATIC,645,649,454,93,2706
Baltimore County,7,44B,001-005,GREEN,2,1,0,1,3
Baltimore County,7,44B,001-005,LIBERTARIAN,3,3,4,1,20
Baltimore County,7,44B,001-005,NO LABELS MARYLAND,2,1,1,2,8
Baltimore County,7,44B,001-005,OTHER PARTIES,12,7,2,2,44
Baltimore County,7,44B,001-005,REPUBLICAN,138,97,64,23,462
Baltimore County,7,44B,001-005,UNAFFILIATED,182,87,87,33,739
Baltimore County,7,44B,001-006,DEMOCRATIC,824,789,459,119,3105
Baltimore County,7,44B,001-006,GREEN,0,1,0,0,5
Baltimore County,7,44B,001-006,LIBERTARIAN,2,2,1,1,8
Baltimore County,7,44B,001-006,NO LABELS MARYLAND,1,0,0,0,5
Baltimore County,7,44B,001-006,OTHER PARTIES,8,4,0,2,46
Baltimore County,7,44B,001-006,REPUBLICAN,50,41,20,6,187
Baltimore County,7,44B,001-006,UNAFFILIATED,115,89,49,24,582
Baltimore County,7,44A,001-007,DEMOCRATIC,410,255,219,56,1309
Baltimore County,7,44A,001-007,GREEN,0,0,0,0,2
Baltimore County,7,44A,001-007,LIBERTARIAN,6,1,1,0,15
Baltimore County,7,44A,001-007,NO LABELS MARYLAND,1,0,1,0,5
Baltimore County,7,44A,001-007,OTHER PARTIES,7,2,1,1,30
Baltimore County,7,44A,001-007,REPUBLICAN,121,67,41,18,334
Baltimore County,7,44A,001-007,UNAFFILIATED,135,67,51,20,450
Baltimore County,7,44A,001-008,DEMOCRATIC,512,539,504,79,2086
Baltimore County,7,44A,001-008,GREEN,2,0,3,2,12
Baltimore County,7,44A,001-008,LIBERTARIAN,9,8,2,0,27
Baltimore County,7,44A,001-008,NO LABELS MARYLAND,2,1,3,1,9
Baltimore County,7,44A,001-008,OTHER PARTIES,12,6,7,0,49
Baltimore County,7,44A,001-008,REPUBLICAN,273,232,112,18,826
Baltimore County,7,44A,001-008,UNAFFILIATED,260,176,141,25,941
Baltimore County,7,44A,001-009,DEMOCRATIC,396,291,309,46,1376
Baltimore County,7,44A,001-009,GREEN,0,2,0,0,4
Baltimore County,7,44A,001-009,LIBERTARIAN,5,1,1,0,9
Baltimore County,7,44A,001-009,NO LABELS MARYLAND,1,0,2,0,5
Baltimore County,7,44A,001-009,OTHER PARTIES,7,6,3,3,29
Baltimore County,7,44A,001-009,REPUBLICAN,169,116,61,16,488
Baltimore County,7,44A,001-009,UNAFFILIATED,144,68,66,12,520
Baltimore County,2,44B,001-010,DEMOCRATIC,310,351,382,32,1236
Baltimore County,2,44B,001-010,GREEN,2,0,0,0,2
Baltimore County,2,44B,001-010,LIBERTARIAN,6,1,0,0,10
Baltimore County,2,44B,001-010,NO LABELS MARYLAND,1,0,0,0,2
Baltimore County,2,44B,001-010,OTHER PARTIES,6,7,1,2,20
Baltimore County,2,44B,001-010,REPUBLICAN,211,215,94,9,637
Baltimore County,2,44B,001-010,UNAFFILIATED,160,94,111,8,500
Baltimore County,2,10,001-011,DEMOCRATIC,370,339,414,34,1483
Baltimore County,2,10,001-011,GREEN,1,0,0,1,2
Baltimore County,2,10,001-011,LIBERTARIAN,5,7,1,0,17
Baltimore County,2,10,001-011,NO LABELS MARYLAND,0,0,2,0,3
Baltimore County,2,10,001-011,OTHER PARTIES,6,4,7,0,33
Baltimore County,2,10,001-011,REPUBLICAN,207,172,102,12,604
Baltimore County,2,10,001-011,UNAFFILIATED,161,101,121,12,592
Baltimore County,2,10,001-012,DEMOCRATIC,464,551,731,54,2045
Baltimore County,2,10,001-012,GREEN,3,0,1,0,5
Baltimore County,2,10,001-012,LIBERTARIAN,16,4,4,0,28
Baltimore County,2,10,001-012,NO LABELS MARYLAND,1,0,1,1,4
Baltimore County,2,10,001-012,OTHER PARTIES,4,10,4,1,31
Baltimore County,2,10,001-012,REPUBLICAN,348,356,215,23,1132
Baltimore County,2,10,001-012,UNAFFILIATED,261,204,231,23,962
Baltimore County,2,44B,001-013,DEMOCRATIC,236,253,300,30,911
Baltimore County,2,44B,001-013,GREEN,0,0,0,1,1
Baltimore County,2,44B,001-013,LIBERTARIAN,3,0,0,1,6
Baltimore County,2,44B,001-013,NO LABELS MARYLAND,0,0,1,1,1
Baltimore County,2,44B,001-013,OTHER PARTIES,5,5,1,0,14
Baltimore County,2,44B,001-013,REPUBLICAN,139,152,60,11,423
Baltimore County,2,44B,001-013,UNAFFILIATED,116,76,87,8,385
Baltimore County,2,10,001-014,DEMOCRATIC,180,286,303,33,902
Baltimore County,2,10,001-014,GREEN,0,0,0,0,1
Baltimore County,2,10,001-014,LIBERTARIAN,4,0,0,1,9
Baltimore County,2,10,001-014,NO LABELS MARYLAND,0,0,0,0,0
Baltimore County,2,10,001-014,OTHER PARTIES,4,5,2,0,14
Baltimore County,2,10,001-014,REPUBLICAN,184,235,135,16,670
Baltimore County,2,10,001-014,UNAFFILIATED,118,92,114,22,420
Baltimore County,7,44B,001-015,DEMOCRATIC,181,240,228,109,834
Baltimore County,7,44B,001-015,GREEN,0,0,1,1,3
Baltimore County,7,44B,001-015,LIBERTARIAN,4,0,0,0,7
Baltimore County,7,44B,001-015,NO LABELS MARYLAND,1,0,0,0,2
Baltimore County,7,44B,001-015,OTHER PARTIES,2,3,2,3,18
Baltimore County,7,44B,001-015,REPUBLICAN,113,168,66,25,463
Baltimore County,7,44B,001-015,UNAFFILIATED,89,82,88,67,412
Baltimore County,7,44A,001-016,DEMOCRATIC,302,106,715,30,1313
Baltimore County,7,44A,001-016,GREEN,0,0,1,0,1
Baltimore County,7,44A,001-016,LIBERTARIAN,0,0,1,0,1
Baltimore County,7,44A,001-016,NO LABELS MARYLAND,0,0,1,0,1
Baltimore County,7,44A,001-016,OTHER PARTIES,15,4,1,2,26
Baltimore County,7,44A,001-016,REPUBLICAN,227,103,280,20,760
Baltimore County,7,44A,001-016,UNAFFILIATED,69,29,97,2,279
Baltimore County,2,10,001-017,DEMOCRATIC,879,845,495,172,3403
Baltimore County,2,10,001-017,GREEN,1,1,1,2,7
Baltimore County,2,10,001-017,LIBERTARIAN,4,0,1,0,13
Baltimore County,2,10,001-017,NO LABELS MARYLAND,2,1,1,0,9
Baltimore County,2,10,001-017,OTHER PARTIES,12,14,1,2,65
Baltimore County,2,10,001-017,REPUBLICAN,68,44,41,13,265
Baltimore County,2,10,001-017,UNAFFILIATED,225,131,94,31,878
Baltimore County,7,10,001-018,DEMOCRATIC,42,44,36,0,204
Baltimore County,7,10,001-018,GREEN,0,0,0,0,0
Baltimore County,7,10,001-018,LIBERTARIAN,0,0,0,0,0
Baltimore County,7,10,001-018,NO LABELS MARYLAND,0,0,0,0,0
Baltimore County,7,10,001-018,OTHER PARTIES,0,0,0,0,0
Baltimore County,7,10,001-018,REPUBLICAN,6,3,1,0,21
Baltimore County,7,10,001-018,UNAFFILIATED,9,4,7,0,48
Baltimore County,7,44B,001-019,DEMOCRATIC,12,8,19,2,53
Baltimore County,7,44B,001-019,GREEN,0,0,0,0,0
Baltimore County,7,44B,001-019,LIBERTARIAN,0,1,0,0,1
Baltimore County,7,44B,001-019,NO LABELS MARYLAND,0,0,0,0,0
Baltimore County,7,44B,001-019,OTHER PARTIES,1,0,0,0,1
Baltimore County,7,44B,001-019,REPUBLICAN,0,10,3,0,21
Baltimore County,7,44B,001-019,UNAFFILIATED,3,1,1,1,10
Baltimore County,2,44A,001-020,DEMOCRATIC,171,172,194,20,720
Baltimore County,2,44A,001-020,GREEN,1,0,0,0,1
Baltimore County,2,44A,001-020,LIBERTARIAN,1,3,0,0,4
Baltimore County,2,44A,001-020,NO LABELS MARYLAND,0,0,1,0,1
Baltimore County,2,44A,001-020,OTHER PARTIES,4,4,2,1,21
Baltimore County,2,44A,001-020,REPUBLICAN,65,76,38,3,231
Baltimore County,2,44A,001-020,UNAFFILIATED,83,48,36,7,272
Baltimore County,7,44B,001-021,DEMOCRATIC,209,309,172,22,998
Baltimore County,7,44B,001-021,GREEN,0,0,1,0,1
Baltimore County,7,44B,001-021,LIBERTARIAN,2,0,0,0,6
Baltimore County,7,44B,001-021,NO LABELS MARYLAND,0,0,1,0,3
Baltimore County,7,44B,001-021,OTHER PARTIES,4,0,2,1,17
Baltimore County,7,44B,001-021,REPUBLICAN,19,27,12,1,84
Baltimore County,7,44B,001-021,UNAFFILIATED,53,47,21,3,223
Baltimore County,7,10,001-022,DEMOCRATIC,4,7,10,0,24
Baltimore County,7,10,001-022,GREEN,0,0,0,0,0
Baltimore County,7,10,001-022,LIBERTARIAN,0,0,0,0,0
Baltimore County,7,10,001-022,NO LABELS MARYLAND,0,0,0,0,0
Baltimore County,7,10,001-022,OTHER PARTIES,1,0,0,0,1
Baltimore County,7,10,001-022,REPUBLICAN,2,5,1,0,13
Baltimore County,7,10,001-022,UNAFFILIATED,1,3,1,0,8
Baltimore County,7,44A,001-023,DEMOCRATIC,332,278,269,13,1143
Baltimore County,7,44A,001-023,GREEN,0,0,1,0,2
Baltimore County,7,44A,001-023,LIBERTARIAN,1,3,0,0,15
Baltimore County,7,44A,001-023,NO LABELS MARYLAND,0,0,1,0,2
Baltimore County,7,44A,001-023,OTHER PARTIES,6,9,2,0,42
Baltimore County,7,44A,001-023,REPUBLICAN,159,152,48,5,475
Baltimore County,7,44A,001-023,UNAFFILIATED,138,74,75,11,494
Baltimore County,7,44B,002-001,DEMOCRATIC,332,402,274,58,1412
Baltimore County,7,44B,002-001,GREEN,0,0,0,0,1
Baltimore County,7,44B,002-001,LIBERTARIAN,1,0,0,0,3
Baltimore County,7,44B,002-001,NO LABELS MARYLAND,0,0,1,0,1
Baltimore County,7,44B,002-001,OTHER PARTIES,4,4,1,1,20
Baltimore County,7,44B,002-001,REPUBLICAN,14,16,10,1,64
Baltimore County,7,44B,002-001,UNAFFILIATED,40,27,31,2,209
Baltimore County,7,44B,002-002,DEMOCRATIC,531,731,527,88,2782
Baltimore County,7,44B,002-002,GREEN,0,0,0,0,0
Baltimore County,7,44B,002-002,LIBERTARIAN,1,1,2,0,10
Baltimore County,7,44B,002-002,NO LABELS MARYLAND,0,0,0,0,10
Baltimore County,7,44B,002-002,OTHER PARTIES,10,5,1,0,43
Baltimore County,7,44B,002-002,REPUBLICAN,27,22,9,3,120
Baltimore County,7,44B,002-002,UNAFFILIATED,68,58,34,15,435
Baltimore County,2,44B,002-003,DEMOCRATIC,47,76,60,16,278
Baltimore County,2,44B,002-003,GREEN,0,0,0,0,0
Baltimore County,2,44B,002-003,LIBERTARIAN,0,0,0,0,2
Baltimore County,2,44B,002-003,NO LABELS MARYLAND,0,0,0,0,0
Baltimore County,2,44B,002-003,OTHER PARTIES,0,1,1,0,3
Baltimore County,2,44B,002-003,REPUBLICAN,3,1,1,1,16
Baltimore County,2,44B,002-003,UNAFFILIATED,13,4,9,0,51
Baltimore County,7,44B,002-004,DEMOCRATIC,583,688,513,87,2622
Baltimore County,7,44B,002-004,GREEN,1,0,0,1,4
Baltimore County,7,44B,002-004,LIBERTARIAN,2,2,0,0,8
Baltimore County,7,44B,002-004,NO LABELS MARYLAND,1,1,3,0,9
Baltimore County,7,44B,002-004,OTHER PARTIES,4,8,1,0,34
Baltimore County,7,44B,002-004,REPUBLICAN,25,21,7,10,122
Baltimore County,7,44B,002-004,UNAFFILIATED,93,48,52,19,436
Baltimore County,7,44B,002-005,DEMOCRATIC,449,505,330,32,1815
Baltimore County,7,44B,002-005,GREEN,1,0,0,0,2
Baltimore County,7,44B,002-005,LIBERTARIAN,1,0,0,0,5
Baltimore County,7,44B,002-005,NO LABELS MARYLAND,1,0,1,1,5
Baltimore County,7,44B,002-005,OTHER PARTIES,3,8,2,1,30
Baltimore County,7,44B,002-005,REPUBLICAN,29,13,11,4,92
Baltimore County,7,44B,002-005,UNAFFILIATED,70,43,21,4,293
Baltimore County,7,44B,002-006,DEMOCRATIC,643,762,576,92,2815
Baltimore County,7,44B,002-006,GREEN,0,0,2,0,6
Baltimore County,7,44B,002-006,LIBERTARIAN,1,3,0,0,7
Baltimore County,7,44B,002-006,NO LABELS MARYLAND,1,0,0,1,5
Baltimore County,7,44B,002-006,OTHER PARTIES,8,7,3,2,52
Baltimore County,7,44B,002-006,REPUBLICAN,34,29,21,9,156
Baltimore County,7,44B,002-006,UNAFFILIATED,119,73,48,13,505
Baltimore County,7,44B,002-007,DEMOCRATIC,344,369,220,61,1485
Baltimore County,7,44B,002-007,GREEN,2,0,0,0,2
Baltimore County,7,44B,002-007,LIBERTARIAN,1,0,1,0,5
Baltimore County,7,44B,002-007,NO LABELS MARYLAND,1,2,0,0,5
Baltimore County,7,44B,002-007,OTHER PARTIES,2,5,0,3,21
Baltimore County,7,44B,002-007,REPUBLICAN,13,4,13,3,64
Baltimore County,7,44B,002-007,UNAFFILIATED,69,30,25,16,278
Baltimore County,2,11B,002-008,DEMOCRATIC,507,738,645,79,2511
Baltimore County,2,11B,002-008,GREEN,0,0,0,0,2
Baltimore County,2,11B,002-008,LIBERTARIAN,1,4,1,0,11
Baltimore County,2,11B,002-008,NO LABELS MARYLAND,1,1,0,0,4
Baltimore County,2,11B,002-008,OTHER PARTIES,3,4,2,2,25
Baltimore County,2,11B,002-008,REPUBLICAN,27,37,38,5,162
Baltimore County,2,11B,002-008,UNAFFILIATED,83,64,56,17,398
Baltimore County,7,10,002-009,DEMOCRATIC,421,453,302,69,1788
Baltimore County,7,10,002-009,GREEN,0,0,0,0,1
Baltimore County,7,10,002-009,LIBERTARIAN,1,0,0,0,2
Baltimore County,7,10,002-009,NO LABELS MARYLAND,1,1,0,0,7
Baltimore County,7,10,002-009,OTHER PARTIES,6,4,3,1,26
Baltimore County,7,10,002-009,REPUBLICAN,18,12,17,2,82
Baltimore County,7,10,002-009,UNAFFILIATED,80,50,30,19,347
Baltimore County,7,10,002-010,DEMOCRATIC,636,1138,657,93,3397
Baltimore County,7,10,002-010,GREEN,0,0,2,1,4
Baltimore County,7,10,002-010,LIBERTARIAN,2,2,0,1,8
Baltimore County,7,10,002-010,NO LABELS MARYLAND,1,2,1,0,8
Baltimore County,7,10,002-010,OTHER PARTIES,7,3,2,3,47
Baltimore County,7,10,002-010,REPUBLICAN,43,44,21,13,199
Baltimore County,7,10,002-010,UNAFFILIATED,131,107,58,17,619
Baltimore County,2,10,002-011,DEMOCRATIC,679,706,464,120,3138
Baltimore County,2,10,002-011,GREEN,0,0,0,0,2
Baltimore County,2,10,002-011,LIBERTARIAN,3,7,1,1,27
Baltimore County,2,10,002-011,NO LABELS MARYLAND,2,1,1,0,9
Baltimore County,2,10,002-011,OTHER PARTIES,12,5,4,2,61
Baltimore County,2,10,002-011,REPUBLICAN,75,52,50,9,296
Baltimore County,2,10,002-011,UNAFFILIATED,127,92,70,33,695
Baltimore County,2,10,002-012,DEMOCRATIC,596,1159,697,141,3596
Baltimore County,2,10,002-012,GREEN,2,2,0,0,7
Baltimore County,2,10,002-012,LIBERTARIAN,4,4,0,1,13
Baltimore County,2,10,002-012,NO LABELS MARYLAND,1,0,2,1,8
Baltimore County,2,10,002-012,OTHER PARTIES,12,7,8,3,65
Baltimore County,2,10,002-012,REPUBLICAN,52,85,47,9,306
Baltimore County,2,10,002-012,UNAFFILIATED,132,142,82,31,745
Baltimore County,2,10,002-013,DEMOCRATIC,574,841,600,51,2832
Baltimore County,2,10,002-013,GREEN,1,0,1,0,6
Baltimore County,2,10,002-013,LIBERTARIAN,3,0,1,1,7
Baltimore County,2,10,002-013,NO LABELS MARYLAND,1,1,1,0,3
Baltimore County,2,10,002-013,OTHER PARTIES,9,10,3,0,41
Baltimore County,2,10,002-013,REPUBLICAN,25,42,29,5,173
Baltimore County,2,10,002-013,UNAFFILIATED,98,110,67,7,498
Baltimore County,2,10,002-014,DEMOCRATIC,531,1159,691,86,3276
Baltimore County,2,10,002-014,GREEN,1,0,1,0,2
Baltimore County,2,10,002-014,LIBERTARIAN,1,0,0,0,7
Baltimore County,2,10,002-014,NO LABELS MARYLAND,1,1,1,0,6
Baltimore County,2,10,002-014,OTHER PARTIES,7,8,3,1,39
Baltimore County,2,10,002-014,REPUBLICAN,22,32,16,3,141
Baltimore County,2,10,002-014,UNAFFILIATED,104,100,86,47,572
Baltimore County,2,11A,002-015,DEMOCRATIC,734,1330,857,115,3941
Baltimore County,2,11A,002-015,GREEN,2,1,1,0,6
Baltimore County,2,11A,002-015,LIBERTARIAN,4,0,3,0,8
Baltimore County,2,11A,002-015,NO LABELS MARYLAND,1,6,0,1,11
Baltimore County,2,11A,002-015,OTHER PARTIES,6,12,2,1,43
Baltimore County,2,11A,002-015,REPUBLICAN,63,69,42,7,289
Baltimore County,2,11A,002-015,UNAFFILIATED,180,198,116,34,892
Baltimore County,2,10,002-016,DEMOCRATIC,281,415,248,39,1286
Baltimore County,2,10,002-016,GREEN,1,0,0,0,2
Baltimore County,2,10,002-016,LIBERTARIAN,0,0,0,0,3
Baltimore County,2,10,002-016,NO LABELS MARYLAND,0,0,0,0,0
Baltimore County,2,10,002-016,OTHER PARTIES,3,0,1,0,20
Baltimore County,2,10,002-016,REPUBLICAN,14,16,16,4,76
Baltimore County,2,10,002-016,UNAFFILIATED,57,57,30,8,250
Baltimore County,2,10,002-017,DEMOCRATIC,536,711,449,76,2463
Baltimore County,2,10,002-017,GREEN,1,0,0,0,3
Baltimore County,2,10,002-017,LIBERTARIAN,1,0,1,0,7
Baltimore County,2,10,002-017,NO LABELS MARYLAND,0,1,1,0,3
Baltimore County,2,10,002-017,OTHER PARTIES,5,4,1,1,27
Baltimore County,2,10,002-017,REPUBLICAN,31,32,16,9,119
Baltimore County,2,10,002-017,UNAFFILIATED,89,89,39,13,443
Baltimore County,2,10,002-018,DEMOCRATIC,235,372,235,23,1044
Baltimore County,2,10,002-018,GREEN,3,0,0,0,4
Baltimore County,2,10,002-018,LIBERTARIAN,0,1,0,0,1
Baltimore County,2,10,002-018,NO LABELS MARYLAND,0,0,0,0,0
Baltimore County,2,10,002-018,OTHER PARTIES,2,4,0,0,10
Baltimore County,2,10,002-018,REPUBLICAN,34,47,12,3,125
Baltimore County,2,10,002-018,UNAFFILIATED,55,39,39,2,206
Baltimore County,2,10,002-019,DEMOCRATIC,150,104,117,21,467
Baltimore County,2,10,002-019,GREEN,0,0,1,0,4
Baltimore County,2,10,002-019,LIBERTARIAN,2,0,1,1,7
Baltimore County,2,10,002-019,NO LABELS MARYLAND,0,1,1,1,2
Baltimore County,2,10,002-019,OTHER PARTIES,8,0,0,1,15
Baltimore County,2,10,002-019,REPUBLICAN,221,58,45,8,401
Baltimore County,2,10,002-019,UNAFFILIATED,81,34,30,10,235
Baltimore County,2,10,002-020,DEMOCRATIC,105,268,135,25,656
Baltimore County,2,10,002-020,GREEN,0,0,0,0,0
Baltimore County,2,10,002-020,LIBERTARIAN,3,3,0,0,6
Baltimore County,2,10,002-020,NO LABELS MARYLAND,1,0,0,0,1
Baltimore County,2,10,002-020,OTHER PARTIES,3,3,0,1,8
Baltimore County,2,10,002-020,REPUBLICAN,24,28,18,4,97
Baltimore County,2,10,002-020,UNAFFILIATED,46,26,24,12,166
Baltimore County,2,10,002-021,DEMOCRATIC,151,123,126,13,519
Baltimore County,2,10,002-021,GREEN,0,0,0,0,1
Baltimore County,2,10,002-021,LIBERTARIAN,2,1,0,0,4
Baltimore County,2,10,002-021,NO LABELS MARYLAND,0,0,0,0,1
Baltimore County,2,10,002-021,OTHER PARTIES,2,1,0,0,9
Baltimore County,2,10,002-021,REPUBLICAN,163,87,49,6,369
Baltimore County,2,10,002-021,UNAFFILIATED,72,34,35,6,216
Baltimore County,7,44B,002-022,DEMOCRATIC,331,494,339,48,1768
Baltimore County,7,44B,002-022,GREEN,0,0,0,0,4
Baltimore County,7,44B,002-022,LIBERTARIAN,0,0,2,1,8
Baltimore County,7,44B,002-022,NO LABELS MARYLAND,0,0,1,1,4
Baltimore County,7,44B,002-022,OTHER PARTIES,5,5,3,1,37
Baltimore County,7,44B,002-022,REPUBLICAN,29,31,21,2,141
Baltimore County,7,44B,002-022,UNAFFILIATED,67,57,28,8,317
Baltimore County,7,11B,002-023,DEMOCRATIC,111,119,109,14,507
Baltimore County,7,11B,002-023,GREEN,0,0,0,0,1
Baltimore County,7,11B,002-023,LIBERTARIAN,0,0,0,0,0
Baltimore County,7,11B,002-023,NO LABELS MARYLAND,0,0,0,0,0
Baltimore County,7,11B,002-023,OTHER PARTIES,1,4,1,0,11
Baltimore County,7,11B,002-023,REPUBLICAN,26,17,17,1,101
Baltimore County,7,11B,002-023,UNAFFILIATED,31,9,21,0,116
Baltimore County,2,10,002-024,DEMOCRATIC,458,693,435,43,2189
Baltimore County,2,10,002-024,GREEN,0,0,2,0,3
Baltimore County,2,10,002-024,LIBERTARIAN,3,1,0,0,6
Baltimore County,2,10,002-024,NO LABELS MARYLAND,1,0,1,0,7
Baltimore County,2,10,002-024,OTHER PARTIES,4,6,3,1,27
Baltimore County,2,10,002-024,REPUBLICAN,36,38,18,1,149
Baltimore County,2,10,002-024,UNAFFILIATED,87,76,39,7,376
Baltimore County,2,11A,002-025,DEMOCRATIC,56,37,96,31,229
Baltimore County,2,11A,002-025,GREEN,0,0,0,0,0
Baltimore County,2,11A,002-025,LIBERTARIAN,0,0,0,0,0
Baltimore County,2,11A,002-025,NO LABELS MARYLAND,0,0,0,0,0
Baltimore County,2,11A,002-025,OTHER PARTIES,2,0,1,1,3
Baltimore County,2,11A,002-025,REPUBLICAN,8,5,15,6,36
Baltimore County,2,11A,002-025,UNAFFILIATED,11,6,4,6,31
Baltimore County,2,11A,002-026,DEMOCRATIC,317,495,421,90,1615
Baltimore County,2,11A,002-026,GREEN,2,0,1,0,4
Baltimore County,2,11A,002-026,LIBERTARIAN,2,2,0,0,7
Baltimore County,2,11A,002-026,NO LABELS MARYLAND,0,0,1,0,1
Baltimore County,2,11A,002-026,OTHER PARTIES,4,3,1,0,16
Baltimore County,2,11A,002-026,REPUBLICAN,48,39,30,6,175
Baltimore County,2,11A,002-026,UNAFFILIATED,114,77,65,16,425
Baltimore County,2,10,002-027,DEMOCRATIC,395,585,378,62,1765
Baltimore County,2,10,002-027,GREEN,1,0,0,0,1
Baltimore County,2,10,002-027,LIBERTARIAN,0,2,1,0,4
Baltimore County,2,10,002-027,NO LABELS MARYLAND,0,0,2,0,2
Baltimore County,2,10,002-027,OTHER PARTIES,2,2,1,0,15
Baltimore County,2,10,002-027,REPUBLICAN,33,37,18,8,120
Baltimore County,2,10,002-027,UNAFFILIATED,112,76,52,25,419
Baltimore County,7,10,002-028,DEMOCRATIC,86,100,90,5,397
Baltimore County,7,10,002-028,GREEN,0,0,0,0,0
Baltimore County,7,10,002-028,LIBERTARIAN,0,0,0,0,0
Baltimore County,7,10,002-028,NO LABELS MARYLAND,0,0,0,0,2
Baltimore County,7,10,002-028,OTHER PARTIES,1,0,0,0,4
Baltimore County,7,10,002-028,REPUBLICAN,5,6,4,1,25
Baltimore County,7,10,002-028,UNAFFILIATED,17,17,6,3,76
Baltimore County,2,11A,002-029,DEMOCRATIC,441,612,466,136,2074
Baltimore County,2,11A,002-029,GREEN,1,0,0,0,1
Baltimore County,2,11A,002-029,LIBERTARIAN,4,2,1,0,14
Baltimore County,2,11A,002-029,NO LABELS MARYLAND,1,1,2,0,5
Baltimore County,2,11A,002-029,OTHER PARTIES,5,9,1,4,31
Baltimore County,2,11A,002-029,REPUBLICAN,40,39,28,10,160
Baltimore County,2,11A,002-029,UNAFFILIATED,112,95,81,42,511
Baltimore County,2,10,002-030,DEMOCRATIC,42,71,86,5,249
Baltimore County,2,10,002-030,GREEN,0,0,0,0,0
Baltimore County,2,10,002-030,LIBERTARIAN,3,3,0,0,6
Baltimore County,2,10,002-030,NO LABELS MARYLAND,0,0,0,1,1
Baltimore County,2,10,002-030,OTHER PARTIES,2,2,0,0,5
Baltimore County,2,10,002-030,REPUBLICAN,11,33,26,2,85
Baltimore County,2,10,002-030,UNAFFILIATED,20,18,24,1,88
Baltimore County,7,44B,003-001,DEMOCRATIC,580,882,709,92,3036
Baltimore County,7,44B,003-001,GREEN,0,1,0,0,1
Baltimore County,7,44B,003-001,LIBERTARIAN,1,0,0,1,2
Baltimore County,7,44B,003-001,NO LABELS MARYLAND,2,1,1,0,6
Baltimore County,7,44B,003-001,OTHER PARTIES,4,6,3,2,41
Baltimore County,7,44B,003-001,REPUBLICAN,44,32,34,9,177
Baltimore County,7,44B,003-001,UNAFFILIATED,105,78,48,22,448
Baltimore County,2,11B,003-002,DEMOCRATIC,447,312,453,81,1868
Baltimore County,2,11B,003-002,GREEN,1,0,0,0,3
Baltimore County,2,11B,003-002,LIBERTARIAN,2,1,2,2,8
Baltimore County,2,11B,003-002,NO LABELS MARYLAND,0,0,1,0,2
Baltimore County,2,11B,003-002,OTHER PARTIES,4,6,5,1,32
Baltimore County,2,11B,003-002,REPUBLICAN,60,29,37,7,210
Baltimore County,2,11B,003-002,UNAFFILIATED,82,36,53,13,417
Baltimore County,7,44B,003-003,DEMOCRATIC,530,553,399,57,2025
Baltimore County,7,44B,003-003,GREEN,1,0,0,0,2
Baltimore County,7,44B,003-003,LIBERTARIAN,3,0,0,0,6
Baltimore County,7,44B,003-003,NO LABELS MARYLAND,2,0,0,0,5
Baltimore County,7,44B,003-003,OTHER PARTIES,5,4,2,0,34
Baltimore County,7,44B,003-003,REPUBLICAN,38,18,16,3,113
Baltimore County,7,44B,003-003,UNAFFILIATED,104,51,27,8,347
Baltimore County,7,11B,003-004,DEMOCRATIC,347,291,318,27,1298
Baltimore County,7,11B,003-004,GREEN,0,0,0,0,1
Baltimore County,7,11B,003-004,LIBERTARIAN,4,0,1,0,10
Baltimore County,7,11B,003-004,NO LABELS MARYLAND,0,0,0,0,1
Baltimore County,7,11B,003-004,OTHER PARTIES,4,4,1,0,14
Baltimore County,7,11B,003-004,REPUBLICAN,66,40,37,9,206
Baltimore County,7,11B,003-004,UNAFFILIATED,93,60,51,10,349
Baltimore County,2,11B,003-005,DEMOCRATIC,377,484,768,49,2148
Baltimore County,2,11B,003-005,GREEN,0,1,2,0,6
Baltimore County,2,11B,003-005,LIBERTARIAN,0,2,6,0,15
Baltimore County,2,11B,003-005,NO LABELS MARYLAND,1,0,0,1,5
Baltimore County,2,11B,003-005,OTHER PARTIES,13,3,0,1,30
Baltimore County,2,11B,003-005,REPUBLICAN,98,63,94,15,384
Baltimore County,2,11B,003-005,UNAFFILIATED,114,70,115,16,527
Baltimore County,2,11B,003-006,DEMOCRATIC,373,275,718,63,1670
Baltimore County,2,11B,003-006,GREEN,1,0,1,0,2
Baltimore County,2,11B,003-006,LIBERTARIAN,1,3,0,1,13
Baltimore County,2,11B,003-006,NO LABELS MARYLAND,0,0,3,0,3
Baltimore County,2,11B,003-006,OTHER PARTIES,5,4,2,2,16
Baltimore County,2,11B,003-006,REPUBLICAN,184,109,186,25,630
Baltimore County,2,11B,003-006,UNAFFILIATED,128,78,122,22,497
Baltimore County,2,11B,003-007,DEMOCRATIC,614,345,823,64,2264
Baltimore County,2,11B,003-007,GREEN,0,0,0,0,2
Baltimore County,2,11B,003-007,LIBERTARIAN,6,3,4,1,19
Baltimore County,2,11B,003-007,NO LABELS MARYLAND,1,0,2,0,4
Baltimore County,2,11B,003-007,OTHER PARTIES,13,2,6,3,40
Baltimore County,2,11B,003-007,REPUBLICAN,430,264,311,53,1324
Baltimore County,2,11B,003-007,UNAFFILIATED,257,88,191,33,842
Baltimore County,2,11B,003-008,DEMOCRATIC,416,324,645,61,1770
Baltimore County,2,11B,003-008,GREEN,2,0,1,0,6
Baltimore County,2,11B,003-008,LIBERTARIAN,2,3,0,0,9
Baltimore County,2,11B,003-008,NO LABELS MARYLAND,1,1,0,4,2
Baltimore County,2,11B,003-008,OTHER PARTIES,8,7,3,1,32
Baltimore County,2,11B,003-008,REPUBLICAN,188,141,119,31,605
Baltimore County,2,11B,003-008,UNAFFILIATED,173,88,129,16,619
Baltimore County,2,11B,003-009,DEMOCRATIC,634,321,579,70,2119
Baltimore County,2,11B,003-009,GREEN,2,0,1,0,5
Baltimore County,2,11B,003-009,LIBERTARIAN,2,3,3,0,11
Baltimore County,2,11B,003-009,NO LABELS MARYLAND,1,1,1,1,4
Baltimore County,2,11B,003-009,OTHER PARTIES,11,3,3,2,41
Baltimore County,2,11B,003-009,REPUBLICAN,241,126,136,34,661
Baltimore County,2,11B,003-009,UNAFFILIATED,229,94,133,22,791
Baltimore County,2,11B,003-010,DEMOCRATIC,468,302,685,42,1780
Baltimore County,2,11B,003-010,GREEN,0,0,1,0,2
Baltimore County,2,11B,003-010,LIBERTARIAN,6,2,1,1,13
Baltimore County,2,11B,003-010,NO LABELS MARYLAND,0,0,0,0,0
Baltimore County,2,11B,003-010,OTHER PARTIES,5,3,3,1,15
Baltimore County,2,11B,003-010,REPUBLICAN,136,86,114,15,435
Baltimore County,2,11B,003-010,UNAFFILIATED,120,62,123,24,466
Baltimore County,2,11B,003-011,DEMOCRATIC,323,414,884,95,2001
Baltimore County,2,11B,003-011,GREEN,0,1,1,0,4
Baltimore County,2,11B,003-011,LIBERTARIAN,1,2,2,0,12
Baltimore County,2,11B,003-011,NO LABELS MARYLAND,0,0,3,0,3
Baltimore County,2,11B,003-011,OTHER PARTIES,4,4,3,1,22
Baltimore County,2,11B,003-011,REPUBLICAN,100,115,126,19,474
Baltimore County,2,11B,003-011,UNAFFILIATED,84,70,96,21,395
Baltimore County,2,11A,003-012,DEMOCRATIC,565,632,481,106,2510
Baltimore County,2,11A,003-012,GREEN,0,0,1,1,4
Baltimore County,2,11A,003-012,LIBERTARIAN,1,3,0,0,10
Baltimore County,2,11A,003-012,NO LABELS MARYLAND,4,0,0,1,8
Baltimore County,2,11A,003-012,OTHER PARTIES,8,7,1,0,36
Baltimore County,2,11A,003-012,REPUBLICAN,78,81,43,12,328
Baltimore County,2,11A,003-012,UNAFFILIATED,179,134,87,40,727
Baltimore County,2,11B,003-013,DEMOCRATIC,210,280,555,36,1282
Baltimore County,2,11B,003-013,GREEN,1,1,1,0,4
Baltimore County,2,11B,003-013,LIBERTARIAN,4,2,3,0,10
Baltimore County,2,11B,003-013,NO LABELS MARYLAND,0,0,2,1,3
Baltimore County,2,11B,003-013,OTHER PARTIES,7,4,3,2,25
Baltimore County,2,11B,003-013,REPUBLICAN,139,142,177,10,619
Baltimore County,2,11B,003-013,UNAFFILIATED,115,74,111,11,478
Baltimore County,2,11B,003-014,DEMOCRATIC,209,180,253,30,900
Baltimore County,2,11B,003-014,GREEN,0,0,0,0,1
Baltimore County,2,11B,003-014,LIBERTARIAN,0,0,2,1,4
Baltimore County,2,11B,003-014,NO LABELS MARYLAND,0,0,1,0,1
Baltimore County,2,11B,003-014,OTHER PARTIES,1,0,2,0,9
Baltimore County,2,11B,003-014,REPUBLICAN,91,37,37,7,233
Baltimore County,2,11B,003-014,UNAFFILIATED,66,21,60,15,262
Baltimore County,2,11A,004-001,DEMOCRATIC,595,664,450,105,2372
Baltimore County,2,11A,004-001,GREEN,2,1,0,0,3
Baltimore County,2,11A,004-001,LIBERTARIAN,4,5,3,2,19
Baltimore County,2,11A,004-001,NO LABELS MARYLAND,3,1,3,0,11
Baltimore County,2,11A,004-001,OTHER PARTIES,7,15,6,0,52
Baltimore County,2,11A,004-001,REPUBLICAN,127,97,59,13,426
Baltimore County,2,11A,004-001,UNAFFILIATED,168,157,101,17,732
Baltimore County,2,10,004-002,DEMOCRATIC,558,617,423,93,2312
Baltimore County,2,10,004-002,GREEN,2,1,0,1,8
Baltimore County,2,10,004-002,LIBERTARIAN,3,1,2,2,12
Baltimore County,2,10,004-002,NO LABELS MARYLAND,1,1,0,2,6
Baltimore County,2,10,004-002,OTHER PARTIES,6,10,2,2,41
Baltimore County,2,10,004-002,REPUBLICAN,127,131,80,11,441
Baltimore County,2,10,004-002,UNAFFILIATED,192,112,81,16,697
Baltimore County,2,11B,004-003,DEMOCRATIC,62,92,155,33,392
Baltimore County,2,11B,004-003,GREEN,0,0,1,0,2
Baltimore County,2,11B,004-003,LIBERTARIAN,1,1,2,0,6
Baltimore County,2,11B,004-003,NO LABELS MARYLAND,0,0,0,1,1
Baltimore County,2,11B,004-003,OTHER PARTIES,1,1,1,0,4
Baltimore County,2,11B,004-003,REPUBLICAN,32,66,46,10,191
Baltimore County,2,11B,004-003,UNAFFILIATED,29,21,30,16,134
Baltimore County,2,10,004-004,DEMOCRATIC,510,713,700,50,2526
Baltimore County,2,10,004-004,GREEN,2,0,2,0,7
Baltimore County,2,10,004-004,LIBERTARIAN,9,2,2,0,20
Baltimore County,2,10,004-004,NO LABELS MARYLAND,1,1,0,0,3
Baltimore County,2,10,004-004,OTHER PARTIES,6,7,0,0,29
Baltimore County,2,10,004-004,REPUBLICAN,195,199,127,9,667
Baltimore County,2,10,004-004,UNAFFILIATED,204,158,114,11,792
Baltimore County,2,10,004-005,DEMOCRATIC,347,371,253,54,1410
Baltimore County,2,10,004-005,GREEN,0,2,0,0,4
Baltimore County,2,10,004-005,LIBERTARIAN,3,1,1,1,12
Baltimore County,2,10,004-005,NO LABELS MARYLAND,0,0,1,1,4
Baltimore County,2,10,004-005,OTHER PARTIES,10,8,4,1,42
Baltimore County,2,10,004-005,REPUBLICAN,145,160,65,28,534
Baltimore County,2,10,004-005,UNAFFILIATED,140,104,70,25,568
Baltimore County,2,10,004-006,DEMOCRATIC,375,346,278,40,1587
Baltimore County,2,10,004-006,GREEN,0,0,0,0,4
Baltimore County,2,10,004-006,LIBERTARIAN,2,0,1,0,7
Baltimore County,2,10,004-006,NO LABELS MARYLAND,1,0,1,0,5
Baltimore County,2,10,004-006,OTHER PARTIES,6,6,1,0,48
Baltimore County,2,10,004-006,REPUBLICAN,139,150,70,12,529
Baltimore County,2,10,004-006,UNAFFILIATED,156,99,75,10,656
Baltimore County,2,10,004-007,DEMOCRATIC,247,446,391,37,1357
Baltimore County,2,10,004-007,GREEN,0,0,1,0,2
Baltimore County,2,10,004-007,LIBERTARIAN,1,4,2,0,8
Baltimore County,2,10,004-007,NO LABELS MARYLAND,0,0,2,0,3
Baltimore County,2,10,004-007,OTHER PARTIES,9,5,4,0,27
Baltimore County,2,10,004-007,REPUBLICAN,172,248,106,14,688
Baltimore County,2,10,004-007,UNAFFILIATED,137,134,127,17,580
Baltimore County,2,10,004-008,DEMOCRATIC,433,540,466,54,1940
Baltimore County,2,10,004-008,GREEN,2,0,0,0,7
Baltimore County,2,10,004-008,LIBERTARIAN,7,1,1,0,18
Baltimore County,2,10,004-008,NO LABELS MARYLAND,1,0,0,0,4
Baltimore County,2,10,004-008,OTHER PARTIES,13,15,11,0,59
Baltimore County,2,10,004-008,REPUBLICAN,277,271,109,25,879
Baltimore County,2,10,004-008,UNAFFILIATED,188,153,129,30,792
Baltimore County,2,10,004-009,DEMOCRATIC,186,146,210,19,692
Baltimore County,2,10,004-009,GREEN,1,0,2,0,3
Baltimore County,2,10,004-009,LIBERTARIAN,7,1,1,0,12
Baltimore County,2,10,004-009,NO LABELS MARYLAND,1,0,0,0,3
Baltimore County,2,10,004-009,OTHER PARTIES,9,6,1,0,23
Baltimore County,2,10,004-009,REPUBLICAN,309,176,96,26,747
Baltimore County,2,10,004-009,UNAFFILIATED,132,62,81,14,439
Baltimore County,2,10,004-010,DEMOCRATIC,509,681,558,82,2594
Baltimore County,2,10,004-010,GREEN,1,1,2,0,7
Baltimore County,2,10,004-010,LIBERTARIAN,5,2,4,1,19
Baltimore County,2,10,004-010,NO LABELS MARYLAND,0,0,2,1,6
Baltimore County,2,10,004-010,OTHER PARTIES,6,8,2,0,47
Baltimore County,2,10,004-010,REPUBLICAN,166,167,78,18,633
Baltimore County,2,10,004-010,UNAFFILIATED,176,126,109,29,834
Baltimore County,2,10,004-011,DEMOCRATIC,36,63,53,14,195
Baltimore County,2,10,004-011,GREEN,0,0,0,1,1
Baltimore County,2,10,004-011,LIBERTARIAN,3,0,0,0,4
Baltimore County,2,10,004-011,NO LABELS MARYLAND,0,0,0,0,0
Baltimore County,2,10,004-011,OTHER PARTIES,1,3,0,0,5
Baltimore County,2,10,004-011,REPUBLICAN,53,57,24,13,179
Baltimore County,2,10,004-011,UNAFFILIATED,29,20,24,6,103
Baltimore County,2,10,004-012,DEMOCRATIC,695,1078,720,104,3330
Baltimore County,2,10,004-012,GREEN,1,1,4,1,10
Baltimore County,2,10,004-012,LIBERTARIAN,10,3,1,0,19
Baltimore County,2,10,004-012,NO LABELS MARYLAND,3,1,0,1,10
Baltimore County,2,10,004-012,OTHER PARTIES,12,10,8,1,43
Baltimore County,2,10,004-012,REPUBLICAN,160,166,116,20,611
Baltimore County,2,10,004-012,UNAFFILIATED,202,237,176,34,1026
Baltimore County,2,11A,004-013,DEMOCRATIC,402,480,755,55,2050
Baltimore County,2,11A,004-013,GREEN,0,0,0,0,1
Baltimore County,2,11A,004-013,LIBERTARIAN,2,1,3,1,10
Baltimore County,2,11A,004-013,NO LABELS MARYLAND,1,0,2,1,4
Baltimore County,2,11A,004-013,OTHER PARTIES,7,13,9,0,44
Baltimore County,2,11A,004-013,REPUBLICAN,188,208,164,25,751
Baltimore County,2,11A,004-013,UNAFFILIATED,171,133,122,26,658
Baltimore County,2,11A,004-014,DEMOCRATIC,433,490,337,118,2041
Baltimore County,2,11A,004-014,GREEN,0,0,0,0,2
Baltimore County,2,11A,004-014,LIBERTARIAN,3,1,1,1,14
Baltimore County,2,11A,004-014,NO LABELS MARYLAND,2,0,0,1,8
Baltimore County,2,11A,004-014,OTHER PARTIES,5,5,3,2,44
Baltimore County,2,11A,004-014,REPUBLICAN,59,72,39,15,289
Baltimore County,2,11A,004-014,UNAFFILIATED,123,82,73,47,613
Baltimore County,2,11A,004-015,DEMOCRATIC,19,40,25,2,113
Baltimore County,2,11A,004-015,GREEN,0,0,0,0,0
Baltimore County,2,11A,004-015,LIBERTARIAN,0,0,0,0,0
Baltimore County,2,11A,004-015,NO LABELS MARYLAND,0,0,0,0,0
Baltimore County,2,11A,004-015,OTHER PARTIES,0,1,0,0,1
Baltimore County,2,11A,004-015,REPUBLICAN,2,5,3,0,13
Baltimore County,2,11A,004-015,UNAFFILIATED,9,8,5,1,41
Baltimore County,2,42A,004-016,DEMOCRATIC,9,7,3,0,22
Baltimore County,2,42A,004-016,GREEN,0,0,0,0,0
Baltimore County,2,42A,004-016,LIBERTARIAN,1,0,0,0,3
Baltimore County,2,42A,004-016,NO LABELS MARYLAND,0,0,0,0,0
Baltimore County,2,42A,004-016,OTHER PARTIES,1,0,0,0,2
Baltimore County,2,42A,004-016,REPUBLICAN,39,14,7,2,76
Baltimore County,2,42A,004-016,UNAFFILIATED,14,2,6,0,28
Baltimore County,2,42A,005-001,DEMOCRATIC,370,202,367,17,1144
Baltimore County,2,42A,005-001,GREEN,1,3,1,0,8
Baltimore County,2,42A,005-001,LIBERTARIAN,11,2,5,1,26
Baltimore County,2,42A,005-001,NO LABELS MARYLAND,2,2,0,0,4
Baltimore County,2,42A,005-001,OTHER PARTIES,12,5,4,0,31
Baltimore County,2,42A,005-001,REPUBLICAN,761,392,258,20,1714
Baltimore County,2,42A,005-001,UNAFFILIATED,270,99,130,14,749
Baltimore County,2,42A,006-001,DEMOCRATIC,179,89,209,15,595
Baltimore County,2,42A,006-001,GREEN,2,1,0,0,7
Baltimore County,2,42A,006-001,LIBERTARIAN,7,2,1,0,16
Baltimore County,2,42A,006-001,NO LABELS MARYLAND,0,0,1,0,1
Baltimore County,2,42A,006-001,OTHER PARTIES,7,1,1,0,14
Baltimore County,2,42A,006-001,REPUBLICAN,565,204,152,20,1102
Baltimore County,2,42A,006-001,UNAFFILIATED,169,58,100,5,486
Baltimore County,2,42A,006-002,DEMOCRATIC,230,66,256,12,699
Baltimore County,2,42A,006-002,GREEN,3,0,0,0,3
Baltimore County,2,42A,006-002,LIBERTARIAN,11,2,3,2,25
Baltimore County,2,42A,006-002,NO LABELS MARYLAND,1,0,0,1,3
Baltimore County,2,42A,006-002,OTHER PARTIES,10,3,4,0,25
Baltimore County,2,42A,006-002,REPUBLICAN,576,217,186,21,1189
Baltimore County,2,42A,006-002,UNAFFILIATED,174,57,125,20,505
Baltimore County,1,42A,007-001,DEMOCRATIC,310,142,247,17,861
Baltimore County,1,42A,007-001,GREEN,1,0,4,0,7
Baltimore County,1,42A,007-001,LIBERTARIAN,5,1,1,0,9
Baltimore County,1,42A,007-001,NO LABELS MARYLAND,3,0,0,0,3
Baltimore County,1,42A,007-001,OTHER PARTIES,12,3,4,0,29
Baltimore County,1,42A,007-001,REPUBLICAN,851,293,192,23,1621
Baltimore County,1,42A,007-001,UNAFFILIATED,297,69,110,9,684
Baltimore County,1,42A,007-002,DEMOCRATIC,121,61,119,4,367
Baltimore County,1,42A,007-002,GREEN,1,0,0,0,1
Baltimore County,1,42A,007-002,LIBERTARIAN,4,1,0,0,9
Baltimore County,1,42A,007-002,NO LABELS MARYLAND,1,0,1,0,3
Baltimore County,1,42A,007-002,OTHER PARTIES,4,4,0,0,12
Baltimore County,1,42A,007-002,REPUBLICAN,317,94,81,7,563
Baltimore County,1,42A,007-002,UNAFFILIATED,119,22,39,2,238
Baltimore County,2,42A,007-003,DEMOCRATIC,284,143,322,26,895
Baltimore County,2,42A,007-003,GREEN,0,1,0,0,2
Baltimore County,2,42A,007-003,LIBERTARIAN,8,4,3,0,17
Baltimore County,2,42A,007-003,NO LABELS MARYLAND,1,0,0,1,2
Baltimore County,2,42A,007-003,OTHER PARTIES,9,2,1,0,19
Baltimore County,2,42A,007-003,REPUBLICAN,549,278,163,19,1181
Baltimore County,2,42A,007-003,UNAFFILIATED,231,81,114,6,605
Baltimore County,2,42A,008-001,DEMOCRATIC,278,196,360,36,1040
Baltimore County,2,42A,008-001,GREEN,0,0,0,1,1
Baltimore County,2,42A,008-001,LIBERTARIAN,8,1,2,0,19
Baltimore County,2,42A,008-001,NO LABELS MARYLAND,0,1,0,0,1
Baltimore County,2,42A,008-001,OTHER PARTIES,10,9,3,0,24
Baltimore County,2,42A,008-001,REPUBLICAN,464,258,210,26,1160
Baltimore County,2,42A,008-001,UNAFFILIATED,178,109,119,25,576
Baltimore County,2,11B,008-002,DEMOCRATIC,166,163,457,21,920
Baltimore County,2,11B,008-002,GREEN,0,0,0,0,1
Baltimore County,2,11B,008-002,LIBERTARIAN,4,1,1,1,7
Baltimore County,2,11B,008-002,NO LABELS MARYLAND,0,0,0,0,0
Baltimore County,2,11B,008-002,OTHER PARTIES,9,6,5,0,26
Baltimore County,2,11B,008-002,REPUBLICAN,224,217,294,22,876
Baltimore County,2,11B,008-002,UNAFFILIATED,78,61,120,16,374
Baltimore County,2,42B,008-003,DEMOCRATIC,347,287,467,39,1439
Baltimore County,2,42B,008-003,GREEN,1,1,1,0,6
Baltimore County,2,42B,008-003,LIBERTARIAN,8,3,1,0,21
Baltimore County,2,42B,008-003,NO LABELS MARYLAND,0,0,1,0,2
Baltimore County,2,42B,008-003,OTHER PARTIES,13,11,7,0,43
Baltimore County,2,42B,008-003,REPUBLICAN,244,263,120,18,811
Baltimore County,2,42B,008-003,UNAFFILIATED,184,141,167,18,747
Baltimore County,2,42B,008-004,DEMOCRATIC,329,159,306,39,955
Baltimore County,2,42B,008-004,GREEN,0,1,0,0,3
Baltimore County,2,42B,008-004,LIBERTARIAN,2,0,3,0,9
Baltimore County,2,42B,008-004,NO LABELS MARYLAND,0,0,1,1,1
Baltimore County,2,42B,008-004,OTHER PARTIES,4,2,2,1,14
Baltimore County,2,42B,008-004,REPUBLICAN,239,197,121,20,689
Baltimore County,2,42B,008-004,UNAFFILIATED,144,75,150,21,536
Baltimore County,2,42A,008-005,DEMOCRATIC,43,33,146,44,287
Baltimore County,2,42A,008-005,GREEN,0,0,0,1,0
Baltimore County,2,42A,008-005,LIBERTARIAN,1,0,1,0,5
Baltimore County,2,42A,008-005,NO LABELS MARYLAND,0,0,0,0,0
Baltimore County,2,42A,008-005,OTHER PARTIES,2,0,1,1,7
Baltimore County,2,42A,008-005,REPUBLICAN,66,48,85,15,259
Baltimore County,2,42A,008-005,UNAFFILIATED,20,6,41,11,92
Baltimore County,2,42B,008-006,DEMOCRATIC,712,461,472,100,2968
Baltimore County,2,42B,008-006,GREEN,1,1,1,2,9
Baltimore County,2,42B,008-006,LIBERTARIAN,4,2,3,0,20
Baltimore County,2,42B,008-006,NO LABELS MARYLAND,4,0,3,2,15
Baltimore County,2,42B,008-006,OTHER PARTIES,12,8,4,0,83
Baltimore County,2,42B,008-006,REPUBLICAN,180,114,103,26,680
Baltimore County,2,42B,008-006,UNAFFILIATED,246,125,139,35,1166
Baltimore County,2,11B,008-007,DEMOCRATIC,182,110,140,17,667
Baltimore County,2,11B,008-007,GREEN,0,0,0,0,0
Baltimore County,2,11B,008-007,LIBERTARIAN,4,1,0,0,8
Baltimore County,2,11B,008-007,NO LABELS MARYLAND,0,1,1,0,3
Baltimore County,2,11B,008-007,OTHER PARTIES,5,1,4,0,15
Baltimore County,2,11B,008-007,REPUBLICAN,116,72,48,11,351
Baltimore County,2,11B,008-007,UNAFFILIATED,95,41,48,13,334
Baltimore County,2,11B,008-008,DEMOCRATIC,211,228,409,36,1072
Baltimore County,2,11B,008-008,GREEN,0,0,0,0,2
Baltimore County,2,11B,008-008,LIBERTARIAN,6,1,4,0,15
Baltimore County,2,11B,008-008,NO LABELS MARYLAND,0,1,1,1,3
Baltimore County,2,11B,008-008,OTHER PARTIES,3,7,7,0,23
Baltimore County,2,11B,008-008,REPUBLICAN,200,195,153,31,722
Baltimore County,2,11B,008-008,UNAFFILIATED,112,67,133,20,486
Baltimore County,2,11B,008-009,DEMOCRATIC,378,221,485,31,1324
Baltimore County,2,11B,008-009,GREEN,3,0,1,0,6
Baltimore County,2,11B,008-009,LIBERTARIAN,9,2,0,0,16
Baltimore County,2,11B,008-009,NO LABELS MARYLAND,2,0,1,0,4
Baltimore County,2,11B,008-009,OTHER PARTIES,8,2,7,0,18
Baltimore County,2,11B,008-009,REPUBLICAN,343,247,206,26,990
Baltimore County,2,11B,008-009,UNAFFILIATED,209,113,204,28,769
Baltimore County,2,11B,008-010,DEMOCRATIC,277,193,360,27,996
Baltimore County,2,11B,008-010,GREEN,0,0,2,0,3
Baltimore County,2,11B,008-010,LIBERTARIAN,3,1,2,0,8
Baltimore County,2,11B,008-010,NO LABELS MARYLAND,0,0,1,0,3
Baltimore County,2,11B,008-010,OTHER PARTIES,3,2,2,2,11
Baltimore County,2,11B,008-010,REPUBLICAN,283,218,199,20,853
Baltimore County,2,11B,008-010,UNAFFILIATED,145,80,139,17,541
Baltimore County,2,42B,008-011,DEMOCRATIC,197,138,205,41,731
Baltimore County,2,42B,008-011,GREEN,0,0,0,0,3
Baltimore County,2,42B,008-011,LIBERTARIAN,2,2,2,1,6
Baltimore County,2,42B,008-011,NO LABELS MARYLAND,1,0,0,1,1
Baltimore County,2,42B,008-011,OTHER PARTIES,7,3,3,0,21
Baltimore County,2,42B,008-011,REPUBLICAN,113,111,72,17,393
Baltimore County,2,42B,008-011,UNAFFILIATED,78,47,70,16,338
Baltimore County,2,42B,008-012,DEMOCRATIC,353,240,581,33,1416
Baltimore County,2,42B,008-012,GREEN,1,0,0,0,4
Baltimore County,2,42B,008-012,LIBERTARIAN,5,1,1,0,11
Baltimore County,2,42B,008-012,NO LABELS MARYLAND,2,0,0,0,3
Baltimore County,2,42B,008-012,OTHER PARTIES,6,10,0,1,25
Baltimore County,2,42B,008-012,REPUBLICAN,299,244,316,21,1075
Baltimore County,2,42B,008-012,UNAFFILIATED,154,85,141,13,530
Baltimore County,2,42B,008-013,DEMOCRATIC,377,235,369,27,1172
Baltimore County,2,42B,008-013,GREEN,0,0,2,0,2
Baltimore County,2,42B,008-013,LIBERTARIAN,5,1,3,0,12
Baltimore County,2,42B,008-013,NO LABELS MARYLAND,0,0,0,1,1
Baltimore County,2,42B,008-013,OTHER PARTIES,13,2,4,0,27
Baltimore County,2,42B,008-013,REPUBLICAN,306,246,157,20,870
Baltimore County,2,42B,008-013,UNAFFILIATED,183,103,131,17,617
Baltimore County,2,42B,008-014,DEMOCRATIC,300,196,442,29,1129
Baltimore County,2,42B,008-014,GREEN,1,0,0,0,3
Baltimore County,2,42B,008-014,LIBERTARIAN,6,1,0,0,9
Baltimore County,2,42B,008-014,NO LABELS MARYLAND,0,0,0,0,0
Baltimore County,2,42B,008-014,OTHER PARTIES,10,7,1,0,26
Baltimore County,2,42B,008-014,REPUBLICAN,289,241,156,14,866
Baltimore County,2,42B,008-014,UNAFFILIATED,189,97,118,16,548
Baltimore County,2,10,008-015,DEMOCRATIC,13,12,15,7,55
Baltimore County,2,10,008-015,GREEN,0,0,1,0,1
Baltimore County,2,10,008-015,LIBERTARIAN,0,0,0,0,2
Baltimore County,2,10,008-015,NO LABELS MARYLAND,0,0,0,0,0
Baltimore County,2,10,008-015,OTHER PARTIES,0,0,0,0,0
Baltimore County,2,10,008-015,REPUBLICAN,20,18,19,7,75
Baltimore County,2,10,008-015,UNAFFILIATED,14,7,12,7,56
Baltimore County,2,11B,008-016,DEMOCRATIC,248,179,283,23,877
Baltimore County,2,11B,008-016,GREEN,1,0,1,0,4
Baltimore County,2,11B,008-016,LIBERTARIAN,2,1,0,1,4
Baltimore County,2,11B,008-016,NO LABELS MARYLAND,0,0,0,0,0
Baltimore County,2,11B,008-016,OTHER PARTIES,6,2,2,0,17
Baltimore County,2,11B,008-016,REPUBLICAN,181,104,96,7,490
Baltimore County,2,11B,008-016,UNAFFILIATED,112,56,67,14,390
Baltimore County,2,11B,008-017,DEMOCRATIC,295,164,342,29,969
Baltimore County,2,11B,008-017,GREEN,0,0,0,0,1
Baltimore County,2,11B,008-017,LIBERTARIAN,7,0,0,1,8
Baltimore County,2,11B,008-017,NO LABELS MARYLAND,1,1,0,0,2
Baltimore County,2,11B,008-017,OTHER PARTIES,11,4,1,0,19
Baltimore County,2,11B,008-017,REPUBLICAN,298,129,116,17,668
Baltimore County,2,11B,008-017,UNAFFILIATED,133,48,69,21,349
Baltimore County,2,11B,008-018,DEMOCRATIC,114,87,172,5,424
Baltimore County,2,11B,008-018,GREEN,0,0,0,0,0
Baltimore County,2,11B,008-018,LIBERTARIAN,0,0,1,0,1
Baltimore County,2,11B,008-018,NO LABELS MARYLAND,0,0,0,0,1
Baltimore County,2,11B,008-018,OTHER PARTIES,4,3,2,0,12
Baltimore County,2,11B,008-018,REPUBLICAN,119,94,81,3,360
Baltimore County,2,11B,008-018,UNAFFILIATED,64,23,63,2,191
Baltimore County,2,11B,008-019,DEMOCRATIC,247,168,422,36,1044
Baltimore County,2,11B,008-019,GREEN,1,2,1,0,4
Baltimore County,2,11B,008-019,LIBERTARIAN,4,3,0,0,13
Baltimore County,2,11B,008-019,NO LABELS MARYLAND,0,0,0,0,1
Baltimore County,2,11B,008-019,OTHER PARTIES,7,5,4,0,26
Baltimore County,2,11B,008-019,REPUBLICAN,273,256,188,20,902
Baltimore County,2,11B,008-019,UNAFFILIATED,155,90,159,9,593
Baltimore County,2,11B,008-020,DEMOCRATIC,194,139,222,19,706
Baltimore County,2,11B,008-020,GREEN,3,0,0,0,4
Baltimore County,2,11B,008-020,LIBERTARIAN,4,1,1,0,11
Baltimore County,2,11B,008-020,NO LABELS MARYLAND,1,0,0,0,1
Baltimore County,2,11B,008-020,OTHER PARTIES,6,3,2,0,12
Baltimore County,2,11B,008-020,REPUBLICAN,170,155,78,10,512
Baltimore County,2,11B,008-020,UNAFFILIATED,101,60,67,7,345
Baltimore County,2,11A,008-021,DEMOCRATIC,47,54,66,1,207
Baltimore County,2,11A,008-021,GREEN,0,0,0,0,0
Baltimore County,2,11A,008-021,LIBERTARIAN,2,1,0,0,3
Baltimore County,2,11A,008-021,NO LABELS MARYLAND,0,0,0,0,0
Baltimore County,2,11A,008-021,OTHER PARTIES,0,0,0,0,0
Baltimore County,2,11A,008-021,REPUBLICAN,93,102,64,1,318
Baltimore County,2,11A,008-021,UNAFFILIATED,43,21,26,1,130
Baltimore County,2,42A,008-022,DEMOCRATIC,85,141,361,32,694
Baltimore County,2,42A,008-022,GREEN,0,0,0,0,2
Baltimore County,2,42A,008-022,LIBERTARIAN,0,0,2,0,3
Baltimore County,2,42A,008-022,NO LABELS MARYLAND,0,0,0,0,0
Baltimore County,2,42A,008-022,OTHER PARTIES,3,5,3,3,18
Baltimore County,2,42A,008-022,REPUBLICAN,110,135,121,14,450
Baltimore County,2,42A,008-022,UNAFFILIATED,60,67,77,12,296
Baltimore County,2,11A,008-023,DEMOCRATIC,123,60,123,6,366
Baltimore County,2,11A,008-023,GREEN,0,0,0,0,0
Baltimore County,2,11A,008-023,LIBERTARIAN,0,0,3,0,3
Baltimore County,2,11A,008-023,NO LABELS MARYLAND,0,0,0,0,0
Baltimore County,2,11A,008-023,OTHER PARTIES,1,5,0,1,8
Baltimore County,2,11A,008-023,REPUBLICAN,101,56,56,3,257
Baltimore County,2,11A,008-023,UNAFFILIATED,46,24,42,5,149
Baltimore County,2,11B,008-024,DEMOCRATIC,127,84,146,12,434
Baltimore County,2,11B,008-024,GREEN,0,0,0,0,1
Baltimore County,2,11B,008-024,LIBERTARIAN,1,0,0,0,1
Baltimore County,2,11B,008-024,NO LABELS MARYLAND,0,0,0,0,0
Baltimore County,2,11B,008-024,OTHER PARTIES,1,1,1,0,7
Baltimore County,2,11B,008-024,REPUBLICAN,181,103,92,9,459
Baltimore County,2,11B,008-024,UNAFFILIATED,72,42,77,7,269
Baltimore County,2,42A,008-025,DEMOCRATIC,203,114,220,20,674
Baltimore County,2,42A,008-025,GREEN,2,0,2,0,6
Baltimore County,2,42A,008-025,LIBERTARIAN,2,2,2,0,8
Baltimore County,2,42A,008-025,NO LABELS MARYLAND,3,1,0,0,4
Baltimore County,2,42A,008-025,OTHER PARTIES,5,6,2,0,20
Baltimore County,2,42A,008-025,REPUBLICAN,237,181,99,22,655
Baltimore County,2,42A,008-025,UNAFFILIATED,153,67,100,21,494
Baltimore County,2,11B,008-026,DEMOCRATIC,30,35,60,5,164
Baltimore County,2,11B,008-026,GREEN,0,0,0,0,0
Baltimore County,2,11B,008-026,LIBERTARIAN,0,0,0,0,1
Baltimore County,2,11B,008-026,NO LABELS MARYLAND,0,0,0,0,0
Baltimore County,2,11B,008-026,OTHER PARTIES,0,0,0,0,4
Baltimore County,2,11B,008-026,REPUBLICAN,26,20,24,2,99
Baltimore County,2,11B,008-026,UNAFFILIATED,21,7,24,3,73
Baltimore County,2,42A,008-027,DEMOCRATIC,71,56,79,15,260
Baltimore County,2,42A,008-027,GREEN,0,0,0,0,0
Baltimore County,2,42A,008-027,LIBERTARIAN,1,0,0,0,2
Baltimore County,2,42A,008-027,NO LABELS MARYLAND,0,0,0,0,0
Baltimore County,2,42A,008-027,OTHER PARTIES,1,0,2,0,3
Baltimore County,2,42A,008-027,REPUBLICAN,87,63,57,18,268
Baltimore County,2,42A,008-027,UNAFFILIATED,41,25,30,7,148
Baltimore County,2,11B,008-028,DEMOCRATIC,51,35,54,0,172
Baltimore County,2,11B,008-028,GREEN,0,0,0,0,0
Baltimore County,2,11B,008-028,LIBERTARIAN,0,0,0,0,0
Baltimore County,2,11B,008-028,NO LABELS MARYLAND,0,0,0,0,0
Baltimore County,2,11B,008-028,OTHER PARTIES,0,0,0,0,0
Baltimore County,2,11B,008-028,REPUBLICAN,69,33,30,1,160
Baltimore County,2,11B,008-028,UNAFFILIATED,40,15,19,0,97
Baltimore County,2,11A,008-029,DEMOCRATIC,62,34,79,0,227
Baltimore County,2,11A,008-029,GREEN,0,0,0,0,0
Baltimore County,2,11A,008-029,LIBERTARIAN,0,0,1,0,2
Baltimore County,2,11A,008-029,NO LABELS MARYLAND,1,0,0,0,2
Baltimore County,2,11A,008-029,OTHER PARTIES,3,1,0,0,8
Baltimore County,2,11A,008-029,REPUBLICAN,117,58,43,4,276
Baltimore County,2,11A,008-029,UNAFFILIATED,50,29,42,0,155
Baltimore County,2,11B,009-001,DEMOCRATIC,258,224,587,31,1334
Baltimore County,2,11B,009-001,GREEN,0,0,3,0,3
Baltimore County,2,11B,009-001,LIBERTARIAN,3,3,2,0,10
Baltimore County,2,11B,009-001,NO LABELS MARYLAND,0,0,0,1,2
Baltimore County,2,11B,009-001,OTHER PARTIES,10,6,2,2,27
Baltimore County,2,11B,009-001,REPUBLICAN,201,180,206,17,744
Baltimore County,2,11B,009-001,UNAFFILIATED,116,85,156,23,510
Baltimore County,2,11B,009-002,DEMOCRATIC,142,112,257,17,615
Baltimore County,2,11B,009-002,GREEN,0,0,0,0,0
Baltimore County,2,11B,009-002,LIBERTARIAN,1,1,2,0,5
Baltimore County,2,11B,009-002,NO LABELS MARYLAND,0,0,0,0,1
Baltimore County,2,11B,009-002,OTHER PARTIES,4,3,1,0,10
Baltimore County,2,11B,009-002,REPUBLICAN,145,88,101,13,433
Baltimore County,2,11B,009-002,UNAFFILIATED,67,41,67,7,252
Baltimore County,2,43B,009-003,DEMOCRATIC,494,406,573,135,1761
Baltimore County,2,43B,009-003,GREEN,2,2,0,0,6
Baltimore County,2,43B,009-003,LIBERTARIAN,6,0,1,1,9
Baltimore County,2,43B,009-003,NO LABELS MARYLAND,0,1,1,0,3
Baltimore County,2,43B,009-003,OTHER PARTIES,9,5,3,1,23
Baltimore County,2,43B,009-003,REPUBLICAN,169,116,98,40,490
Baltimore County,2,43B,009-003,UNAFFILIATED,184,93,129,78,608
Baltimore County,2,42B,009-004,DEMOCRATIC,63,75,123,5,318
Baltimore County,2,42B,009-004,GREEN,0,0,0,0,1
Baltimore County,2,42B,009-004,LIBERTARIAN,1,0,1,0,4
Baltimore County,2,42B,009-004,NO LABELS MARYLAND,0,0,0,1,0
Baltimore County,2,42B,009-004,OTHER PARTIES,0,0,0,0,1
Baltimore County,2,42B,009-004,REPUBLICAN,59,56,40,5,190
Baltimore County,2,42B,009-004,UNAFFILIATED,30,22,48,3,131
Baltimore County,2,43B,009-005,DEMOCRATIC,633,569,822,219,2639
Baltimore County,2,43B,009-005,GREEN,1,1,1,0,7
Baltimore County,2,43B,009-005,LIBERTARIAN,5,0,1,0,18
Baltimore County,2,43B,009-005,NO LABELS MARYLAND,1,3,1,0,9
Baltimore County,2,43B,009-005,OTHER PARTIES,14,5,4,0,42
Baltimore County,2,43B,009-005,REPUBLICAN,268,230,189,28,936
Baltimore County,2,43B,009-005,UNAFFILIATED,212,162,178,62,969
Baltimore County,2,42B,009-006,DEMOCRATIC,401,253,459,98,1584
Baltimore County,2,42B,009-006,GREEN,0,2,0,1,6
Baltimore County,2,42B,009-006,LIBERTARIAN,4,1,0,0,12
Baltimore County,2,42B,009-006,NO LABELS MARYLAND,2,0,2,2,7
Baltimore County,2,42B,009-006,OTHER PARTIES,8,5,3,3,37
Baltimore County,2,42B,009-006,REPUBLICAN,157,126,148,28,607
Baltimore County,2,42B,009-006,UNAFFILIATED,146,56,116,55,580
Baltimore County,2,42B,009-007,DEMOCRATIC,247,147,224,26,757
Baltimore County,2,42B,009-007,GREEN,1,0,0,0,3
Baltimore County,2,42B,009-007,LIBERTARIAN,6,3,2,1,13
Baltimore County,2,42B,009-007,NO LABELS MARYLAND,1,0,0,1,3
Baltimore County,2,42B,009-007,OTHER PARTIES,9,4,2,1,26
Baltimore County,2,42B,009-007,REPUBLICAN,205,132,76,15,526
Baltimore County,2,42B,009-007,UNAFFILIATED,134,50,67,10,370
Baltimore County,2,42B,009-008,DEMOCRATIC,290,235,426,38,1115
Baltimore County,2,42B,009-008,GREEN,0,1,0,0,1
Baltimore County,2,42B,009-008,LIBERTARIAN,7,0,2,1,11
Baltimore County,2,42B,009-008,NO LABELS MARYLAND,1,1,1,0,3
Baltimore County,2,42B,009-008,OTHER PARTIES,7,4,4,0,19
Baltimore County,2,42B,009-008,REPUBLICAN,307,240,184,15,894
Baltimore County,2,42B,009-008,UNAFFILIATED,174,98,115,11,531
Baltimore County,2,07A,009-009,DEMOCRATIC,259,179,355,27,944
Baltimore County,2,07A,009-009,GREEN,0,0,0,0,1
Baltimore County,2,07A,009-009,LIBERTARIAN,7,0,1,1,10
Baltimore County,2,07A,009-009,NO LABELS MARYLAND,0,1,0,0,3
Baltimore County,2,07A,009-009,OTHER PARTIES,2,5,3,0,17
Baltimore County,2,07A,009-009,REPUBLICAN,227,186,129,14,669
Baltimore County,2,07A,009-009,UNAFFILIATED,138,77,96,17,422
Baltimore County,2,43B,009-010,DEMOCRATIC,186,146,469,100,1053
Baltimore County,2,43B,009-010,GREEN,1,0,0,0,2
Baltimore County,2,43B,009-010,LIBERTARIAN,3,0,0,1,6
Baltimore County,2,43B,009-010,NO LABELS MARYLAND,1,1,1,0,4
Baltimore County,2,43B,009-010,OTHER PARTIES,2,6,3,3,21
Baltimore County,2,43B,009-010,REPUBLICAN,82,76,105,17,375
Baltimore County,2,43B,009-010,UNAFFILIATED,89,47,105,33,390
Baltimore County,2,43B,009-011,DEMOCRATIC,354,290,450,86,1573
Baltimore County,2,43B,009-011,GREEN,1,0,1,0,5
Baltimore County,2,43B,009-011,LIBERTARIAN,6,2,3,0,16
Baltimore County,2,43B,009-011,NO LABELS MARYLAND,1,0,1,0,3
Baltimore County,2,43B,009-011,OTHER PARTIES,10,3,4,3,36
Baltimore County,2,43B,009-011,REPUBLICAN,132,88,74,23,433
Baltimore County,2,43B,009-011,UNAFFILIATED,134,67,93,39,515
Baltimore County,2,43B,009-012,DEMOCRATIC,287,206,312,80,985
Baltimore County,2,43B,009-012,GREEN,1,0,0,0,3
Baltimore County,2,43B,009-012,LIBERTARIAN,4,2,1,3,11
Baltimore County,2,43B,009-012,NO LABELS MARYLAND,0,0,0,1,0
Baltimore County,2,43B,009-012,OTHER PARTIES,3,2,2,1,16
Baltimore County,2,43B,009-012,REPUBLICAN,146,65,70,27,364
Baltimore County,2,43B,009-012,UNAFFILIATED,109,60,85,41,374
Baltimore County,2,43B,009-013,DEMOCRATIC,458,366,523,57,1572
Baltimore County,2,43B,009-013,GREEN,0,0,0,0,1
Baltimore County,2,43B,009-013,LIBERTARIAN,4,1,3,0,11
Baltimore County,2,43B,009-013,NO LABELS MARYLAND,0,0,0,0,0
Baltimore County,2,43B,009-013,OTHER PARTIES,2,6,2,0,11
Baltimore County,2,43B,009-013,REPUBLICAN,183,132,97,15,500
Baltimore County,2,43B,009-013,UNAFFILIATED,142,91,107,19,459
Baltimore County,2,43B,009-014,DEMOCRATIC,473,345,530,50,1678
Baltimore County,2,43B,009-014,GREEN,2,0,0,0,6
Baltimore County,2,43B,009-014,LIBERTARIAN,3,1,3,1,8
Baltimore County,2,43B,009-014,NO LABELS MARYLAND,0,0,2,1,4
Baltimore County,2,43B,009-014,OTHER PARTIES,6,2,1,1,16
Baltimore County,2,43B,009-014,REPUBLICAN,107,91,40,14,317
Baltimore County,2,43B,009-014,UNAFFILIATED,147,73,101,13,469
Baltimore County,2,43B,009-015,DEMOCRATIC,578,271,383,76,2067
Baltimore County,2,43B,009-015,GREEN,0,1,1,0,3
Baltimore County,2,43B,009-015,LIBERTARIAN,2,0,0,0,9
Baltimore County,2,43B,009-015,NO LABELS MARYLAND,1,0,0,0,3
Baltimore County,2,43B,009-015,OTHER PARTIES,12,1,3,2,43
Baltimore County,2,43B,009-015,REPUBLICAN,60,38,36,11,226
Baltimore County,2,43B,009-015,UNAFFILIATED,129,79,78,29,567
Baltimore County,2,8,009-016,DEMOCRATIC,326,157,200,71,940
Baltimore County,2,8,009-016,GREEN,1,0,0,0,2
Baltimore County,2,8,009-016,LIBERTARIAN,3,0,1,0,9
Baltimore County,2,8,009-016,NO LABELS MARYLAND,0,0,2,0,3
Baltimore County,2,8,009-016,OTHER PARTIES,9,1,2,2,19
Baltimore County,2,8,009-016,REPUBLICAN,202,70,43,8,432
Baltimore County,2,8,009-016,UNAFFILIATED,130,41,55,24,375
Baltimore County,2,8,009-017,DEMOCRATIC,267,106,125,40,819
Baltimore County,2,8,009-017,GREEN,1,0,0,0,2
Baltimore County,2,8,009-017,LIBERTARIAN,4,2,0,1,10
Baltimore County,2,8,009-017,NO LABELS MARYLAND,2,0,2,0,4
Baltimore County,2,8,009-017,OTHER PARTIES,9,0,2,1,24
Baltimore County,2,8,009-017,REPUBLICAN,96,30,19,7,208
Baltimore County,2,8,009-017,UNAFFILIATED,89,32,24,13,290
Baltimore County,2,8,009-018,DEMOCRATIC,444,188,200,34,1308
Baltimore County,2,8,009-018,GREEN,0,0,0,0,1
Baltimore County,2,8,009-018,LIBERTARIAN,8,2,1,0,23
Baltimore County,2,8,009-018,NO LABELS MARYLAND,1,0,1,2,6
Baltimore County,2,8,009-018,OTHER PARTIES,11,5,3,0,41
Baltimore County,2,8,009-018,REPUBLICAN,162,76,47,8,420
Baltimore County,2,8,009-018,UNAFFILIATED,159,47,56,11,501
Baltimore County,2,8,009-019,DEMOCRATIC,424,236,234,46,1337
Baltimore County,2,8,009-019,GREEN,0,0,0,0,3
Baltimore County,2,8,009-019,LIBERTARIAN,5,3,3,0,15
Baltimore County,2,8,009-019,NO LABELS MARYLAND,1,0,0,0,3
Baltimore County,2,8,009-019,OTHER PARTIES,11,1,1,1,23
Baltimore County,2,8,009-019,REPUBLICAN,132,94,59,12,395
Baltimore County,2,8,009-019,UNAFFILIATED,110,65,66,26,473
Baltimore County,2,8,009-020,DEMOCRATIC,381,215,218,73,1389
Baltimore County,2,8,009-020,GREEN,0,0,0,0,2
Baltimore County,2,8,009-020,LIBERTARIAN,1,0,1,1,4
Baltimore County,2,8,009-020,NO LABELS MARYLAND,0,1,1,0,5
Baltimore County,2,8,009-020,OTHER PARTIES,2,2,6,0,24
Baltimore County,2,8,009-020,REPUBLICAN,18,18,9,6,94
Baltimore County,2,8,009-020,UNAFFILIATED,56,27,17,13,252
Baltimore County,2,8,009-021,DEMOCRATIC,539,258,418,43,1658
Baltimore County,2,8,009-021,GREEN,0,1,1,0,4
Baltimore County,2,8,009-021,LIBERTARIAN,7,1,1,0,13
Baltimore County,2,8,009-021,NO LABELS MARYLAND,2,0,1,0,3
Baltimore County,2,8,009-021,OTHER PARTIES,11,3,5,1,46
Baltimore County,2,8,009-021,REPUBLICAN,349,232,115,15,888
Baltimore County,2,8,009-021,UNAFFILIATED,269,87,105,30,799
Baltimore County,2,8,009-022,DEMOCRATIC,558,292,349,116,1818
Baltimore County,2,8,009-022,GREEN,1,0,0,0,2
Baltimore County,2,8,009-022,LIBERTARIAN,9,1,1,1,18
Baltimore County,2,8,009-022,NO LABELS MARYLAND,4,0,0,0,6
Baltimore County,2,8,009-022,OTHER PARTIES,18,11,2,1,54
Baltimore County,2,8,009-022,REPUBLICAN,295,208,115,31,865
Baltimore County,2,8,009-022,UNAFFILIATED,223,87,123,36,833
Baltimore County,2,8,009-023,DEMOCRATIC,266,176,293,53,1096
Baltimore County,2,8,009-023,GREEN,0,0,3,0,4
Baltimore County,2,8,009-023,LIBERTARIAN,4,2,1,0,13
Baltimore County,2,8,009-023,NO LABELS MARYLAND,1,0,2,0,4
Baltimore County,2,8,009-023,OTHER PARTIES,2,4,6,2,20
Baltimore County,2,8,009-023,REPUBLICAN,212,168,98,21,653
Baltimore County,2,8,009-023,UNAFFILIATED,135,66,59,19,462
Baltimore County,2,07A,009-024,DEMOCRATIC,608,435,540,85,2248
Baltimore County,2,07A,009-024,GREEN,0,0,2,0,4
Baltimore County,2,07A,009-024,LIBERTARIAN,9,5,5,1,28
Baltimore County,2,07A,009-024,NO LABELS MARYLAND,4,0,2,0,6
Baltimore County,2,07A,009-024,OTHER PARTIES,8,13,4,2,49
Baltimore County,2,07A,009-024,REPUBLICAN,407,352,178,24,1182
Baltimore County,2,07A,009-024,UNAFFILIATED,296,137,162,26,1034
Baltimore County,2,07A,009-025,DEMOCRATIC,215,125,165,16,702
Baltimore County,2,07A,009-025,GREEN,0,0,1,0,2
Baltimore County,2,07A,009-025,LIBERTARIAN,7,1,1,0,19
Baltimore County,2,07A,009-025,NO LABELS MARYLAND,2,0,1,0,3
Baltimore County,2,07A,009-025,OTHER PARTIES,7,5,0,0,19
Baltimore County,2,07A,009-025,REPUBLICAN,151,119,55,12,442
Baltimore County,2,07A,009-025,UNAFFILIATED,111,59,44,10,347
Baltimore County,2,8,009-026,DEMOCRATIC,120,109,92,7,485
Baltimore County,2,8,009-026,GREEN,1,0,0,1,1
Baltimore County,2,8,009-026,LIBERTARIAN,3,2,1,0,7
Baltimore County,2,8,009-026,NO LABELS MARYLAND,0,0,1,1,1
Baltimore County,2,8,009-026,OTHER PARTIES,1,0,0,0,9
Baltimore County,2,8,009-026,REPUBLICAN,38,38,18,2,145
Baltimore County,2,8,009-026,UNAFFILIATED,42,26,22,2,175
Baltimore County,2,8,009-027,DEMOCRATIC,265,190,282,22,1050
Baltimore County,2,8,009-027,GREEN,0,0,1,0,2
Baltimore County,2,8,009-027,LIBERTARIAN,3,2,0,0,9
Baltimore County,2,8,009-027,NO LABELS MARYLAND,0,0,2,0,4
Baltimore County,2,8,009-027,OTHER PARTIES,5,2,5,0,23
Baltimore County,2,8,009-027,REPUBLICAN,84,67,46,6,292
Baltimore County,2,8,009-027,UNAFFILIATED,97,37,48,7,314
Baltimore County,2,8,009-028,DEMOCRATIC,428,268,233,76,1547
Baltimore County,2,8,009-028,GREEN,1,1,0,0,4
Baltimore County,2,8,009-028,LIBERTARIAN,3,1,2,0,8
Baltimore County,2,8,009-028,NO LABELS MARYLAND,0,0,2,0,4
Baltimore County,2,8,009-028,OTHER PARTIES,6,4,3,1,30
Baltimore County,2,8,009-028,REPUBLICAN,55,55,31,9,244
Baltimore County,2,8,009-028,UNAFFILIATED,87,60,50,13,414
Baltimore County,2,43B,009-029,DEMOCRATIC,209,338,436,302,1266
Baltimore County,2,43B,009-029,GREEN,2,1,0,0,5
Baltimore County,2,43B,009-029,LIBERTARIAN,5,1,1,2,12
Baltimore County,2,43B,009-029,NO LABELS MARYLAND,0,0,1,4,1
Baltimore County,2,43B,009-029,OTHER PARTIES,2,4,4,3,21
Baltimore County,2,43B,009-029,REPUBLICAN,77,141,81,16,430
Baltimore County,2,43B,009-029,UNAFFILIATED,83,95,96,150,431
Baltimore County,2,11B,009-030,DEMOCRATIC,52,61,197,8,375
Baltimore County,2,11B,009-030,GREEN,0,0,0,0,0
Baltimore County,2,11B,009-030,LIBERTARIAN,1,0,0,0,2
Baltimore County,2,11B,009-030,NO LABELS MARYLAND,0,0,0,0,1
Baltimore County,2,11B,009-030,OTHER PARTIES,0,1,0,0,2
Baltimore County,2,11B,009-030,REPUBLICAN,29,50,50,3,151
Baltimore County,2,11B,009-030,UNAFFILIATED,25,20,34,8,114
Baltimore County,2,11B,009-031,DEMOCRATIC,91,47,82,3,267
Baltimore County,2,11B,009-031,GREEN,0,0,1,0,1
Baltimore County,2,11B,009-031,LIBERTARIAN,0,0,0,0,0
Baltimore County,2,11B,009-031,NO LABELS MARYLAND,0,0,0,0,0
Baltimore County,2,11B,009-031,OTHER PARTIES,2,0,0,0,4
Baltimore County,2,11B,009-031,REPUBLICAN,66,56,25,3,186
Baltimore County,2,11B,009-031,UNAFFILIATED,46,15,24,2,126
Baltimore County,1,42A,010-001,DEMOCRATIC,162,262,337,22,918
Baltimore County,1,42A,010-001,GREEN,1,1,0,0,2
Baltimore County,1,42A,010-001,LIBERTARIAN,3,5,3,0,15
Baltimore County,1,42A,010-001,NO LABELS MARYLAND,0,0,1,0,4
Baltimore County,1,42A,010-001,OTHER PARTIES,7,11,3,0,27
Baltimore County,1,42A,010-001,REPUBLICAN,294,514,192,13,1229
Baltimore County,1,42A,010-001,UNAFFILIATED,150,151,126,8,580
Baltimore County,2,42A,010-002,DEMOCRATIC,121,235,201,18,674
Baltimore County,2,42A,010-002,GREEN,0,0,0,0,0
Baltimore County,2,42A,010-002,LIBERTARIAN,1,0,1,0,4
Baltimore County,2,42A,010-002,NO LABELS MARYLAND,1,0,1,0,4
Baltimore County,2,42A,010-002,OTHER PARTIES,4,4,2,1,14
Baltimore County,2,42A,010-002,REPUBLICAN,174,271,121,40,685
Baltimore County,2,42A,010-002,UNAFFILIATED,98,108,100,18,412
Baltimore County,1,42A,010-003,DEMOCRATIC,88,153,185,14,519
Baltimore County,1,42A,010-003,GREEN,0,0,0,0,0
Baltimore County,1,42A,010-003,LIBERTARIAN,1,2,0,0,6
Baltimore County,1,42A,010-003,NO LABELS MARYLAND,0,0,0,0,0
Baltimore County,1,42A,010-003,OTHER PARTIES,1,8,1,0,12
Baltimore County,1,42A,010-003,REPUBLICAN,171,340,126,13,756
Baltimore County,1,42A,010-003,UNAFFILIATED,84,84,74,9,312
Baltimore County,1,42A,010-004,DEMOCRATIC,135,253,234,17,739
Baltimore County,1,42A,010-004,GREEN,1,0,1,0,2
Baltimore County,1,42A,010-004,LIBERTARIAN,5,5,0,0,14
Baltimore County,1,42A,010-004,NO LABELS MARYLAND,0,0,1,0,2
Baltimore County,1,42A,010-004,OTHER PARTIES,4,5,2,0,15
Baltimore County,1,42A,010-004,REPUBLICAN,252,495,144,9,1040
Baltimore County,1,42A,010-004,UNAFFILIATED,118,115,101,9,455
Baltimore County,1,42A,010-005,DEMOCRATIC,37,28,33,0,115
Baltimore County,1,42A,010-005,GREEN,0,0,0,0,0
Baltimore County,1,42A,010-005,LIBERTARIAN,0,1,0,0,2
Baltimore County,1,42A,010-005,NO LABELS MARYLAND,0,0,0,0,0
Baltimore County,1,42A,010-005,OTHER PARTIES,1,1,0,0,2
Baltimore County,1,42A,010-005,REPUBLICAN,58,53,18,6,152
Baltimore County,1,42A,010-005,UNAFFILIATED,22,20,14,0,75
Baltimore County,2,42A,010-006,DEMOCRATIC,53,43,89,5,229
Baltimore County,2,42A,010-006,GREEN,0,0,0,0,0
Baltimore County,2,42A,010-006,LIBERTARIAN,2,0,0,0,4
Baltimore County,2,42A,010-006,NO LABELS MARYLAND,0,0,0,0,0
Baltimore County,2,42A,010-006,OTHER PARTIES,2,1,1,0,6
Baltimore County,2,42A,010-006,REPUBLICAN,62,62,46,2,218
Baltimore County,2,42A,010-006,UNAFFILIATED,37,24,35,8,164
Baltimore County,1,42A,011-001,DEMOCRATIC,161,186,297,17,782
Baltimore County,1,42A,011-001,GREEN,1,0,1,0,4
Baltimore County,1,42A,011-001,LIBERTARIAN,4,3,0,0,10
Baltimore County,1,42A,011-001,NO LABELS MARYLAND,1,1,0,0,2
Baltimore County,1,42A,011-001,OTHER PARTIES,5,3,2,0,20
Baltimore County,1,42A,011-001,REPUBLICAN,263,335,164,10,934
Baltimore County,1,42A,011-001,UNAFFILIATED,123,109,93,10,451
Baltimore County,1,07A,011-002,DEMOCRATIC,138,294,285,14,862
Baltimore County,1,07A,011-002,GREEN,0,1,1,0,3
Baltimore County,1,07A,011-002,LIBERTARIAN,10,7,3,0,32
Baltimore County,1,07A,011-002,NO LABELS MARYLAND,0,0,2,0,4
Baltimore County,1,07A,011-002,OTHER PARTIES,8,10,3,0,37
Baltimore County,1,07A,011-002,REPUBLICAN,305,693,234,12,1438
Baltimore County,1,07A,011-002,UNAFFILIATED,146,166,101,15,580
Baltimore County,1,07A,011-003,DEMOCRATIC,225,247,344,23,1025
Baltimore County,1,07A,011-003,GREEN,3,1,2,2,9
Baltimore County,1,07A,011-003,LIBERTARIAN,14,6,1,0,29
Baltimore County,1,07A,011-003,NO LABELS MARYLAND,0,0,3,1,4
Baltimore County,1,07A,011-003,OTHER PARTIES,12,7,7,0,37
Baltimore County,1,07A,011-003,REPUBLICAN,720,890,389,32,2311
Baltimore County,1,07A,011-003,UNAFFILIATED,245,159,139,10,774
Baltimore County,1,07A,011-004,DEMOCRATIC,314,342,226,38,1207
Baltimore County,1,07A,011-004,GREEN,0,0,2,0,3
Baltimore County,1,07A,011-004,LIBERTARIAN,6,3,3,0,17
Baltimore County,1,07A,011-004,NO LABELS MARYLAND,1,1,0,0,3
Baltimore County,1,07A,011-004,OTHER PARTIES,4,4,6,1,27
Baltimore County,1,07A,011-004,REPUBLICAN,333,327,118,30,1014
Baltimore County,1,07A,011-004,UNAFFILIATED,228,119,124,29,744
Baltimore County,1,07A,011-005,DEMOCRATIC,204,290,215,25,932
Baltimore County,1,07A,011-005,GREEN,1,0,0,0,1
Baltimore County,1,07A,011-005,LIBERTARIAN,3,1,0,0,8
Baltimore County,1,07A,011-005,NO LABELS MARYLAND,0,0,3,0,4
Baltimore County,1,07A,011-005,OTHER PARTIES,4,5,2,0,20
Baltimore County,1,07A,011-005,REPUBLICAN,366,417,160,15,1117
Baltimore County,1,07A,011-005,UNAFFILIATED,183,111,102,7,583
Baltimore County,1,07A,011-006,DEMOCRATIC,168,149,185,28,649
Baltimore County,1,07A,011-006,GREEN,0,0,1,0,1
Baltimore County,1,07A,011-006,LIBERTARIAN,3,2,3,1,14
Baltimore County,1,07A,011-006,NO LABELS MARYLAND,0,0,1,0,1
Baltimore County,1,07A,011-006,OTHER PARTIES,7,5,0,1,21
Baltimore County,1,07A,011-006,REPUBLICAN,253,297,128,26,832
Baltimore County,1,07A,011-006,UNAFFILIATED,159,71,47,15,422
Baltimore County,2,8,011-007,DEMOCRATIC,306,275,245,48,1128
Baltimore County,2,8,011-007,GREEN,2,0,0,0,3
Baltimore County,2,8,011-007,LIBERTARIAN,3,3,1,0,13
Baltimore County,2,8,011-007,NO LABELS MARYLAND,1,1,1,1,3
Baltimore County,2,8,011-007,OTHER PARTIES,14,5,4,2,40
Baltimore County,2,8,011-007,REPUBLICAN,239,300,123,27,837
Baltimore County,2,8,011-007,UNAFFILIATED,163,84,85,22,546
Baltimore County,2,07A,011-008,DEMOCRATIC,410,353,325,36,1509
Baltimore County,2,07A,011-008,GREEN,0,0,1,0,6
Baltimore County,2,07A,011-008,LIBERTARIAN,4,2,1,0,12
Baltimore County,2,07A,011-008,NO LABELS MARYLAND,0,0,1,0,2
Baltimore County,2,07A,011-008,OTHER PARTIES,10,7,2,0,37
Baltimore County,2,07A,011-008,REPUBLICAN,378,297,128,23,1048
Baltimore County,2,07A,011-008,UNAFFILIATED,191,110,106,17,701
Baltimore County,2,8,011-009,DEMOCRATIC,367,236,249,25,1243
Baltimore County,2,8,011-009,GREEN,0,0,0,0,3
Baltimore County,2,8,011-009,LIBERTARIAN,9,1,1,0,16
Baltimore County,2,8,011-009,NO LABELS MARYLAND,2,1,0,0,3
Baltimore County,2,8,011-009,OTHER PARTIES,15,5,1,2,39
Baltimore County,2,8,011-009,REPUBLICAN,259,188,88,13,706
Baltimore County,2,8,011-009,UNAFFILIATED,167,76,74,7,548
Baltimore County,2,8,011-010,DEMOCRATIC,232,204,194,32,947
Baltimore County,2,8,011-010,GREEN,1,0,0,1,2
Baltimore County,2,8,011-010,LIBERTARIAN,2,2,2,1,12
Baltimore County,2,8,011-010,NO LABELS MARYLAND,2,0,1,0,4
Baltimore County,2,8,011-010,OTHER PARTIES,5,5,2,1,30
Baltimore County,2,8,011-010,REPUBLICAN,183,218,77,19,640
Baltimore County,2,8,011-010,UNAFFILIATED,121,74,72,20,462
Baltimore County,2,8,011-011,DEMOCRATIC,390,354,339,57,1628
Baltimore County,2,8,011-011,GREEN,1,0,1,0,7
Baltimore County,2,8,011-011,LIBERTARIAN,4,7,2,0,25
Baltimore County,2,8,011-011,NO LABELS MARYLAND,5,0,2,1,9
Baltimore County,2,8,011-011,OTHER PARTIES,6,9,5,3,46
Baltimore County,2,8,011-011,REPUBLICAN,329,352,150,21,1097
Baltimore County,2,8,011-011,UNAFFILIATED,215,134,94,30,820
Baltimore County,2,07A,011-012,DEMOCRATIC,408,404,383,49,1628
Baltimore County,2,07A,011-012,GREEN,0,0,1,2,4
Baltimore County,2,07A,011-012,LIBERTARIAN,2,7,4,2,19
Baltimore County,2,07A,011-012,NO LABELS MARYLAND,1,0,3,0,5
Baltimore County,2,07A,011-012,OTHER PARTIES,11,7,2,1,39
Baltimore County,2,07A,011-012,REPUBLICAN,358,500,190,34,1342
Baltimore County,2,07A,011-012,UNAFFILIATED,250,124,128,24,815
Baltimore County,2,8,011-013,DEMOCRATIC,104,95,83,30,427
Baltimore County,2,8,011-013,GREEN,1,0,0,1,1
Baltimore County,2,8,011-013,LIBERTARIAN,2,0,2,0,5
Baltimore County,2,8,011-013,NO LABELS MARYLAND,0,0,0,0,1
Baltimore County,2,8,011-013,OTHER PARTIES,5,1,0,0,14
Baltimore County,2,8,011-013,REPUBLICAN,64,53,17,19,202
Baltimore County,2,8,011-013,UNAFFILIATED,61,32,18,11,218
Baltimore County,1,07A,011-014,DEMOCRATIC,257,262,267,29,1006
Baltimore County,1,07A,011-014,GREEN,0,0,1,0,2
Baltimore County,1,07A,011-014,LIBERTARIAN,4,4,4,0,15
Baltimore County,1,07A,011-014,NO LABELS MARYLAND,0,1,0,0,1
Baltimore County,1,07A,011-014,OTHER PARTIES,5,8,4,1,33
Baltimore County,1,07A,011-014,REPUBLICAN,291,382,144,22,1016
Baltimore County,1,07A,011-014,UNAFFILIATED,159,133,80,17,598
Baltimore County,2,07A,011-015,DEMOCRATIC,243,37,500,29,935
Baltimore County,2,07A,011-015,GREEN,0,0,0,0,0
Baltimore County,2,07A,011-015,LIBERTARIAN,0,0,1,0,4
Baltimore County,2,07A,011-015,NO LABELS MARYLAND,0,0,0,0,0
Baltimore County,2,07A,011-015,OTHER PARTIES,5,0,2,2,11
Baltimore County,2,07A,011-015,REPUBLICAN,293,53,277,28,764
Baltimore County,2,07A,011-015,UNAFFILIATED,50,9,85,10,189
Baltimore County,2,8,011-016,DEMOCRATIC,307,163,134,34,1112
Baltimore County,2,8,011-016,GREEN,1,2,2,0,8
Baltimore County,2,8,011-016,LIBERTARIAN,1,2,0,0,7
Baltimore County,2,8,011-016,NO LABELS MARYLAND,0,0,0,0,2
Baltimore County,2,8,011-016,OTHER PARTIES,3,2,1,0,26
Baltimore County,2,8,011-016,REPUBLICAN,84,86,29,10,331
Baltimore County,2,8,011-016,UNAFFILIATED,105,60,50,13,469
Baltimore County,2,07A,011-017,DEMOCRATIC,397,335,342,41,1398
Baltimore County,2,07A,011-017,GREEN,1,1,0,0,7
Baltimore County,2,07A,011-017,LIBERTARIAN,5,0,0,0,13
Baltimore County,2,07A,011-017,NO LABELS MARYLAND,0,0,0,1,2
Baltimore County,2,07A,011-017,OTHER PARTIES,11,9,5,0,44
Baltimore County,2,07A,011-017,REPUBLICAN,378,343,137,28,1068
Baltimore County,2,07A,011-017,UNAFFILIATED,230,116,102,22,734
Baltimore County,2,07A,011-018,DEMOCRATIC,80,89,99,6,340
Baltimore County,2,07A,011-018,GREEN,1,0,0,0,1
Baltimore County,2,07A,011-018,LIBERTARIAN,2,0,0,0,3
Baltimore County,2,07A,011-018,NO LABELS MARYLAND,0,1,0,0,1
Baltimore County,2,07A,011-018,OTHER PARTIES,5,1,1,0,12
Baltimore County,2,07A,011-018,REPUBLICAN,95,89,50,4,276
Baltimore County,2,07A,011-018,UNAFFILIATED,53,25,45,2,189
Baltimore County,2,8,011-019,DEMOCRATIC,295,284,243,59,1174
Baltimore County,2,8,011-019,GREEN,1,0,2,0,7
Baltimore County,2,8,011-019,LIBERTARIAN,7,1,0,1,8
Baltimore County,2,8,011-019,NO LABELS MARYLAND,1,1,2,1,7
Baltimore County,2,8,011-019,OTHER PARTIES,2,7,2,1,25
Baltimore County,2,8,011-019,REPUBLICAN,185,219,54,34,593
Baltimore County,2,8,011-019,UNAFFILIATED,147,104,81,20,562
Baltimore County,2,07A,011-020,DEMOCRATIC,155,124,156,14,583
Baltimore County,2,07A,011-020,GREEN,0,0,0,0,0
Baltimore County,2,07A,011-020,LIBERTARIAN,1,0,0,0,1
Baltimore County,2,07A,011-020,NO LABELS MARYLAND,0,0,2,0,3
Baltimore County,2,07A,011-020,OTHER PARTIES,3,3,0,0,11
Baltimore County,2,07A,011-020,REPUBLICAN,100,163,87,4,428
Baltimore County,2,07A,011-020,UNAFFILIATED,80,53,51,5,283
Baltimore County,2,8,011-021,DEMOCRATIC,95,49,59,27,328
Baltimore County,2,8,011-021,GREEN,1,0,1,0,2
Baltimore County,2,8,011-021,LIBERTARIAN,2,0,0,0,3
Baltimore County,2,8,011-021,NO LABELS MARYLAND,0,0,0,1,1
Baltimore County,2,8,011-021,OTHER PARTIES,1,1,0,1,2
Baltimore County,2,8,011-021,REPUBLICAN,55,27,30,7,166
Baltimore County,2,8,011-021,UNAFFILIATED,40,19,18,9,170
Baltimore County,1,07A,011-022,DEMOCRATIC,391,450,498,33,1779
Baltimore County,1,07A,011-022,GREEN,2,0,0,0,5
Baltimore County,1,07A,011-022,LIBERTARIAN,1,4,1,1,11
Baltimore County,1,07A,011-022,NO LABELS MARYLAND,1,0,2,1,4
Baltimore County,1,07A,011-022,OTHER PARTIES,5,9,5,3,42
Baltimore County,1,07A,011-022,REPUBLICAN,413,575,296,22,1593
Baltimore County,1,07A,011-022,UNAFFILIATED,268,222,166,23,980
Baltimore County,1,07A,011-023,DEMOCRATIC,55,52,83,8,221
Baltimore County,1,07A,011-023,GREEN,0,0,0,0,0
Baltimore County,1,07A,011-023,LIBERTARIAN,1,0,1,0,2
Baltimore County,1,07A,011-023,NO LABELS MARYLAND,0,0,0,0,0
Baltimore County,1,07A,011-023,OTHER PARTIES,3,3,1,0,8
Baltimore County,1,07A,011-023,REPUBLICAN,61,93,34,6,238
Baltimore County,1,07A,011-023,UNAFFILIATED,30,20,15,4,96
Baltimore County,1,07A,011-024,DEMOCRATIC,26,25,24,0,104
Baltimore County,1,07A,011-024,GREEN,0,0,0,0,1
Baltimore County,1,07A,011-024,LIBERTARIAN,1,0,0,0,1
Baltimore County,1,07A,011-024,NO LABELS MARYLAND,0,0,0,0,0
Baltimore County,1,07A,011-024,OTHER PARTIES,1,0,1,0,7
Baltimore County,1,07A,011-024,REPUBLICAN,57,34,24,1,163
Baltimore County,1,07A,011-024,UNAFFILIATED,24,10,11,0,86
Baltimore County,2,07A,011-025,DEMOCRATIC,48,69,46,7,213
Baltimore County,2,07A,011-025,GREEN,1,0,0,0,1
Baltimore County,2,07A,011-025,LIBERTARIAN,0,1,0,0,2
Baltimore County,2,07A,011-025,NO LABELS MARYLAND,0,0,0,0,0
Baltimore County,2,07A,011-025,OTHER PARTIES,2,1,0,0,5
Baltimore County,2,07A,011-025,REPUBLICAN,25,26,9,0,79
Baltimore County,2,07A,011-025,UNAFFILIATED,23,19,6,0,82
Baltimore County,1,07A,011-026,DEMOCRATIC,27,20,25,4,93
Baltimore County,1,07A,011-026,GREEN,0,0,0,0,1
Baltimore County,1,07A,011-026,LIBERTARIAN,1,0,0,0,1
Baltimore County,1,07A,011-026,NO LABELS MARYLAND,0,0,1,0,1
Baltimore County,1,07A,011-026,OTHER PARTIES,1,0,0,0,2
Baltimore County,1,07A,011-026,REPUBLICAN,50,63,17,5,158
Baltimore County,1,07A,011-026,UNAFFILIATED,16,15,13,1,64
Baltimore County,7,6,012-001,DEMOCRATIC,233,114,97,28,818
Baltimore County,7,6,012-001,GREEN,0,0,0,0,1
Baltimore County,7,6,012-001,LIBERTARIAN,7,1,1,1,18
Baltimore County,7,6,012-001,NO LABELS MARYLAND,1,0,1,1,3
Baltimore County,7,6,012-001,OTHER PARTIES,8,1,3,1,33
Baltimore County,7,6,012-001,REPUBLICAN,235,174,51,24,646
Baltimore County,7,6,012-001,UNAFFILIATED,120,46,34,14,491
Baltimore County,7,6,012-002,DEMOCRATIC,298,118,122,29,1041
Baltimore County,7,6,012-002,GREEN,1,1,0,0,6
Baltimore County,7,6,012-002,LIBERTARIAN,5,2,0,0,15
Baltimore County,7,6,012-002,NO LABELS MARYLAND,0,0,0,2,6
Baltimore County,7,6,012-002,OTHER PARTIES,12,2,2,1,49
Baltimore County,7,6,012-002,REPUBLICAN,252,142,55,22,700
Baltimore County,7,6,012-002,UNAFFILIATED,169,48,30,15,605
Baltimore County,7,6,012-003,DEMOCRATIC,368,190,150,33,1247
Baltimore County,7,6,012-003,GREEN,1,0,0,0,3
Baltimore County,7,6,012-003,LIBERTARIAN,8,1,1,0,20
Baltimore County,7,6,012-003,NO LABELS MARYLAND,1,0,1,0,7
Baltimore County,7,6,012-003,OTHER PARTIES,12,7,1,1,48
Baltimore County,7,6,012-003,REPUBLICAN,360,266,71,26,1000
Baltimore County,7,6,012-003,UNAFFILIATED,190,74,40,23,714
Baltimore County,7,6,012-004,DEMOCRATIC,386,196,147,45,1284
Baltimore County,7,6,012-004,GREEN,0,0,0,0,2
Baltimore County,7,6,012-004,LIBERTARIAN,2,3,0,2,10
Baltimore County,7,6,012-004,NO LABELS MARYLAND,1,1,3,0,7
Baltimore County,7,6,012-004,OTHER PARTIES,20,6,3,6,66
Baltimore County,7,6,012-004,REPUBLICAN,536,347,93,53,1321
Baltimore County,7,6,012-004,UNAFFILIATED,254,104,60,35,899
Baltimore County,7,6,012-005,DEMOCRATIC,329,150,147,43,1041
Baltimore County,7,6,012-005,GREEN,1,0,0,1,3
Baltimore County,7,6,012-005,LIBERTARIAN,7,1,1,0,12
Baltimore County,7,6,012-005,NO LABELS MARYLAND,1,0,0,1,5
Baltimore County,7,6,012-005,OTHER PARTIES,16,2,0,0,47
Baltimore County,7,6,012-005,REPUBLICAN,400,195,68,32,925
Baltimore County,7,6,012-005,UNAFFILIATED,213,78,41,17,743
Baltimore County,7,6,012-006,DEMOCRATIC,385,116,101,39,1145
Baltimore County,7,6,012-006,GREEN,0,0,0,0,2
Baltimore County,7,6,012-006,LIBERTARIAN,7,1,2,0,32
Baltimore County,7,6,012-006,NO LABELS MARYLAND,1,1,1,0,10
Baltimore County,7,6,012-006,OTHER PARTIES,13,5,1,0,48
Baltimore County,7,6,012-006,REPUBLICAN,281,114,46,32,685
Baltimore County,7,6,012-006,UNAFFILIATED,213,50,34,27,733
Baltimore County,7,6,012-007,DEMOCRATIC,450,246,194,42,1507
Baltimore County,7,6,012-007,GREEN,2,0,0,0,5
Baltimore County,7,6,012-007,LIBERTARIAN,4,2,1,1,15
Baltimore County,7,6,012-007,NO LABELS MARYLAND,4,0,0,0,6
Baltimore County,7,6,012-007,OTHER PARTIES,14,7,3,2,67
Baltimore County,7,6,012-007,REPUBLICAN,456,319,94,46,1211
Baltimore County,7,6,012-007,UNAFFILIATED,274,93,47,31,898
Baltimore County,7,6,012-008,DEMOCRATIC,289,178,114,37,981
Baltimore County,7,6,012-008,GREEN,2,0,0,0,5
Baltimore County,7,6,012-008,LIBERTARIAN,3,2,0,0,11
Baltimore County,7,6,012-008,NO LABELS MARYLAND,1,0,0,0,3
Baltimore County,7,6,012-008,OTHER PARTIES,7,7,2,1,31
Baltimore County,7,6,012-008,REPUBLICAN,255,218,61,33,720
Baltimore County,7,6,012-008,UNAFFILIATED,164,56,34,29,520
Baltimore County,7,6,012-009,DEMOCRATIC,107,66,56,8,444
Baltimore County,7,6,012-009,GREEN,1,0,0,0,2
Baltimore County,7,6,012-009,LIBERTARIAN,0,0,0,0,6
Baltimore County,7,6,012-009,NO LABELS MARYLAND,0,0,0,1,3
Baltimore County,7,6,012-009,OTHER PARTIES,4,2,1,0,23
Baltimore County,7,6,012-009,REPUBLICAN,112,77,25,8,325
Baltimore County,7,6,012-009,UNAFFILIATED,51,23,17,5,265
Baltimore County,7,6,012-010,DEMOCRATIC,296,181,173,32,1116
Baltimore County,7,6,012-010,GREEN,1,0,0,0,3
Baltimore County,7,6,012-010,LIBERTARIAN,4,2,0,0,15
Baltimore County,7,6,012-010,NO LABELS MARYLAND,1,1,1,0,8
Baltimore County,7,6,012-010,OTHER PARTIES,6,1,2,0,43
Baltimore County,7,6,012-010,REPUBLICAN,203,167,62,21,627
Baltimore County,7,6,012-010,UNAFFILIATED,151,65,42,12,585
Baltimore County,7,6,012-011,DEMOCRATIC,383,236,161,58,1509
Baltimore County,7,6,012-011,GREEN,2,0,0,0,7
Baltimore County,7,6,012-011,LIBERTARIAN,5,3,2,1,18
Baltimore County,7,6,012-011,NO LABELS MARYLAND,0,0,2,1,8
Baltimore County,7,6,012-011,OTHER PARTIES,12,6,1,2,51
Baltimore County,7,6,012-011,REPUBLICAN,268,241,54,31,863
Baltimore County,7,6,012-011,UNAFFILIATED,194,88,51,18,817
Baltimore County,7,6,012-012,DEMOCRATIC,235,202,117,36,826
Baltimore County,7,6,012-012,GREEN,0,1,0,0,2
Baltimore County,7,6,012-012,LIBERTARIAN,7,5,0,1,28
Baltimore County,7,6,012-012,NO LABELS MARYLAND,1,1,0,1,6
Baltimore County,7,6,012-012,OTHER PARTIES,14,2,0,1,38
Baltimore County,7,6,012-012,REPUBLICAN,255,276,59,31,790
Baltimore County,7,6,012-012,UNAFFILIATED,159,94,51,19,559
Baltimore County,7,6,012-013,DEMOCRATIC,250,163,103,48,1057
Baltimore County,7,6,012-013,GREEN,0,0,0,0,1
Baltimore County,7,6,012-013,LIBERTARIAN,0,1,0,0,7
Baltimore County,7,6,012-013,NO LABELS MARYLAND,0,0,1,2,5
Baltimore County,7,6,012-013,OTHER PARTIES,3,1,1,0,23
Baltimore County,7,6,012-013,REPUBLICAN,28,12,1,4,119
Baltimore County,7,6,012-013,UNAFFILIATED,42,30,14,7,282
Baltimore County,7,44A,013-001,DEMOCRATIC,333,232,200,47,1329
Baltimore County,7,44A,013-001,GREEN,0,1,0,0,4
Baltimore County,7,44A,013-001,LIBERTARIAN,5,3,0,0,12
Baltimore County,7,44A,013-001,NO LABELS MARYLAND,3,1,1,0,11
Baltimore County,7,44A,013-001,OTHER PARTIES,9,9,1,3,58
Baltimore County,7,44A,013-001,REPUBLICAN,206,181,59,30,649
Baltimore County,7,44A,013-001,UNAFFILIATED,181,90,60,16,723
Baltimore County,7,44B,013-002,DEMOCRATIC,271,294,210,46,1048
Baltimore County,7,44B,013-002,GREEN,1,1,0,0,3
Baltimore County,7,44B,013-002,LIBERTARIAN,5,1,0,0,12
Baltimore County,7,44B,013-002,NO LABELS MARYLAND,1,0,1,0,3
Baltimore County,7,44B,013-002,OTHER PARTIES,10,6,0,0,36
Baltimore County,7,44B,013-002,REPUBLICAN,253,249,57,23,765
Baltimore County,7,44B,013-002,UNAFFILIATED,175,95,53,17,588
Baltimore County,7,44B,013-003,DEMOCRATIC,385,473,350,67,1541
Baltimore County,7,44B,013-003,GREEN,1,0,1,1,4
Baltimore County,7,44B,013-003,LIBERTARIAN,9,6,4,4,30
Baltimore County,7,44B,013-003,NO LABELS MARYLAND,7,0,1,0,11
Baltimore County,7,44B,013-003,OTHER PARTIES,8,9,4,4,45
Baltimore County,7,44B,013-003,REPUBLICAN,447,565,130,63,1478
Baltimore County,7,44B,013-003,UNAFFILIATED,287,211,105,51,985
Baltimore County,7,10,013-004,DEMOCRATIC,187,179,155,28,652
Baltimore County,7,10,013-004,GREEN,0,1,0,0,1
Baltimore County,7,10,013-004,LIBERTARIAN,7,2,3,1,13
Baltimore County,7,10,013-004,NO LABELS MARYLAND,1,0,0,1,2
Baltimore County,7,10,013-004,OTHER PARTIES,4,5,1,0,21
Baltimore County,7,10,013-004,REPUBLICAN,151,134,39,20,396
Baltimore County,7,10,013-004,UNAFFILIATED,118,65,37,13,334
Baltimore County,7,44B,013-005,DEMOCRATIC,224,218,174,24,845
Baltimore County,7,44B,013-005,GREEN,0,0,0,0,4
Baltimore County,7,44B,013-005,LIBERTARIAN,5,5,1,1,14
Baltimore County,7,44B,013-005,NO LABELS MARYLAND,1,0,0,0,1
Baltimore County,7,44B,013-005,OTHER PARTIES,3,4,4,1,29
Baltimore County,7,44B,013-005,REPUBLICAN,279,242,79,11,769
Baltimore County,7,44B,013-005,UNAFFILIATED,159,94,50,14,527
Baltimore County,7,44A,013-006,DEMOCRATIC,131,57,49,24,413
Baltimore County,7,44A,013-006,GREEN,1,0,0,0,2
Baltimore County,7,44A,013-006,LIBERTARIAN,2,2,1,0,8
Baltimore County,7,44A,013-006,NO LABELS MARYLAND,0,1,1,1,2
Baltimore County,7,44A,013-006,OTHER PARTIES,7,1,0,1,23
Baltimore County,7,44A,013-006,REPUBLICAN,111,56,26,20,299
Baltimore County,7,44A,013-006,UNAFFILIATED,64,36,17,15,243
Baltimore County,7,44A,013-007,DEMOCRATIC,309,110,87,36,1030
Baltimore County,7,44A,013-007,GREEN,0,0,0,0,2
Baltimore County,7,44A,013-007,LIBERTARIAN,6,2,0,0,16
Baltimore County,7,44A,013-007,NO LABELS MARYLAND,1,0,0,0,4
Baltimore County,7,44A,013-007,OTHER PARTIES,5,2,1,1,40
Baltimore County,7,44A,013-007,REPUBLICAN,121,48,41,23,363
Baltimore County,7,44A,013-007,UNAFFILIATED,107,37,24,21,491
Baltimore County,7,44A,013-008,DEMOCRATIC,205,117,78,15,624
Baltimore County,7,44A,013-008,GREEN,0,0,0,0,1
Baltimore County,7,44A,013-008,LIBERTARIAN,5,2,1,1,15
Baltimore County,7,44A,013-008,NO LABELS MARYLAND,0,0,0,0,1
Baltimore County,7,44A,013-008,OTHER PARTIES,2,7,1,2,23
Baltimore County,7,44A,013-008,REPUBLICAN,316,142,35,14,660
Baltimore County,7,44A,013-008,UNAFFILIATED,137,47,37,9,429
Baltimore County,7,44A,013-009,DEMOCRATIC,412,192,178,56,1524
Baltimore County,7,44A,013-009,GREEN,1,0,2,0,5
Baltimore County,7,44A,013-009,LIBERTARIAN,4,2,1,3,25
Baltimore County,7,44A,013-009,NO LABELS MARYLAND,1,1,2,0,14
Baltimore County,7,44A,013-009,OTHER PARTIES,19,4,1,0,97
Baltimore County,7,44A,013-009,REPUBLICAN,314,200,98,36,1017
Baltimore County,7,44A,013-009,UNAFFILIATED,236,85,53,21,909
Baltimore County,2,8,014-001,DEMOCRATIC,338,156,220,28,939
Baltimore County,2,8,014-001,GREEN,2,0,0,0,2
Baltimore County,2,8,014-001,LIBERTARIAN,8,1,2,0,22
Baltimore County,2,8,014-001,NO LABELS MARYLAND,0,0,0,0,0
Baltimore County,2,8,014-001,OTHER PARTIES,9,3,1,0,26
Baltimore County,2,8,014-001,REPUBLICAN,295,151,76,20,677
Baltimore County,2,8,014-001,UNAFFILIATED,137,66,71,20,504
Baltimore County,2,8,014-002,DEMOCRATIC,288,396,340,33,1374
Baltimore County,2,8,014-002,GREEN,0,0,1,0,2
Baltimore County,2,8,014-002,LIBERTARIAN,3,0,1,0,5
Baltimore County,2,8,014-002,NO LABELS MARYLAND,1,1,1,0,4
Baltimore County,2,8,014-002,OTHER PARTIES,5,3,5,1,20
Baltimore County,2,8,014-002,REPUBLICAN,161,285,133,7,740
Baltimore County,2,8,014-002,UNAFFILIATED,122,132,108,15,579
Baltimore County,2,8,014-003,DEMOCRATIC,598,502,415,92,2208
Baltimore County,2,8,014-003,GREEN,3,1,1,1,5
Baltimore County,2,8,014-003,LIBERTARIAN,10,3,0,0,19
Baltimore County,2,8,014-003,NO LABELS MARYLAND,0,1,3,0,5
Baltimore County,2,8,014-003,OTHER PARTIES,10,5,4,2,41
Baltimore County,2,8,014-003,REPUBLICAN,248,257,138,41,894
Baltimore County,2,8,014-003,UNAFFILIATED,252,151,113,31,928
Baltimore County,2,8,014-004,DEMOCRATIC,201,166,115,20,767
Baltimore County,2,8,014-004,GREEN,0,0,0,0,0
Baltimore County,2,8,014-004,LIBERTARIAN,4,4,0,0,10
Baltimore County,2,8,014-004,NO LABELS MARYLAND,0,0,1,0,3
Baltimore County,2,8,014-004,OTHER PARTIES,2,2,1,1,21
Baltimore County,2,8,014-004,REPUBLICAN,72,69,30,6,248
Baltimore County,2,8,014-004,UNAFFILIATED,74,41,43,3,323
Baltimore County,2,8,014-005,DEMOCRATIC,156,125,71,17,631
Baltimore County,2,8,014-005,GREEN,2,0,0,0,2
Baltimore County,2,8,014-005,LIBERTARIAN,3,0,1,0,9
Baltimore County,2,8,014-005,NO LABELS MARYLAND,0,0,1,0,1
Baltimore County,2,8,014-005,OTHER PARTIES,6,1,1,1,19
Baltimore County,2,8,014-005,REPUBLICAN,48,38,14,7,154
Baltimore County,2,8,014-005,UNAFFILIATED,53,40,24,12,240
Baltimore County,2,8,014-006,DEMOCRATIC,594,339,447,72,1979
Baltimore County,2,8,014-006,GREEN,0,0,2,1,3
Baltimore County,2,8,014-006,LIBERTARIAN,7,3,1,2,24
Baltimore County,2,8,014-006,NO LABELS MARYLAND,1,1,0,0,8
Baltimore County,2,8,014-006,OTHER PARTIES,15,4,4,0,45
Baltimore County,2,8,014-006,REPUBLICAN,383,261,137,29,1049
Baltimore County,2,8,014-006,UNAFFILIATED,276,98,108,33,871
Baltimore County,2,8,014-007,DEMOCRATIC,412,222,240,66,1324
Baltimore County,2,8,014-007,GREEN,1,0,0,0,3
Baltimore County,2,8,014-007,LIBERTARIAN,4,2,0,2,8
Baltimore County,2,8,014-007,NO LABELS MARYLAND,1,0,1,0,2
Baltimore County,2,8,014-007,OTHER PARTIES,9,1,0,0,29
Baltimore County,2,8,014-007,REPUBLICAN,221,133,79,17,601
Baltimore County,2,8,014-007,UNAFFILIATED,140,49,68,22,517
Baltimore County,2,8,014-008,DEMOCRATIC,531,308,235,63,1714
Baltimore County,2,8,014-008,GREEN,1,2,0,0,4
Baltimore County,2,8,014-008,LIBERTARIAN,3,1,0,0,12
Baltimore County,2,8,014-008,NO LABELS MARYLAND,0,0,0,0,2
Baltimore County,2,8,014-008,OTHER PARTIES,9,7,2,1,42
Baltimore County,2,8,014-008,REPUBLICAN,121,114,54,15,406
Baltimore County,2,8,014-008,UNAFFILIATED,123,73,49,17,516
Baltimore County,2,8,014-009,DEMOCRATIC,753,550,362,115,2616
Baltimore County,2,8,014-009,GREEN,0,0,1,1,3
Baltimore County,2,8,014-009,LIBERTARIAN,3,2,0,1,13
Baltimore County,2,8,014-009,NO LABELS MARYLAND,1,2,1,1,12
Baltimore County,2,8,014-009,OTHER PARTIES,8,11,3,0,53
Baltimore County,2,8,014-009,REPUBLICAN,161,142,55,18,534
Baltimore County,2,8,014-009,UNAFFILIATED,234,101,84,31,818
Baltimore County,2,8,014-010,DEMOCRATIC,536,408,416,48,2047
Baltimore County,2,8,014-010,GREEN,1,0,0,1,4
Baltimore County,2,8,014-010,LIBERTARIAN,7,10,2,1,26
Baltimore County,2,8,014-010,NO LABELS MARYLAND,0,0,1,1,6
Baltimore County,2,8,014-010,OTHER PARTIES,9,6,1,0,38
Baltimore County,2,8,014-010,REPUBLICAN,237,256,138,18,851
Baltimore County,2,8,014-010,UNAFFILIATED,223,98,90,9,783
Baltimore County,7,8,014-011,DEMOCRATIC,360,225,186,38,1371
Baltimore County,7,8,014-011,GREEN,1,0,0,0,3
Baltimore County,7,8,014-011,LIBERTARIAN,2,3,1,0,9
Baltimore County,7,8,014-011,NO LABELS MARYLAND,1,2,1,0,7
Baltimore County,7,8,014-011,OTHER PARTIES,4,3,0,0,38
Baltimore County,7,8,014-011,REPUBLICAN,85,83,36,15,306
Baltimore County,7,8,014-011,UNAFFILIATED,72,49,32,13,392
Baltimore County,2,8,014-012,DEMOCRATIC,324,166,222,29,950
Baltimore County,2,8,014-012,GREEN,0,1,0,1,3
Baltimore County,2,8,014-012,LIBERTARIAN,9,1,3,1,16
Baltimore County,2,8,014-012,NO LABELS MARYLAND,1,0,0,1,2
Baltimore County,2,8,014-012,OTHER PARTIES,9,4,2,1,29
Baltimore County,2,8,014-012,REPUBLICAN,240,148,66,16,617
Baltimore County,2,8,014-012,UNAFFILIATED,166,72,64,12,509
Baltimore County,2,8,014-013,DEMOCRATIC,383,259,212,30,1451
Baltimore County,2,8,014-013,GREEN,0,0,0,0,4
Baltimore County,2,8,014-013,LIBERTARIAN,3,0,2,0,10
Baltimore County,2,8,014-013,NO LABELS MARYLAND,1,0,1,0,3
Baltimore County,2,8,014-013,OTHER PARTIES,3,6,1,1,45
Baltimore County,2,8,014-013,REPUBLICAN,147,103,50,13,455
Baltimore County,2,8,014-013,UNAFFILIATED,114,56,59,18,535
Baltimore County,7,6,015-001,DEMOCRATIC,207,56,84,20,668
Baltimore County,7,6,015-001,GREEN,0,0,0,0,1
Baltimore County,7,6,015-001,LIBERTARIAN,5,0,0,1,13
Baltimore County,7,6,015-001,NO LABELS MARYLAND,1,0,0,0,2
Baltimore County,7,6,015-001,OTHER PARTIES,6,2,0,0,38
Baltimore County,7,6,015-001,REPUBLICAN,143,65,29,22,380
Baltimore County,7,6,015-001,UNAFFILIATED,106,19,26,14,417
Baltimore County,2,6,015-002,DEMOCRATIC,298,178,167,45,1011
Baltimore County,2,6,015-002,GREEN,1,0,0,0,5
Baltimore County,2,6,015-002,LIBERTARIAN,6,0,0,0,15
Baltimore County,2,6,015-002,NO LABELS MARYLAND,1,0,0,0,1
Baltimore County,2,6,015-002,OTHER PARTIES,11,2,6,4,49
Baltimore County,2,6,015-002,REPUBLICAN,304,189,88,29,811
Baltimore County,2,6,015-002,UNAFFILIATED,162,49,55,18,541
Baltimore County,2,6,015-003,DEMOCRATIC,259,178,172,42,916
Baltimore County,2,6,015-003,GREEN,0,1,0,0,2
Baltimore County,2,6,015-003,LIBERTARIAN,4,5,2,0,16
Baltimore County,2,6,015-003,NO LABELS MARYLAND,1,0,0,1,4
Baltimore County,2,6,015-003,OTHER PARTIES,10,5,2,2,32
Baltimore County,2,6,015-003,REPUBLICAN,410,359,75,39,1076
Baltimore County,2,6,015-003,UNAFFILIATED,157,98,52,23,619
Baltimore County,2,8,015-004,DEMOCRATIC,428,312,236,143,1791
Baltimore County,2,8,015-004,GREEN,2,0,0,0,4
Baltimore County,2,8,015-004,LIBERTARIAN,0,2,3,2,19
Baltimore County,2,8,015-004,NO LABELS MARYLAND,0,0,3,0,7
Baltimore County,2,8,015-004,OTHER PARTIES,7,2,7,4,56
Baltimore County,2,8,015-004,REPUBLICAN,207,196,61,52,741
Baltimore County,2,8,015-004,UNAFFILIATED,196,104,53,47,837
Baltimore County,2,8,015-005,DEMOCRATIC,693,654,369,98,2865
Baltimore County,2,8,015-005,GREEN,1,0,0,0,6
Baltimore County,2,8,015-005,LIBERTARIAN,8,1,1,1,20
Baltimore County,2,8,015-005,NO LABELS MARYLAND,6,1,4,2,19
Baltimore County,2,8,015-005,OTHER PARTIES,17,7,5,1,82
Baltimore County,2,8,015-005,REPUBLICAN,254,268,82,34,899
Baltimore County,2,8,015-005,UNAFFILIATED,276,171,92,38,1161
Baltimore County,1,07A,015-006,DEMOCRATIC,244,114,126,16,638
Baltimore County,1,07A,015-006,GREEN,0,0,0,0,2
Baltimore County,1,07A,015-006,LIBERTARIAN,6,3,0,0,11
Baltimore County,1,07A,015-006,NO LABELS MARYLAND,0,1,0,0,1
Baltimore County,1,07A,015-006,OTHER PARTIES,14,4,1,1,30
Baltimore County,1,07A,015-006,REPUBLICAN,590,357,99,26,1266
Baltimore County,1,07A,015-006,UNAFFILIATED,216,76,44,17,505
Baltimore County,2,07A,015-007,DEMOCRATIC,404,222,186,48,1474
Baltimore County,2,07A,015-007,GREEN,0,0,0,0,3
Baltimore County,2,07A,015-007,LIBERTARIAN,10,3,0,0,19
Baltimore County,2,07A,015-007,NO LABELS MARYLAND,1,0,0,0,5
Baltimore County,2,07A,015-007,OTHER PARTIES,10,5,0,5,55
Baltimore County,2,07A,015-007,REPUBLICAN,340,287,122,32,1055
Baltimore County,2,07A,015-007,UNAFFILIATED,206,97,64,26,842
Baltimore County,2,07A,015-008,DEMOCRATIC,379,207,139,39,1171
Baltimore County,2,07A,015-008,GREEN,2,0,0,1,8
Baltimore County,2,07A,015-008,LIBERTARIAN,4,2,1,1,15
Baltimore County,2,07A,015-008,NO LABELS MARYLAND,0,0,0,0,2
Baltimore County,2,07A,015-008,OTHER PARTIES,5,4,3,2,35
Baltimore County,2,07A,015-008,REPUBLICAN,382,214,85,24,939
Baltimore County,2,07A,015-008,UNAFFILIATED,208,55,45,14,648
Baltimore County,2,07A,015-009,DEMOCRATIC,66,83,101,24,380
Baltimore County,2,07A,015-009,GREEN,0,0,0,0,2
Baltimore County,2,07A,015-009,LIBERTARIAN,5,1,0,0,11
Baltimore County,2,07A,015-009,NO LABELS MARYLAND,0,0,0,0,1
Baltimore County,2,07A,015-009,OTHER PARTIES,2,5,1,0,11
Baltimore County,2,07A,015-009,REPUBLICAN,173,194,60,12,554
Baltimore County,2,07A,015-009,UNAFFILIATED,69,43,41,13,280
Baltimore County,2,6,015-010,DEMOCRATIC,433,187,122,25,1355
Baltimore County,2,6,015-010,GREEN,0,0,0,0,0
Baltimore County,2,6,015-010,LIBERTARIAN,10,1,3,0,24
Baltimore County,2,6,015-010,NO LABELS MARYLAND,1,0,1,0,6
Baltimore County,2,6,015-010,OTHER PARTIES,9,4,1,2,41
Baltimore County,2,6,015-010,REPUBLICAN,246,143,41,8,641
Baltimore County,2,6,015-010,UNAFFILIATED,154,49,38,7,599
Baltimore County,2,6,015-011,DEMOCRATIC,442,221,195,52,1484
Baltimore County,2,6,015-011,GREEN,1,0,1,0,7
Baltimore County,2,6,015-011,LIBERTARIAN,2,1,0,0,8
Baltimore County,2,6,015-011,NO LABELS MARYLAND,1,1,2,0,9
Baltimore County,2,6,015-011,OTHER PARTIES,5,2,0,2,50
Baltimore County,2,6,015-011,REPUBLICAN,280,153,58,25,728
Baltimore County,2,6,015-011,UNAFFILIATED,206,66,41,16,703
Baltimore County,2,6,015-012,DEMOCRATIC,240,91,113,16,693
Baltimore County,2,6,015-012,GREEN,0,0,0,0,1
Baltimore County,2,6,015-012,LIBERTARIAN,2,0,1,1,10
Baltimore County,2,6,015-012,NO LABELS MARYLAND,1,0,1,0,4
Baltimore County,2,6,015-012,OTHER PARTIES,5,1,0,1,22
Baltimore County,2,6,015-012,REPUBLICAN,342,196,53,23,801
Baltimore County,2,6,015-012,UNAFFILIATED,147,57,29,14,460
Baltimore County,2,6,015-013,DEMOCRATIC,199,93,89,14,580
Baltimore County,2,6,015-013,GREEN,2,0,0,0,3
Baltimore County,2,6,015-013,LIBERTARIAN,2,0,0,0,5
Baltimore County,2,6,015-013,NO LABELS MARYLAND,0,0,0,0,0
Baltimore County,2,6,015-013,OTHER PARTIES,9,4,2,1,26
Baltimore County,2,6,015-013,REPUBLICAN,300,170,59,17,679
Baltimore County,2,6,015-013,UNAFFILIATED,122,53,31,14,390
Baltimore County,2,6,015-014,DEMOCRATIC,123,33,45,13,369
Baltimore County,2,6,015-014,GREEN,0,0,1,0,2
Baltimore County,2,6,015-014,LIBERTARIAN,3,1,1,0,8
Baltimore County,2,6,015-014,NO LABELS MARYLAND,0,0,0,0,2
Baltimore County,2,6,015-014,OTHER PARTIES,3,2,0,0,17
Baltimore County,2,6,015-014,REPUBLICAN,150,63,20,9,324
Baltimore County,2,6,015-014,UNAFFILIATED,72,26,8,6,235
Baltimore County,2,6,015-015,DEMOCRATIC,288,84,120,35,870
Baltimore County,2,6,015-015,GREEN,1,0,0,0,2
Baltimore County,2,6,015-015,LIBERTARIAN,4,1,1,1,14
Baltimore County,2,6,015-015,NO LABELS MARYLAND,1,1,0,0,5
Baltimore County,2,6,015-015,OTHER PARTIES,12,4,1,1,46
Baltimore County,2,6,015-015,REPUBLICAN,326,136,58,32,742
Baltimore County,2,6,015-015,UNAFFILIATED,180,57,43,19,590
Baltimore County,2,6,015-016,DEMOCRATIC,278,134,139,31,1023
Baltimore County,2,6,015-016,GREEN,0,0,0,0,2
Baltimore County,2,6,015-016,LIBERTARIAN,4,0,1,1,13
Baltimore County,2,6,015-016,NO LABELS MARYLAND,1,0,0,0,2
Baltimore County,2,6,015-016,OTHER PARTIES,7,3,1,1,37
Baltimore County,2,6,015-016,REPUBLICAN,274,165,55,27,740
Baltimore County,2,6,015-016,UNAFFILIATED,151,69,32,19,601
Baltimore County,2,6,015-017,DEMOCRATIC,543,297,202,107,1922
Baltimore County,2,6,015-017,GREEN,1,0,0,0,2
Baltimore County,2,6,015-017,LIBERTARIAN,0,2,0,1,8
Baltimore County,2,6,015-017,NO LABELS MARYLAND,3,2,1,0,13
Baltimore County,2,6,015-017,OTHER PARTIES,8,1,0,3,52
Baltimore County,2,6,015-017,REPUBLICAN,176,144,67,20,565
Baltimore County,2,6,015-017,UNAFFILIATED,149,72,37,34,674
Baltimore County,2,6,015-018,DEMOCRATIC,315,178,138,38,1020
Baltimore County,2,6,015-018,GREEN,1,0,0,0,3
Baltimore County,2,6,015-018,LIBERTARIAN,3,3,3,0,20
Baltimore County,2,6,015-018,NO LABELS MARYLAND,2,1,0,0,4
Baltimore County,2,6,015-018,OTHER PARTIES,6,6,1,2,30
Baltimore County,2,6,015-018,REPUBLICAN,370,208,93,26,875
Baltimore County,2,6,015-018,UNAFFILIATED,170,59,39,15,525
Baltimore County,2,6,015-019,DEMOCRATIC,366,274,286,44,1291
Baltimore County,2,6,015-019,GREEN,3,1,0,1,8
Baltimore County,2,6,015-019,LIBERTARIAN,11,2,4,0,25
Baltimore County,2,6,015-019,NO LABELS MARYLAND,2,0,0,0,2
Baltimore County,2,6,015-019,OTHER PARTIES,13,9,1,1,32
Baltimore County,2,6,015-019,REPUBLICAN,605,503,190,36,1582
Baltimore County,2,6,015-019,UNAFFILIATED,264,130,85,29,756
Baltimore County,7,6,015-020,DEMOCRATIC,475,243,202,36,1536
Baltimore County,7,6,015-020,GREEN,3,0,0,0,4
Baltimore County,7,6,015-020,LIBERTARIAN,10,3,2,3,23
Baltimore County,7,6,015-020,NO LABELS MARYLAND,1,1,0,0,7
Baltimore County,7,6,015-020,OTHER PARTIES,12,12,1,1,60
Baltimore County,7,6,015-020,REPUBLICAN,589,399,105,44,1533
Baltimore County,7,6,015-020,UNAFFILIATED,255,115,64,37,944
Baltimore County,7,6,015-021,DEMOCRATIC,412,355,288,32,1508
Baltimore County,7,6,015-021,GREEN,1,0,0,0,2
Baltimore County,7,6,015-021,LIBERTARIAN,10,5,4,0,25
Baltimore County,7,6,015-021,NO LABELS MARYLAND,3,1,0,0,4
Baltimore County,7,6,015-021,OTHER PARTIES,13,13,5,0,63
Baltimore County,7,6,015-021,REPUBLICAN,891,730,196,39,2236
Baltimore County,7,6,015-021,UNAFFILIATED,362,175,91,36,1062
Baltimore County,7,6,015-022,DEMOCRATIC,261,144,144,20,812
Baltimore County,7,6,015-022,GREEN,0,1,0,0,1
Baltimore County,7,6,015-022,LIBERTARIAN,9,4,0,0,19
Baltimore County,7,6,015-022,NO LABELS MARYLAND,1,0,0,1,4
Baltimore County,7,6,015-022,OTHER PARTIES,11,4,0,0,37
Baltimore County,7,6,015-022,REPUBLICAN,620,361,71,31,1342
Baltimore County,7,6,015-022,UNAFFILIATED,216,81,52,14,613
Baltimore County,2,6,015-023,DEMOCRATIC,679,319,240,123,2764
Baltimore County,2,6,015-023,GREEN,0,0,1,0,7
Baltimore County,2,6,015-023,LIBERTARIAN,4,1,1,1,16
Baltimore County,2,6,015-023,NO LABELS MARYLAND,0,1,2,3,15
Baltimore County,2,6,015-023,OTHER PARTIES,8,5,5,5,79
Baltimore County,2,6,015-023,REPUBLICAN,104,59,40,23,421
Baltimore County,2,6,015-023,UNAFFILIATED,176,60,51,30,883
Baltimore County,2,6,015-024,DEMOCRATIC,122,141,133,22,554
Baltimore County,2,6,015-024,GREEN,1,0,0,0,2
Baltimore County,2,6,015-024,LIBERTARIAN,2,0,0,0,6
Baltimore County,2,6,015-024,NO LABELS MARYLAND,0,0,1,0,1
Baltimore County,2,6,015-024,OTHER PARTIES,5,2,1,0,9
Baltimore County,2,6,015-024,REPUBLICAN,79,126,49,12,331
Baltimore County,2,6,015-024,UNAFFILIATED,43,36,33,5,206
Baltimore County,1,07A,015-025,DEMOCRATIC,584,596,430,75,2145
Baltimore County,1,07A,015-025,GREEN,2,0,0,0,5
Baltimore County,1,07A,015-025,LIBERTARIAN,9,10,2,3,33
Baltimore County,1,07A,015-025,NO LABELS MARYLAND,0,2,2,0,5
Baltimore County,1,07A,015-025,OTHER PARTIES,13,6,1,2,42
Baltimore County,1,07A,015-025,REPUBLICAN,597,478,127,48,1529
Baltimore County,1,07A,015-025,UNAFFILIATED,324,203,137,46,1120
Baltimore County,2,07A,015-026,DEMOCRATIC,130,117,134,26,495
Baltimore County,2,07A,015-026,GREEN,0,0,0,0,1
Baltimore County,2,07A,015-026,LIBERTARIAN,3,1,0,0,5
Baltimore County,2,07A,015-026,NO LABELS MARYLAND,1,0,0,0,1
Baltimore County,2,07A,015-026,OTHER PARTIES,4,3,1,0,14
Baltimore County,2,07A,015-026,REPUBLICAN,429,368,111,35,1112
Baltimore County,2,07A,015-026,UNAFFILIATED,110,70,49,9,350
Baltimore County,2,07A,015-027,DEMOCRATIC,35,71,35,7,214
Baltimore County,2,07A,015-027,GREEN,0,0,0,0,1
Baltimore County,2,07A,015-027,LIBERTARIAN,2,0,1,0,5
Baltimore County,2,07A,015-027,NO LABELS MARYLAND,3,0,0,0,4
Baltimore County,2,07A,015-027,OTHER PARTIES,2,4,3,0,11
Baltimore County,2,07A,015-027,REPUBLICAN,104,135,43,7,347
Baltimore County,2,07A,015-027,UNAFFILIATED,34,38,22,4,160
Baltimore County,,,Unable to Determine,DEMOCRATIC,0,0,0,829,
Baltimore County,,,Unable to Determine,GREEN,0,0,0,2,
Baltimore County,,,Unable to Determine,LIBERTARIAN,0,0,0,5,
Baltimore County,,,Unable to Determine,NO LABELS MARYLAND,0,0,0,4,
Baltimore County,,,Unable to Determine,OTHER PARTIES,0,0,0,5,
Baltimore County,,,Unable to Determine,REPUBLICAN,0,0,0,161,
Baltimore County,,,Unable to Determine,UNAFFILIATED,0,0,0,258,
Calvert,5,29C,001-001,DEMOCRATIC,225,297,467,21,1156
Calvert,5,29C,001-001,GREEN,0,0,0,0,2
Calvert,5,29C,001-001,LIBERTARIAN,8,4,0,0,16
Calvert,5,29C,001-001,NO LABELS MARYLAND,0,2,3,0,6
Calvert,5,29C,001-001,OTHER PARTIES,5,8,5,1,26
Calvert,5,29C,001-001,REPUBLICAN,308,475,262,34,1279
Calvert,5,29C,001-001,UNAFFILIATED,143,130,141,19,605
Calvert,5,29C,001-002,DEMOCRATIC,432,698,442,56,2222
Calvert,5,29C,001-002,GREEN,2,2,2,0,11
Calvert,5,29C,001-002,LIBERTARIAN,5,18,4,1,59
Calvert,5,29C,001-002,NO LABELS MARYLAND,1,1,3,0,6
Calvert,5,29C,001-002,OTHER PARTIES,13,16,2,2,71
Calvert,5,29C,001-002,REPUBLICAN,522,1006,220,42,2221
Calvert,5,29C,001-002,UNAFFILIATED,340,395,145,29,1502
Calvert,5,27C,001-003,DEMOCRATIC,258,272,294,13,1057
Calvert,5,27C,001-003,GREEN,1,0,0,0,2
Calvert,5,27C,001-003,LIBERTARIAN,7,3,0,1,17
Calvert,5,27C,001-003,NO LABELS MARYLAND,1,0,0,0,2
Calvert,5,27C,001-003,OTHER PARTIES,7,8,7,0,35
Calvert,5,27C,001-003,REPUBLICAN,441,559,184,28,1444
Calvert,5,27C,001-003,UNAFFILIATED,235,146,100,12,765
Calvert,5,27C,001-004,DEMOCRATIC,274,281,275,17,1049
Calvert,5,27C,001-004,GREEN,1,0,0,0,2
Calvert,5,27C,001-004,LIBERTARIAN,8,5,2,0,19
Calvert,5,27C,001-004,NO LABELS MARYLAND,1,0,1,0,2
Calvert,5,27C,001-004,OTHER PARTIES,8,8,2,0,29
Calvert,5,27C,001-004,REPUBLICAN,477,670,186,23,1566
Calvert,5,27C,001-004,UNAFFILIATED,208,169,91,14,694
Calvert,5,29C,001-005,DEMOCRATIC,463,646,540,55,2227
Calvert,5,29C,001-005,GREEN,2,0,0,0,8
Calvert,5,29C,001-005,LIBERTARIAN,27,15,1,1,64
Calvert,5,29C,001-005,NO LABELS MARYLAND,3,1,2,1,9
Calvert,5,29C,001-005,OTHER PARTIES,13,10,11,2,62
Calvert,5,29C,001-005,REPUBLICAN,627,1039,294,56,2441
Calvert,5,29C,001-005,UNAFFILIATED,361,402,221,32,1629
Calvert,5,27C,002-001,DEMOCRATIC,193,254,212,7,848
Calvert,5,27C,002-001,GREEN,1,0,0,0,4
Calvert,5,27C,002-001,LIBERTARIAN,6,5,2,0,16
Calvert,5,27C,002-001,NO LABELS MARYLAND,0,0,2,2,5
Calvert,5,27C,002-001,OTHER PARTIES,6,6,3,0,20
Calvert,5,27C,002-001,REPUBLICAN,287,417,130,16,994
Calvert,5,27C,002-001,UNAFFILIATED,123,170,68,10,532
Calvert,5,27C,002-002,DEMOCRATIC,234,344,253,15,1139
Calvert,5,27C,002-002,GREEN,1,0,0,1,1
Calvert,5,27C,002-002,LIBERTARIAN,3,4,0,1,8
Calvert,5,27C,002-002,NO LABELS MARYLAND,1,0,1,0,3
Calvert,5,27C,002-002,OTHER PARTIES,5,7,4,0,25
Calvert,5,27C,002-002,REPUBLICAN,390,510,169,18,1292
Calvert,5,27C,002-002,UNAFFILIATED,171,161,66,14,640
Calvert,5,27C,002-003,DEMOCRATIC,476,629,684,49,2328
Calvert,5,27C,002-003,GREEN,2,1,1,0,6
Calvert,5,27C,002-003,LIBERTARIAN,12,11,8,1,48
Calvert,5,27C,002-003,NO LABELS MARYLAND,5,2,0,1,9
Calvert,5,27C,002-003,OTHER PARTIES,18,16,9,2,68
Calvert,5,27C,002-003,REPUBLICAN,896,1611,525,62,3628
Calvert,5,27C,002-003,UNAFFILIATED,422,459,281,41,1719
Calvert,5,27C,002-004,DEMOCRATIC,229,385,362,20,1357
Calvert,5,27C,002-004,GREEN,0,0,2,0,2
Calvert,5,27C,002-004,LIBERTARIAN,9,6,2,2,23
Calvert,5,27C,002-004,NO LABELS MARYLAND,1,2,2,0,7
Calvert,5,27C,002-004,OTHER PARTIES,6,8,4,0,37
Calvert,5,27C,002-004,REPUBLICAN,344,538,144,18,1264
Calvert,5,27C,002-004,UNAFFILIATED,180,216,111,8,794
Calvert,5,27C,002-005,DEMOCRATIC,189,264,273,12,901
Calvert,5,27C,002-005,GREEN,1,0,0,0,2
Calvert,5,27C,002-005,LIBERTARIAN,9,2,3,1,19
Calvert,5,27C,002-005,NO LABELS MARYLAND,1,1,2,0,4
Calvert,5,27C,002-005,OTHER PARTIES,5,8,3,0,25
Calvert,5,27C,002-005,REPUBLICAN,389,639,196,13,1444
Calvert,5,27C,002-005,UNAFFILIATED,182,185,140,13,724
Calvert,5,27C,002-006,DEMOCRATIC,253,398,284,27,1239
Calvert,5,27C,002-006,GREEN,1,0,0,0,1
Calvert,5,27C,002-006,LIBERTARIAN,6,2,3,1,19
Calvert,5,27C,002-006,NO LABELS MARYLAND,3,1,2,0,6
Calvert,5,27C,002-006,OTHER PARTIES,4,7,3,1,28
Calvert,5,27C,002-006,REPUBLICAN,445,682,184,29,1624
Calvert,5,27C,002-006,UNAFFILIATED,206,233,113,15,863
Calvert,5,27B,003-001,DEMOCRATIC,233,194,226,32,868
Calvert,5,27B,003-001,GREEN,4,0,1,0,8
Calvert,5,27B,003-001,LIBERTARIAN,5,5,2,0,16
Calvert,5,27B,003-001,NO LABELS MARYLAND,1,0,2,0,4
Calvert,5,27B,003-001,OTHER PARTIES,5,5,1,3,20
Calvert,5,27B,003-001,REPUBLICAN,265,233,98,38,762
Calvert,5,27B,003-001,UNAFFILIATED,198,126,66,30,606
Calvert,5,27B,003-002,DEMOCRATIC,464,330,354,51,1485
Calvert,5,27B,003-002,GREEN,2,0,0,0,6
Calvert,5,27B,003-002,LIBERTARIAN,8,7,1,0,24
Calvert,5,27B,003-002,NO LABELS MARYLAND,0,2,1,0,7
Calvert,5,27B,003-002,OTHER PARTIES,9,9,1,2,34
Calvert,5,27B,003-002,REPUBLICAN,459,411,185,40,1321
Calvert,5,27B,003-002,UNAFFILIATED,363,236,167,33,1120
Calvert,5,27C,003-003,DEMOCRATIC,304,483,433,33,1577
Calvert,5,27C,003-003,GREEN,0,0,0,0,0
Calvert,5,27C,003-003,LIBERTARIAN,6,10,5,3,28
Calvert,5,27C,003-003,NO LABELS MARYLAND,2,2,2,0,10
Calvert,5,27C,003-003,OTHER PARTIES,5,10,5,3,30
Calvert,5,27C,003-003,REPUBLICAN,436,760,212,24,1735
Calvert,5,27C,003-003,UNAFFILIATED,240,244,145,21,916
Calvert,5,27B,003-004,DEMOCRATIC,253,209,214,19,887
Calvert,5,27B,003-004,GREEN,2,0,0,0,5
Calvert,5,27B,003-004,LIBERTARIAN,4,5,5,0,20
Calvert,5,27B,003-004,NO LABELS MARYLAND,1,0,1,1,5
Calvert,5,27B,003-004,OTHER PARTIES,5,5,5,0,29
Calvert,5,27B,003-004,REPUBLICAN,343,403,109,20,1063
Calvert,5,27B,003-004,UNAFFILIATED,217,174,100,10,768
Calvert,5,27B,003-005,DEMOCRATIC,192,383,345,29,1162
Calvert,5,27B,003-005,GREEN,0,0,0,0,1
Calvert,5,27B,003-005,LIBERTARIAN,6,5,0,0,20
Calvert,5,27B,003-005,NO LABELS MARYLAND,0,0,0,0,1
Calvert,5,27B,003-005,OTHER PARTIES,11,6,4,1,34
Calvert,5,27B,003-005,REPUBLICAN,262,535,204,26,1216
Calvert,5,27B,003-005,UNAFFILIATED,151,182,134,13,655
Calvert,5,27B,003-006,DEMOCRATIC,181,362,347,31,1082
Calvert,5,27B,003-006,GREEN,1,0,0,0,1
Calvert,5,27B,003-006,LIBERTARIAN,8,5,1,1,18
Calvert,5,27B,003-006,NO LABELS MARYLAND,1,0,4,0,4
Calvert,5,27B,003-006,OTHER PARTIES,3,8,5,2,25
Calvert,5,27B,003-006,REPUBLICAN,376,818,283,52,1760
Calvert,5,27B,003-006,UNAFFILIATED,194,281,152,24,901
Calvert,5,27B,003-007,DEMOCRATIC,152,308,283,6,910
Calvert,5,27B,003-007,GREEN,1,0,1,0,2
Calvert,5,27B,003-007,LIBERTARIAN,3,5,4,1,18
Calvert,5,27B,003-007,NO LABELS MARYLAND,1,0,4,0,5
Calvert,5,27B,003-007,OTHER PARTIES,5,11,3,0,32
Calvert,5,27B,003-007,REPUBLICAN,252,648,213,20,1343
Calvert,5,27B,003-007,UNAFFILIATED,147,260,138,11,796
Calvert,,,Unable to Determine,DEMOCRATIC,0,0,0,18,
Calvert,,,Unable to Determine,GREEN,0,0,0,0,
Calvert,,,Unable to Determine,LIBERTARIAN,0,0,0,0,
Calvert,,,Unable to Determine,NO LABELS MARYLAND,0,0,0,0,
Calvert,,,Unable to Determine,OTHER PARTIES,0,0,0,0,
Calvert,,,Unable to Determine,REPUBLICAN,0,0,0,27,
Calvert,,,Unable to Determine,UNAFFILIATED,0,0,0,10,
Caroline,1,36,001-001,DEMOCRATIC,93,40,51,1,289
Caroline,1,36,001-001,GREEN,0,0,0,0,0
Caroline,1,36,001-001,LIBERTARIAN,2,2,2,0,7
Caroline,1,36,001-001,NO LABELS MARYLAND,2,0,0,0,3
Caroline,1,36,001-001,OTHER PARTIES,5,1,0,0,19
Caroline,1,36,001-001,REPUBLICAN,411,155,48,19,759
Caroline,1,36,001-001,UNAFFILIATED,156,23,27,8,374
Caroline,1,36,002-001,DEMOCRATIC,301,199,149,7,901
Caroline,1,36,002-001,GREEN,3,1,1,0,6
Caroline,1,36,002-001,LIBERTARIAN,10,1,0,1,23
Caroline,1,36,002-001,NO LABELS MARYLAND,2,0,0,0,3
Caroline,1,36,002-001,OTHER PARTIES,10,7,2,1,36
Caroline,1,36,002-001,REPUBLICAN,803,622,148,36,1975
Caroline,1,36,002-001,UNAFFILIATED,319,122,69,13,871
Caroline,1,37B,003-001,DEMOCRATIC,426,455,272,19,1606
Caroline,1,37B,003-001,GREEN,0,2,1,0,4
Caroline,1,37B,003-001,LIBERTARIAN,8,6,2,2,23
Caroline,1,37B,003-001,NO LABELS MARYLAND,3,2,0,0,11
Caroline,1,37B,003-001,OTHER PARTIES,12,5,4,0,49
Caroline,1,37B,003-001,REPUBLICAN,708,950,161,33,2295
Caroline,1,37B,003-001,UNAFFILIATED,307,246,100,12,1108
Caroline,1,37B,004-001,DEMOCRATIC,264,129,125,8,725
Caroline,1,37B,004-001,GREEN,0,0,1,0,2
Caroline,1,37B,004-001,LIBERTARIAN,4,0,2,0,13
Caroline,1,37B,004-001,NO LABELS MARYLAND,0,0,1,0,2
Caroline,1,37B,004-001,OTHER PARTIES,12,3,4,2,30
Caroline,1,37B,004-001,REPUBLICAN,783,342,109,21,1428
Caroline,1,37B,004-001,UNAFFILIATED,214,73,62,15,578
Caroline,1,37B,005-001,DEMOCRATIC,327,113,133,20,978
Caroline,1,37B,005-001,GREEN,1,1,0,0,4
Caroline,1,37B,005-001,LIBERTARIAN,3,1,0,0,18
Caroline,1,37B,005-001,NO LABELS MARYLAND,1,0,0,1,4
Caroline,1,37B,005-001,OTHER PARTIES,15,1,1,0,40
Caroline,1,37B,005-001,REPUBLICAN,596,233,101,20,1221
Caroline,1,37B,005-001,UNAFFILIATED,235,68,36,12,698
Caroline,1,37B,006-001,DEMOCRATIC,91,90,85,3,359
Caroline,1,37B,006-001,GREEN,2,0,0,0,3
Caroline,1,37B,006-001,LIBERTARIAN,2,5,1,0,14
Caroline,1,37B,006-001,NO LABELS MARYLAND,2,0,0,0,2
Caroline,1,37B,006-001,OTHER PARTIES,2,0,0,0,8
Caroline,1,37B,006-001,REPUBLICAN,340,376,64,7,920
Caroline,1,37B,006-001,UNAFFILIATED,96,62,21,1,299
Caroline,1,36,007-001,DEMOCRATIC,254,170,127,24,771
Caroline,1,36,007-001,GREEN,1,0,0,0,4
Caroline,1,36,007-001,LIBERTARIAN,10,4,1,0,20
Caroline,1,36,007-001,NO LABELS MARYLAND,0,0,1,0,3
Caroline,1,36,007-001,OTHER PARTIES,9,4,3,0,24
Caroline,1,36,007-001,REPUBLICAN,639,431,66,21,1384
Caroline,1,36,007-001,UNAFFILIATED,190,90,36,13,553
Caroline,1,37B,008-001,DEMOCRATIC,89,88,47,9,307
Caroline,1,37B,008-001,GREEN,0,1,0,0,3
Caroline,1,37B,008-001,LIBERTARIAN,1,1,1,0,6
Caroline,1,37B,008-001,NO LABELS MARYLAND,1,0,0,0,3
Caroline,1,37B,008-001,OTHER PARTIES,3,3,5,0,16
Caroline,1,37B,008-001,REPUBLICAN,340,310,67,13,848
Caroline,1,37B,008-001,UNAFFILIATED,104,48,32,5,310
Caroline,,,Unable to Determine,DEMOCRATIC,0,0,0,4,
Caroline,,,Unable to Determine,GREEN,0,0,0,0,
Caroline,,,Unable to Determine,LIBERTARIAN,0,0,0,0,
Caroline,,,Unable to Determine,NO LABELS MARYLAND,0,0,0,0,
Caroline,,,Unable to Determine,OTHER PARTIES,0,0,0,0,
Caroline,,,Unable to Determine,REPUBLICAN,0,0,0,9,
Caroline,,,Unable to Determine,UNAFFILIATED,0,0,0,1,
Carroll,2,5,001-001,DEMOCRATIC,248,105,253,17,814
Carroll,2,5,001-001,GREEN,2,0,1,0,9
Carroll,2,5,001-001,LIBERTARIAN,8,0,2,0,18
Carroll,2,5,001-001,NO LABELS MARYLAND,1,0,0,0,4
Carroll,2,5,001-001,OTHER PARTIES,14,6,3,1,41
Carroll,2,5,001-001,REPUBLICAN,1083,406,257,44,2136
Carroll,2,5,001-001,UNAFFILIATED,292,82,88,17,773
Carroll,2,5,001-002,DEMOCRATIC,327,159,194,28,944
Carroll,2,5,001-002,GREEN,0,1,1,0,4
Carroll,2,5,001-002,LIBERTARIAN,9,2,2,2,27
Carroll,2,5,001-002,NO LABELS MARYLAND,0,1,0,0,2
Carroll,2,5,001-002,OTHER PARTIES,17,7,5,0,49
Carroll,2,5,001-002,REPUBLICAN,869,309,142,55,1685
Carroll,2,5,001-002,UNAFFILIATED,408,120,92,30,1029
Carroll,2,5,002-001,DEMOCRATIC,230,130,197,15,697
Carroll,2,5,002-001,GREEN,1,0,0,0,4
Carroll,2,5,002-001,LIBERTARIAN,10,3,2,0,19
Carroll,2,5,002-001,NO LABELS MARYLAND,1,0,0,0,2
Carroll,2,5,002-001,OTHER PARTIES,8,3,5,1,22
Carroll,2,5,002-001,REPUBLICAN,935,455,187,30,1874
Carroll,2,5,002-001,UNAFFILIATED,266,74,57,18,575
Carroll,2,5,003-001,DEMOCRATIC,212,146,203,13,710
Carroll,2,5,003-001,GREEN,3,1,1,0,5
Carroll,2,5,003-001,LIBERTARIAN,15,6,2,0,30
Carroll,2,5,003-001,NO LABELS MARYLAND,0,0,0,0,0
Carroll,2,5,003-001,OTHER PARTIES,16,8,2,0,43
Carroll,2,5,003-001,REPUBLICAN,1043,555,177,23,2122
Carroll,2,5,003-001,UNAFFILIATED,317,119,80,11,820
Carroll,2,42C,003-002,DEMOCRATIC,35,18,31,4,104
Carroll,2,42C,003-002,GREEN,0,0,0,0,0
Carroll,2,42C,003-002,LIBERTARIAN,2,0,0,0,2
Carroll,2,42C,003-002,NO LABELS MARYLAND,0,0,0,0,0
Carroll,2,42C,003-002,OTHER PARTIES,1,0,0,1,4
Carroll,2,42C,003-002,REPUBLICAN,138,61,26,11,273
Carroll,2,42C,003-002,UNAFFILIATED,41,25,8,5,133
Carroll,2,42C,004-001,DEMOCRATIC,61,97,94,31,322
Carroll,2,42C,004-001,GREEN,0,0,0,0,0
Carroll,2,42C,004-001,LIBERTARIAN,3,4,0,0,10
Carroll,2,42C,004-001,NO LABELS MARYLAND,0,0,2,0,3
Carroll,2,42C,004-001,OTHER PARTIES,2,0,1,1,6
Carroll,2,42C,004-001,REPUBLICAN,246,251,106,49,708
Carroll,2,42C,004-001,UNAFFILIATED,105,75,40,24,309
Carroll,2,42C,004-002,DEMOCRATIC,398,358,425,36,1479
Carroll,2,42C,004-002,GREEN,1,0,2,0,3
Carroll,2,42C,004-002,LIBERTARIAN,11,4,4,0,30
Carroll,2,42C,004-002,NO LABELS MARYLAND,2,1,1,0,6
Carroll,2,42C,004-002,OTHER PARTIES,15,16,7,1,55
Carroll,2,42C,004-002,REPUBLICAN,1088,865,348,32,2788
Carroll,2,42C,004-002,UNAFFILIATED,401,225,182,33,1242
Carroll,2,42C,004-003,DEMOCRATIC,161,192,217,21,717
Carroll,2,42C,004-003,GREEN,0,1,1,0,4
Carroll,2,42C,004-003,LIBERTARIAN,5,1,2,1,15
Carroll,2,42C,004-003,NO LABELS MARYLAND,1,0,0,0,1
Carroll,2,42C,004-003,OTHER PARTIES,5,6,2,0,20
Carroll,2,42C,004-003,REPUBLICAN,501,585,161,23,1487
Carroll,2,42C,004-003,UNAFFILIATED,184,104,88,10,551
Carroll,2,42C,004-004,DEMOCRATIC,31,39,35,0,136
Carroll,2,42C,004-004,GREEN,0,1,0,0,1
Carroll,2,42C,004-004,LIBERTARIAN,1,0,0,0,2
Carroll,2,42C,004-004,NO LABELS MARYLAND,0,0,0,0,0
Carroll,2,42C,004-004,OTHER PARTIES,4,0,0,0,6
Carroll,2,42C,004-004,REPUBLICAN,73,76,40,2,231
Carroll,2,42C,004-004,UNAFFILIATED,32,25,20,0,109
Carroll,2,5,004-005,DEMOCRATIC,2,10,12,0,29
Carroll,2,5,004-005,GREEN,0,0,0,0,0
Carroll,2,5,004-005,LIBERTARIAN,0,0,0,0,0
Carroll,2,5,004-005,NO LABELS MARYLAND,0,0,0,0,0
Carroll,2,5,004-005,OTHER PARTIES,0,0,0,0,0
Carroll,2,5,004-005,REPUBLICAN,27,19,8,0,61
Carroll,2,5,004-005,UNAFFILIATED,11,5,0,0,28
Carroll,2,5,004-006,DEMOCRATIC,140,143,204,4,563
Carroll,2,5,004-006,GREEN,0,1,0,0,2
Carroll,2,5,004-006,LIBERTARIAN,4,2,3,0,15
Carroll,2,5,004-006,NO LABELS MARYLAND,0,2,1,0,3
Carroll,2,5,004-006,OTHER PARTIES,3,5,1,0,18
Carroll,2,5,004-006,REPUBLICAN,470,477,180,4,1293
Carroll,2,5,004-006,UNAFFILIATED,174,110,71,4,512
Carroll,2,42C,004-007,DEMOCRATIC,86,83,85,13,308
Carroll,2,42C,004-007,GREEN,0,0,0,0,0
Carroll,2,42C,004-007,LIBERTARIAN,3,0,0,0,4
Carroll,2,42C,004-007,NO LABELS MARYLAND,1,0,0,0,1
Carroll,2,42C,004-007,OTHER PARTIES,3,1,2,1,11
Carroll,2,42C,004-007,REPUBLICAN,254,264,127,27,753
Carroll,2,42C,004-007,UNAFFILIATED,98,54,32,20,274
Carroll,2,5,005-001,DEMOCRATIC,9,9,13,23,35
Carroll,2,5,005-001,GREEN,0,0,0,0,0
Carroll,2,5,005-001,LIBERTARIAN,2,0,0,0,2
Carroll,2,5,005-001,NO LABELS MARYLAND,0,0,0,0,0
Carroll,2,5,005-001,OTHER PARTIES,0,0,0,1,0
Carroll,2,5,005-001,REPUBLICAN,20,16,9,33,59
Carroll,2,5,005-001,UNAFFILIATED,13,5,9,18,43
Carroll,2,5,005-002,DEMOCRATIC,6,4,5,25,23
Carroll,2,5,005-002,GREEN,0,0,0,0,0
Carroll,2,5,005-002,LIBERTARIAN,0,0,0,0,0
Carroll,2,5,005-002,NO LABELS MARYLAND,0,0,0,0,0
Carroll,2,5,005-002,OTHER PARTIES,1,1,0,0,2
Carroll,2,5,005-002,REPUBLICAN,18,23,9,17,66
Carroll,2,5,005-002,UNAFFILIATED,10,10,6,15,31
Carroll,2,5,005-003,DEMOCRATIC,542,594,613,19,2145
Carroll,2,5,005-003,GREEN,2,2,1,1,8
Carroll,2,5,005-003,LIBERTARIAN,21,7,6,0,47
Carroll,2,5,005-003,NO LABELS MARYLAND,1,0,3,0,5
Carroll,2,5,005-003,OTHER PARTIES,19,12,4,1,65
Carroll,2,5,005-003,REPUBLICAN,1014,1138,371,11,3036
Carroll,2,5,005-003,UNAFFILIATED,606,415,315,10,1840
Carroll,2,5,005-004,DEMOCRATIC,322,512,496,28,1590
Carroll,2,5,005-004,GREEN,2,1,1,0,5
Carroll,2,5,005-004,LIBERTARIAN,18,8,2,0,40
Carroll,2,5,005-004,NO LABELS MARYLAND,0,1,2,0,6
Carroll,2,5,005-004,OTHER PARTIES,9,22,4,0,55
Carroll,2,5,005-004,REPUBLICAN,648,997,326,28,2323
Carroll,2,5,005-004,UNAFFILIATED,379,353,222,24,1350
Carroll,2,5,005-005,DEMOCRATIC,306,316,377,8,1236
Carroll,2,5,005-005,GREEN,0,1,2,0,4
Carroll,2,5,005-005,LIBERTARIAN,10,5,2,0,22
Carroll,2,5,005-005,NO LABELS MARYLAND,0,1,0,1,5
Carroll,2,5,005-005,OTHER PARTIES,11,9,5,0,38
Carroll,2,5,005-005,REPUBLICAN,574,649,212,15,1712
Carroll,2,5,005-005,UNAFFILIATED,310,237,147,8,1009
Carroll,2,5,005-006,DEMOCRATIC,485,443,537,35,1790
Carroll,2,5,005-006,GREEN,1,4,0,0,7
Carroll,2,5,005-006,LIBERTARIAN,12,8,4,0,35
Carroll,2,5,005-006,NO LABELS MARYLAND,2,1,1,0,4
Carroll,2,5,005-006,OTHER PARTIES,20,10,4,0,52
Carroll,2,5,005-006,REPUBLICAN,940,713,330,31,2373
Carroll,2,5,005-006,UNAFFILIATED,452,315,189,22,1388
Carroll,2,5,006-001,DEMOCRATIC,42,27,24,18,127
Carroll,2,5,006-001,GREEN,0,0,0,0,0
Carroll,2,5,006-001,LIBERTARIAN,1,4,0,2,9
Carroll,2,5,006-001,NO LABELS MARYLAND,0,0,0,0,0
Carroll,2,5,006-001,OTHER PARTIES,4,3,0,0,7
Carroll,2,5,006-001,REPUBLICAN,229,182,50,52,540
Carroll,2,5,006-001,UNAFFILIATED,66,36,15,12,159
Carroll,2,5,006-002,DEMOCRATIC,304,282,309,9,1150
Carroll,2,5,006-002,GREEN,2,0,1,0,3
Carroll,2,5,006-002,LIBERTARIAN,16,4,2,2,40
Carroll,2,5,006-002,NO LABELS MARYLAND,1,0,1,0,4
Carroll,2,5,006-002,OTHER PARTIES,16,19,5,1,57
Carroll,2,5,006-002,REPUBLICAN,1113,956,290,12,2859
Carroll,2,5,006-002,UNAFFILIATED,392,226,112,3,1155
Carroll,2,42C,006-003,DEMOCRATIC,174,162,182,12,659
Carroll,2,42C,006-003,GREEN,0,1,0,0,1
Carroll,2,42C,006-003,LIBERTARIAN,8,7,0,0,22
Carroll,2,42C,006-003,NO LABELS MARYLAND,1,0,2,0,3
Carroll,2,42C,006-003,OTHER PARTIES,7,6,1,2,21
Carroll,2,42C,006-003,REPUBLICAN,716,855,229,32,2130
Carroll,2,42C,006-003,UNAFFILIATED,232,170,98,18,749
Carroll,2,42C,006-004,DEMOCRATIC,50,66,70,2,223
Carroll,2,42C,006-004,GREEN,0,0,0,0,0
Carroll,2,42C,006-004,LIBERTARIAN,2,0,0,0,4
Carroll,2,42C,006-004,NO LABELS MARYLAND,1,0,1,0,5
Carroll,2,42C,006-004,OTHER PARTIES,1,2,1,0,9
Carroll,2,42C,006-004,REPUBLICAN,232,266,81,2,655
Carroll,2,42C,006-004,UNAFFILIATED,63,49,35,1,244
Carroll,2,42C,006-005,DEMOCRATIC,8,9,16,0,38
Carroll,2,42C,006-005,GREEN,0,0,0,0,0
Carroll,2,42C,006-005,LIBERTARIAN,0,0,0,0,1
Carroll,2,42C,006-005,NO LABELS MARYLAND,0,0,0,0,0
Carroll,2,42C,006-005,OTHER PARTIES,0,0,0,0,2
Carroll,2,42C,006-005,REPUBLICAN,32,30,13,0,96
Carroll,2,42C,006-005,UNAFFILIATED,13,8,3,2,40
Carroll,2,5,007-001,DEMOCRATIC,6,3,0,0,9
Carroll,2,5,007-001,GREEN,0,0,0,0,0
Carroll,2,5,007-001,LIBERTARIAN,0,0,0,0,0
Carroll,2,5,007-001,NO LABELS MARYLAND,0,0,0,0,0
Carroll,2,5,007-001,OTHER PARTIES,2,0,0,0,2
Carroll,2,5,007-001,REPUBLICAN,6,4,3,0,17
Carroll,2,5,007-001,UNAFFILIATED,3,1,1,0,8
Carroll,2,42C,007-002,DEMOCRATIC,112,86,124,0,392
Carroll,2,42C,007-002,GREEN,1,0,1,0,5
Carroll,2,42C,007-002,LIBERTARIAN,7,0,1,0,9
Carroll,2,42C,007-002,NO LABELS MARYLAND,1,0,0,0,1
Carroll,2,42C,007-002,OTHER PARTIES,1,3,2,0,14
Carroll,2,42C,007-002,REPUBLICAN,395,319,96,11,961
Carroll,2,42C,007-002,UNAFFILIATED,132,70,41,2,352
Carroll,2,42C,007-003,DEMOCRATIC,209,225,240,7,844
Carroll,2,42C,007-003,GREEN,1,0,0,0,2
Carroll,2,42C,007-003,LIBERTARIAN,14,6,0,0,23
Carroll,2,42C,007-003,NO LABELS MARYLAND,1,1,0,0,3
Carroll,2,42C,007-003,OTHER PARTIES,8,10,5,0,29
Carroll,2,42C,007-003,REPUBLICAN,637,621,220,10,1784
Carroll,2,42C,007-003,UNAFFILIATED,247,178,108,4,777
Carroll,2,5,007-004,DEMOCRATIC,150,97,139,4,540
Carroll,2,5,007-004,GREEN,0,1,0,0,1
Carroll,2,5,007-004,LIBERTARIAN,3,4,0,0,15
Carroll,2,5,007-004,NO LABELS MARYLAND,0,1,1,0,4
Carroll,2,5,007-004,OTHER PARTIES,8,6,2,0,36
Carroll,2,5,007-004,REPUBLICAN,287,237,116,12,861
Carroll,2,5,007-004,UNAFFILIATED,168,84,58,1,508
Carroll,2,5,007-005,DEMOCRATIC,440,522,507,34,1988
Carroll,2,5,007-005,GREEN,2,1,1,0,12
Carroll,2,5,007-005,LIBERTARIAN,16,5,1,2,36
Carroll,2,5,007-005,NO LABELS MARYLAND,3,1,1,0,10
Carroll,2,5,007-005,OTHER PARTIES,20,15,4,1,62
Carroll,2,5,007-005,REPUBLICAN,786,928,310,40,2592
Carroll,2,5,007-005,UNAFFILIATED,424,281,204,21,1544
Carroll,2,5,007-006,DEMOCRATIC,50,54,87,1,227
Carroll,2,5,007-006,GREEN,1,0,0,0,1
Carroll,2,5,007-006,LIBERTARIAN,5,2,0,0,9
Carroll,2,5,007-006,NO LABELS MARYLAND,0,0,0,0,0
Carroll,2,5,007-006,OTHER PARTIES,1,3,0,0,7
Carroll,2,5,007-006,REPUBLICAN,210,184,69,5,545
Carroll,2,5,007-006,UNAFFILIATED,70,39,26,0,212
Carroll,2,5,007-007,DEMOCRATIC,218,190,327,68,927
Carroll,2,5,007-007,GREEN,3,0,1,0,5
Carroll,2,5,007-007,LIBERTARIAN,7,4,3,1,22
Carroll,2,5,007-007,NO LABELS MARYLAND,0,2,1,2,3
Carroll,2,5,007-007,OTHER PARTIES,8,8,2,5,33
Carroll,2,5,007-007,REPUBLICAN,498,521,285,48,1593
Carroll,2,5,007-007,UNAFFILIATED,209,164,117,73,711
Carroll,2,5,007-008,DEMOCRATIC,1,0,0,39,0
Carroll,2,5,007-008,GREEN,0,0,0,1,0
Carroll,2,5,007-008,LIBERTARIAN,0,0,0,2,0
Carroll,2,5,007-008,NO LABELS MARYLAND,0,0,0,0,0
Carroll,2,5,007-008,OTHER PARTIES,0,0,0,2,0
Carroll,2,5,007-008,REPUBLICAN,3,0,0,43,3
Carroll,2,5,007-008,UNAFFILIATED,2,0,0,30,1
Carroll,2,5,007-009,DEMOCRATIC,586,508,564,15,2148
Carroll,2,5,007-009,GREEN,1,1,1,0,8
Carroll,2,5,007-009,LIBERTARIAN,22,7,2,0,46
Carroll,2,5,007-009,NO LABELS MARYLAND,2,2,1,0,8
Carroll,2,5,007-009,OTHER PARTIES,21,6,6,0,65
Carroll,2,5,007-009,REPUBLICAN,946,939,295,15,2751
Carroll,2,5,007-009,UNAFFILIATED,517,300,213,11,1637
Carroll,2,5,007-010,DEMOCRATIC,206,215,180,7,829
Carroll,2,5,007-010,GREEN,0,2,0,1,4
Carroll,2,5,007-010,LIBERTARIAN,10,0,1,0,19
Carroll,2,5,007-010,NO LABELS MARYLAND,0,1,0,0,2
Carroll,2,5,007-010,OTHER PARTIES,5,4,4,0,29
Carroll,2,5,007-010,REPUBLICAN,298,268,89,6,855
Carroll,2,5,007-010,UNAFFILIATED,166,102,59,3,632
Carroll,2,42C,008-001,DEMOCRATIC,375,371,333,17,1403
Carroll,2,42C,008-001,GREEN,2,0,1,0,8
Carroll,2,42C,008-001,LIBERTARIAN,21,11,3,1,49
Carroll,2,42C,008-001,NO LABELS MARYLAND,1,0,1,2,3
Carroll,2,42C,008-001,OTHER PARTIES,16,14,5,2,54
Carroll,2,42C,008-001,REPUBLICAN,1046,1246,279,51,3153
Carroll,2,42C,008-001,UNAFFILIATED,442,329,164,19,1460
Carroll,2,42C,008-002,DEMOCRATIC,161,222,211,17,780
Carroll,2,42C,008-002,GREEN,2,0,0,0,4
Carroll,2,42C,008-002,LIBERTARIAN,11,4,4,1,25
Carroll,2,42C,008-002,NO LABELS MARYLAND,2,0,0,0,4
Carroll,2,42C,008-002,OTHER PARTIES,5,10,2,1,25
Carroll,2,42C,008-002,REPUBLICAN,642,756,245,36,1912
Carroll,2,42C,008-002,UNAFFILIATED,240,184,77,23,755
Carroll,2,42C,008-003,DEMOCRATIC,67,88,73,1,284
Carroll,2,42C,008-003,GREEN,0,1,0,0,2
Carroll,2,42C,008-003,LIBERTARIAN,3,1,1,0,8
Carroll,2,42C,008-003,NO LABELS MARYLAND,0,1,0,0,2
Carroll,2,42C,008-003,OTHER PARTIES,3,5,0,0,13
Carroll,2,42C,008-003,REPUBLICAN,208,329,100,3,747
Carroll,2,42C,008-003,UNAFFILIATED,87,64,53,1,300
Carroll,2,5,009-001,DEMOCRATIC,357,301,381,18,1291
Carroll,2,5,009-001,GREEN,4,0,1,0,5
Carroll,2,5,009-001,LIBERTARIAN,16,9,2,0,38
Carroll,2,5,009-001,NO LABELS MARYLAND,2,0,2,0,9
Carroll,2,5,009-001,OTHER PARTIES,15,8,7,4,42
Carroll,2,5,009-001,REPUBLICAN,1301,1020,319,43,3096
Carroll,2,5,009-001,UNAFFILIATED,438,227,223,25,1288
Carroll,2,5,009-002,DEMOCRATIC,6,5,2,11,15
Carroll,2,5,009-002,GREEN,0,0,0,0,0
Carroll,2,5,009-002,LIBERTARIAN,0,0,0,2,1
Carroll,2,5,009-002,NO LABELS MARYLAND,0,0,0,0,0
Carroll,2,5,009-002,OTHER PARTIES,0,0,0,0,0
Carroll,2,5,009-002,REPUBLICAN,21,35,7,24,77
Carroll,2,5,009-002,UNAFFILIATED,3,5,0,17,15
Carroll,2,5,009-003,DEMOCRATIC,1,1,1,0,3
Carroll,2,5,009-003,GREEN,0,0,0,0,0
Carroll,2,5,009-003,LIBERTARIAN,0,0,0,0,0
Carroll,2,5,009-003,NO LABELS MARYLAND,0,0,0,0,0
Carroll,2,5,009-003,OTHER PARTIES,0,0,0,0,0
Carroll,2,5,009-003,REPUBLICAN,5,2,1,0,8
Carroll,2,5,009-003,UNAFFILIATED,0,0,0,0,1
Carroll,2,5,010-001,DEMOCRATIC,51,22,41,0,146
Carroll,2,5,010-001,GREEN,0,0,0,0,0
Carroll,2,5,010-001,LIBERTARIAN,4,0,0,0,5
Carroll,2,5,010-001,NO LABELS MARYLAND,0,0,0,0,1
Carroll,2,5,010-001,OTHER PARTIES,2,3,1,0,6
Carroll,2,5,010-001,REPUBLICAN,358,124,58,2,645
Carroll,2,5,010-001,UNAFFILIATED,74,29,25,0,208
Carroll,2,5,011-001,DEMOCRATIC,200,140,223,2,672
Carroll,2,5,011-001,GREEN,0,0,0,0,2
Carroll,2,5,011-001,LIBERTARIAN,15,3,0,0,23
Carroll,2,5,011-001,NO LABELS MARYLAND,0,0,0,0,0
Carroll,2,5,011-001,OTHER PARTIES,15,3,3,0,30
Carroll,2,5,011-001,REPUBLICAN,799,403,149,10,1602
Carroll,2,5,011-001,UNAFFILIATED,243,109,89,1,640
Carroll,2,5,011-002,DEMOCRATIC,8,5,4,0,24
Carroll,2,5,011-002,GREEN,0,0,0,0,1
Carroll,2,5,011-002,LIBERTARIAN,0,0,0,0,0
Carroll,2,5,011-002,NO LABELS MARYLAND,0,0,0,0,0
Carroll,2,5,011-002,OTHER PARTIES,1,0,0,0,1
Carroll,2,5,011-002,REPUBLICAN,23,20,9,0,60
Carroll,2,5,011-002,UNAFFILIATED,9,5,4,0,24
Carroll,2,5,012-001,DEMOCRATIC,83,42,51,1,240
Carroll,2,5,012-001,GREEN,0,0,0,0,2
Carroll,2,5,012-001,LIBERTARIAN,1,2,1,0,8
Carroll,2,5,012-001,NO LABELS MARYLAND,0,0,0,0,2
Carroll,2,5,012-001,OTHER PARTIES,3,1,2,0,11
Carroll,2,5,012-001,REPUBLICAN,318,76,42,0,558
Carroll,2,5,012-001,UNAFFILIATED,102,15,21,0,244
Carroll,3,5,013-001,DEMOCRATIC,759,322,591,42,2042
Carroll,3,5,013-001,GREEN,1,0,0,0,6
Carroll,3,5,013-001,LIBERTARIAN,25,4,9,0,49
Carroll,3,5,013-001,NO LABELS MARYLAND,3,1,2,0,8
Carroll,3,5,013-001,OTHER PARTIES,30,8,4,0,71
Carroll,3,5,013-001,REPUBLICAN,1781,860,510,56,3778
Carroll,3,5,013-001,UNAFFILIATED,851,272,311,35,2016
Carroll,2,5,014-001,DEMOCRATIC,27,25,26,17,96
Carroll,2,5,014-001,GREEN,2,0,0,0,2
Carroll,2,5,014-001,LIBERTARIAN,1,1,0,2,3
Carroll,2,5,014-001,NO LABELS MARYLAND,0,0,0,0,1
Carroll,2,5,014-001,OTHER PARTIES,1,2,0,1,4
Carroll,2,5,014-001,REPUBLICAN,121,96,18,27,276
Carroll,2,5,014-001,UNAFFILIATED,32,25,5,23,101
Carroll,2,5,014-002,DEMOCRATIC,160,181,170,12,618
Carroll,2,5,014-002,GREEN,2,0,1,0,3
Carroll,2,5,014-002,LIBERTARIAN,6,7,2,0,17
Carroll,2,5,014-002,NO LABELS MARYLAND,0,0,0,0,1
Carroll,2,5,014-002,OTHER PARTIES,5,7,1,1,20
Carroll,2,5,014-002,REPUBLICAN,448,402,118,14,1126
Carroll,2,5,014-002,UNAFFILIATED,182,113,72,7,482
Carroll,3,5,014-003,DEMOCRATIC,101,91,84,1,343
Carroll,3,5,014-003,GREEN,0,0,0,0,1
Carroll,3,5,014-003,LIBERTARIAN,8,3,1,0,14
Carroll,3,5,014-003,NO LABELS MARYLAND,0,0,0,0,0
Carroll,3,5,014-003,OTHER PARTIES,2,0,0,0,7
Carroll,3,5,014-003,REPUBLICAN,203,223,66,3,593
Carroll,3,5,014-003,UNAFFILIATED,107,58,28,1,289
Carroll,3,5,014-004,DEMOCRATIC,2,2,1,0,9
Carroll,3,5,014-004,GREEN,0,0,0,0,0
Carroll,3,5,014-004,LIBERTARIAN,0,1,0,0,1
Carroll,3,5,014-004,NO LABELS MARYLAND,0,0,0,0,0
Carroll,3,5,014-004,OTHER PARTIES,0,0,0,0,1
Carroll,3,5,014-004,REPUBLICAN,5,5,5,0,23
Carroll,3,5,014-004,UNAFFILIATED,3,1,2,0,12
Carroll,3,5,014-005,DEMOCRATIC,351,333,449,10,1382
Carroll,3,5,014-005,GREEN,1,0,1,0,3
Carroll,3,5,014-005,LIBERTARIAN,10,8,2,0,39
Carroll,3,5,014-005,NO LABELS MARYLAND,0,1,2,0,6
Carroll,3,5,014-005,OTHER PARTIES,8,21,4,0,42
Carroll,3,5,014-005,REPUBLICAN,1200,1015,354,8,3056
Carroll,3,5,014-005,UNAFFILIATED,428,292,208,5,1348
Carroll,,,Unable to Determine,DEMOCRATIC,0,0,0,24,
Carroll,,,Unable to Determine,GREEN,0,0,0,1,
Carroll,,,Unable to Determine,LIBERTARIAN,0,0,0,0,
Carroll,,,Unable to Determine,NO LABELS MARYLAND,0,0,0,0,
Carroll,,,Unable to Determine,OTHER PARTIES,0,0,0,0,
Carroll,,,Unable to Determine,REPUBLICAN,0,0,0,35,
Carroll,,,Unable to Determine,UNAFFILIATED,0,0,0,17,
Cecil,1,36,001-001,DEMOCRATIC,320,119,236,8,929
Cecil,1,36,001-001,GREEN,1,0,0,0,2
Cecil,1,36,001-001,LIBERTARIAN,10,6,1,1,30
Cecil,1,36,001-001,NO LABELS MARYLAND,4,0,1,0,7
Cecil,1,36,001-001,OTHER PARTIES,12,2,5,0,38
Cecil,1,36,001-001,REPUBLICAN,875,414,229,34,1859
Cecil,1,36,001-001,UNAFFILIATED,276,91,96,11,738
Cecil,1,36,002-001,DEMOCRATIC,160,108,138,15,509
Cecil,1,36,002-001,GREEN,1,0,0,0,1
Cecil,1,36,002-001,LIBERTARIAN,3,4,0,1,12
Cecil,1,36,002-001,NO LABELS MARYLAND,1,0,0,0,2
Cecil,1,36,002-001,OTHER PARTIES,5,6,4,0,22
Cecil,1,36,002-001,REPUBLICAN,467,273,114,24,1029
Cecil,1,36,002-001,UNAFFILIATED,168,66,57,20,482
Cecil,1,36,002-002,DEMOCRATIC,117,146,158,1,545
Cecil,1,36,002-002,GREEN,0,0,0,0,2
Cecil,1,36,002-002,LIBERTARIAN,9,2,4,0,14
Cecil,1,36,002-002,NO LABELS MARYLAND,0,2,1,0,3
Cecil,1,36,002-002,OTHER PARTIES,3,1,1,0,11
Cecil,1,36,002-002,REPUBLICAN,376,364,140,15,1064
Cecil,1,36,002-002,UNAFFILIATED,155,77,59,5,467
Cecil,1,36,003-001,DEMOCRATIC,439,355,272,47,1653
Cecil,1,36,003-001,GREEN,3,1,0,0,8
Cecil,1,36,003-001,LIBERTARIAN,15,5,0,0,27
Cecil,1,36,003-001,NO LABELS MARYLAND,4,0,0,0,7
Cecil,1,36,003-001,OTHER PARTIES,11,10,6,0,56
Cecil,1,36,003-001,REPUBLICAN,503,440,153,20,1475
Cecil,1,36,003-001,UNAFFILIATED,342,160,90,34,1172
Cecil,1,36,003-002,DEMOCRATIC,361,279,230,45,1459
Cecil,1,36,003-002,GREEN,2,0,0,1,6
Cecil,1,36,003-002,LIBERTARIAN,14,8,1,1,41
Cecil,1,36,003-002,NO LABELS MARYLAND,2,0,2,0,13
Cecil,1,36,003-002,OTHER PARTIES,10,10,2,1,59
Cecil,1,36,003-002,REPUBLICAN,516,582,147,57,1688
Cecil,1,36,003-002,UNAFFILIATED,277,154,77,32,1074
Cecil,1,36,003-003,DEMOCRATIC,444,398,280,45,1889
Cecil,1,36,003-003,GREEN,1,1,2,0,10
Cecil,1,36,003-003,LIBERTARIAN,10,4,2,1,35
Cecil,1,36,003-003,NO LABELS MARYLAND,3,1,0,1,18
Cecil,1,36,003-003,OTHER PARTIES,18,10,3,2,73
Cecil,1,36,003-003,REPUBLICAN,758,668,210,40,2199
Cecil,1,36,003-003,UNAFFILIATED,362,219,120,26,1468
Cecil,1,36,003-004,DEMOCRATIC,132,88,73,5,440
Cecil,1,36,003-004,GREEN,1,1,0,0,2
Cecil,1,36,003-004,LIBERTARIAN,4,1,0,0,8
Cecil,1,36,003-004,NO LABELS MARYLAND,0,0,0,0,0
Cecil,1,36,003-004,OTHER PARTIES,4,4,1,0,22
Cecil,1,36,003-004,REPUBLICAN,402,292,120,9,974
Cecil,1,36,003-004,UNAFFILIATED,141,70,31,1,428
Cecil,1,35B,003-005,DEMOCRATIC,20,19,11,8,74
Cecil,1,35B,003-005,GREEN,0,0,0,0,0
Cecil,1,35B,003-005,LIBERTARIAN,3,0,1,0,5
Cecil,1,35B,003-005,NO LABELS MARYLAND,0,0,0,0,0
Cecil,1,35B,003-005,OTHER PARTIES,1,0,0,0,1
Cecil,1,35B,003-005,REPUBLICAN,84,102,19,12,235
Cecil,1,35B,003-005,UNAFFILIATED,29,19,3,6,83
Cecil,1,36,004-001,DEMOCRATIC,204,175,217,19,763
Cecil,1,36,004-001,GREEN,1,0,0,0,1
Cecil,1,36,004-001,LIBERTARIAN,8,3,0,1,22
Cecil,1,36,004-001,NO LABELS MARYLAND,0,0,0,0,0
Cecil,1,36,004-001,OTHER PARTIES,6,5,2,0,20
Cecil,1,36,004-001,REPUBLICAN,490,432,171,35,1320
Cecil,1,36,004-001,UNAFFILIATED,216,125,97,15,689
Cecil,1,36,004-002,DEMOCRATIC,292,172,155,18,932
Cecil,1,36,004-002,GREEN,1,0,0,0,5
Cecil,1,36,004-002,LIBERTARIAN,6,2,2,0,17
Cecil,1,36,004-002,NO LABELS MARYLAND,4,0,1,0,6
Cecil,1,36,004-002,OTHER PARTIES,5,3,2,0,31
Cecil,1,36,004-002,REPUBLICAN,263,163,59,8,648
Cecil,1,36,004-002,UNAFFILIATED,155,81,58,12,593
Cecil,1,35B,004-003,DEMOCRATIC,96,70,85,2,305
Cecil,1,35B,004-003,GREEN,0,0,0,0,0
Cecil,1,35B,004-003,LIBERTARIAN,1,0,1,0,4
Cecil,1,35B,004-003,NO LABELS MARYLAND,0,0,0,0,2
Cecil,1,35B,004-003,OTHER PARTIES,1,2,1,0,7
Cecil,1,35B,004-003,REPUBLICAN,272,218,74,2,669
Cecil,1,35B,004-003,UNAFFILIATED,88,39,39,3,272
Cecil,1,36,005-001,DEMOCRATIC,40,47,48,6,240
Cecil,1,36,005-001,GREEN,0,0,0,0,0
Cecil,1,36,005-001,LIBERTARIAN,2,0,0,0,3
Cecil,1,36,005-001,NO LABELS MARYLAND,0,0,0,0,0
Cecil,1,36,005-001,OTHER PARTIES,2,6,3,0,21
Cecil,1,36,005-001,REPUBLICAN,141,180,75,22,534
Cecil,1,36,005-001,UNAFFILIATED,51,39,40,17,263
Cecil,1,35B,005-002,DEMOCRATIC,275,186,203,16,952
Cecil,1,35B,005-002,GREEN,1,1,1,0,3
Cecil,1,35B,005-002,LIBERTARIAN,8,0,0,1,18
Cecil,1,35B,005-002,NO LABELS MARYLAND,0,0,0,1,5
Cecil,1,35B,005-002,OTHER PARTIES,12,8,3,1,52
Cecil,1,35B,005-002,REPUBLICAN,675,359,152,31,1492
Cecil,1,35B,005-002,UNAFFILIATED,246,107,87,13,812
Cecil,1,36,005-003,DEMOCRATIC,296,252,276,13,1083
Cecil,1,36,005-003,GREEN,1,0,0,0,2
Cecil,1,36,005-003,LIBERTARIAN,13,5,4,0,36
Cecil,1,36,005-003,NO LABELS MARYLAND,1,0,8,0,13
Cecil,1,36,005-003,OTHER PARTIES,10,4,5,0,35
Cecil,1,36,005-003,REPUBLICAN,980,923,386,37,2701
Cecil,1,36,005-003,UNAFFILIATED,347,189,160,13,1077
Cecil,1,35B,005-004,DEMOCRATIC,392,229,228,37,1313
Cecil,1,35B,005-004,GREEN,1,0,0,0,3
Cecil,1,35B,005-004,LIBERTARIAN,12,3,2,0,34
Cecil,1,35B,005-004,NO LABELS MARYLAND,2,1,1,1,6
Cecil,1,35B,005-004,OTHER PARTIES,16,8,3,3,64
Cecil,1,35B,005-004,REPUBLICAN,665,452,143,43,1683
Cecil,1,35B,005-004,UNAFFILIATED,331,145,107,30,1175
Cecil,1,35B,005-005,DEMOCRATIC,238,201,196,21,1011
Cecil,1,35B,005-005,GREEN,1,0,0,0,5
Cecil,1,35B,005-005,LIBERTARIAN,10,5,2,2,33
Cecil,1,35B,005-005,NO LABELS MARYLAND,2,2,4,0,10
Cecil,1,35B,005-005,OTHER PARTIES,12,6,5,2,50
Cecil,1,35B,005-005,REPUBLICAN,853,717,206,65,2282
Cecil,1,35B,005-005,UNAFFILIATED,337,179,99,24,1122
Cecil,1,36,005-006,DEMOCRATIC,63,72,62,2,253
Cecil,1,36,005-006,GREEN,0,0,0,0,1
Cecil,1,36,005-006,LIBERTARIAN,1,1,1,0,5
Cecil,1,36,005-006,NO LABELS MARYLAND,0,0,0,0,0
Cecil,1,36,005-006,OTHER PARTIES,2,2,1,0,6
Cecil,1,36,005-006,REPUBLICAN,153,151,62,2,468
Cecil,1,36,005-006,UNAFFILIATED,59,44,34,7,204
Cecil,1,35B,006-001,DEMOCRATIC,154,157,162,4,667
Cecil,1,35B,006-001,GREEN,1,0,0,0,5
Cecil,1,35B,006-001,LIBERTARIAN,8,2,1,0,19
Cecil,1,35B,006-001,NO LABELS MARYLAND,2,0,2,0,6
Cecil,1,35B,006-001,OTHER PARTIES,14,10,2,0,39
Cecil,1,35B,006-001,REPUBLICAN,756,834,191,18,2186
Cecil,1,35B,006-001,UNAFFILIATED,216,132,66,5,771
Cecil,1,35B,006-002,DEMOCRATIC,92,134,110,11,453
Cecil,1,35B,006-002,GREEN,1,0,0,0,2
Cecil,1,35B,006-002,LIBERTARIAN,5,2,2,0,15
Cecil,1,35B,006-002,NO LABELS MARYLAND,3,0,1,0,6
Cecil,1,35B,006-002,OTHER PARTIES,7,8,1,1,27
Cecil,1,35B,006-002,REPUBLICAN,501,687,118,43,1552
Cecil,1,35B,006-002,UNAFFILIATED,154,146,41,12,543
Cecil,1,35B,006-003,DEMOCRATIC,28,30,36,8,129
Cecil,1,35B,006-003,GREEN,0,0,0,0,0
Cecil,1,35B,006-003,LIBERTARIAN,1,0,1,1,6
Cecil,1,35B,006-003,NO LABELS MARYLAND,0,0,0,0,0
Cecil,1,35B,006-003,OTHER PARTIES,1,0,2,0,8
Cecil,1,35B,006-003,REPUBLICAN,159,241,47,46,532
Cecil,1,35B,006-003,UNAFFILIATED,46,52,21,16,174
Cecil,1,35A,006-004,DEMOCRATIC,20,18,29,2,86
Cecil,1,35A,006-004,GREEN,0,0,0,0,0
Cecil,1,35A,006-004,LIBERTARIAN,0,2,0,0,2
Cecil,1,35A,006-004,NO LABELS MARYLAND,0,0,1,0,1
Cecil,1,35A,006-004,OTHER PARTIES,1,1,0,0,3
Cecil,1,35A,006-004,REPUBLICAN,94,116,27,3,287
Cecil,1,35A,006-004,UNAFFILIATED,34,18,12,2,112
Cecil,1,35B,007-001,DEMOCRATIC,175,181,203,22,804
Cecil,1,35B,007-001,GREEN,2,1,0,0,6
Cecil,1,35B,007-001,LIBERTARIAN,12,3,2,1,27
Cecil,1,35B,007-001,NO LABELS MARYLAND,1,1,1,0,5
Cecil,1,35B,007-001,OTHER PARTIES,9,14,1,0,46
Cecil,1,35B,007-001,REPUBLICAN,625,710,191,41,1901
Cecil,1,35B,007-001,UNAFFILIATED,239,140,100,25,860
Cecil,1,35B,007-002,DEMOCRATIC,344,172,255,30,1226
Cecil,1,35B,007-002,GREEN,1,1,1,0,3
Cecil,1,35B,007-002,LIBERTARIAN,11,1,0,1,22
Cecil,1,35B,007-002,NO LABELS MARYLAND,0,1,0,1,3
Cecil,1,35B,007-002,OTHER PARTIES,12,6,5,1,45
Cecil,1,35B,007-002,REPUBLICAN,704,410,191,46,1667
Cecil,1,35B,007-002,UNAFFILIATED,255,127,72,17,855
Cecil,1,35A,007-003,DEMOCRATIC,11,18,18,1,68
Cecil,1,35A,007-003,GREEN,1,0,0,0,1
Cecil,1,35A,007-003,LIBERTARIAN,2,2,0,0,5
Cecil,1,35A,007-003,NO LABELS MARYLAND,0,0,0,0,0
Cecil,1,35A,007-003,OTHER PARTIES,1,2,0,0,4
Cecil,1,35A,007-003,REPUBLICAN,101,102,23,2,273
Cecil,1,35A,007-003,UNAFFILIATED,30,17,8,0,92
Cecil,1,35B,007-004,DEMOCRATIC,22,15,12,4,72
Cecil,1,35B,007-004,GREEN,0,0,0,0,0
Cecil,1,35B,007-004,LIBERTARIAN,1,0,1,0,2
Cecil,1,35B,007-004,NO LABELS MARYLAND,0,0,1,0,2
Cecil,1,35B,007-004,OTHER PARTIES,0,0,1,0,3
Cecil,1,35B,007-004,REPUBLICAN,78,78,29,5,233
Cecil,1,35B,007-004,UNAFFILIATED,18,25,8,1,98
Cecil,1,35A,008-001,DEMOCRATIC,128,85,104,13,467
Cecil,1,35A,008-001,GREEN,0,1,0,0,2
Cecil,1,35A,008-001,LIBERTARIAN,8,3,0,0,16
Cecil,1,35A,008-001,NO LABELS MARYLAND,1,0,2,0,6
Cecil,1,35A,008-001,OTHER PARTIES,10,6,2,1,32
Cecil,1,35A,008-001,REPUBLICAN,637,603,138,34,1730
Cecil,1,35A,008-001,UNAFFILIATED,201,111,55,18,628
Cecil,1,35B,009-001,DEMOCRATIC,103,86,90,6,370
Cecil,1,35B,009-001,GREEN,0,0,0,0,0
Cecil,1,35B,009-001,LIBERTARIAN,4,3,2,0,11
Cecil,1,35B,009-001,NO LABELS MARYLAND,0,0,2,0,2
Cecil,1,35B,009-001,OTHER PARTIES,5,3,2,0,14
Cecil,1,35B,009-001,REPUBLICAN,460,497,165,27,1309
Cecil,1,35B,009-001,UNAFFILIATED,114,84,40,8,370
Cecil,1,35B,009-002,DEMOCRATIC,99,68,75,3,321
Cecil,1,35B,009-002,GREEN,2,0,0,0,2
Cecil,1,35B,009-002,LIBERTARIAN,4,5,0,1,12
Cecil,1,35B,009-002,NO LABELS MARYLAND,1,0,1,0,3
Cecil,1,35B,009-002,OTHER PARTIES,3,5,3,0,21
Cecil,1,35B,009-002,REPUBLICAN,414,327,108,11,994
Cecil,1,35B,009-002,UNAFFILIATED,106,68,44,7,343
Cecil,,,Unable to Determine,DEMOCRATIC,0,0,0,6,
Cecil,,,Unable to Determine,GREEN,0,0,0,0,
Cecil,,,Unable to Determine,LIBERTARIAN,0,0,0,1,
Cecil,,,Unable to Determine,NO LABELS MARYLAND,0,0,0,0,
Cecil,,,Unable to Determine,OTHER PARTIES,0,0,0,0,
Cecil,,,Unable to Determine,REPUBLICAN,0,0,0,4,
Cecil,,,Unable to Determine,UNAFFILIATED,0,0,0,6,
Charles,5,28,001-001,DEMOCRATIC,918,1204,966,113,4207
Charles,5,28,001-001,GREEN,1,2,3,0,10
Charles,5,28,001-001,LIBERTARIAN,5,7,2,3,29
Charles,5,28,001-001,NO LABELS MARYLAND,0,0,3,2,4
Charles,5,28,001-001,OTHER PARTIES,8,12,5,4,68
Charles,5,28,001-001,REPUBLICAN,485,696,289,53,1874
Charles,5,28,001-001,UNAFFILIATED,416,371,203,56,1616
Charles,5,28,001-002,DEMOCRATIC,433,671,525,73,2120
Charles,5,28,001-002,GREEN,0,1,1,0,3
Charles,5,28,001-002,LIBERTARIAN,4,4,4,3,23
Charles,5,28,001-002,NO LABELS MARYLAND,0,0,2,1,4
Charles,5,28,001-002,OTHER PARTIES,16,12,7,1,56
Charles,5,28,001-002,REPUBLICAN,551,863,249,34,2055
Charles,5,28,001-002,UNAFFILIATED,309,302,148,35,1177
Charles,5,28,002-001,DEMOCRATIC,189,140,115,13,615
Charles,5,28,002-001,GREEN,2,1,0,0,5
Charles,5,28,002-001,LIBERTARIAN,6,2,1,0,9
Charles,5,28,002-001,NO LABELS MARYLAND,0,0,1,0,1
Charles,5,28,002-001,OTHER PARTIES,6,0,0,0,13
Charles,5,28,002-001,REPUBLICAN,224,201,61,7,592
Charles,5,28,002-001,UNAFFILIATED,121,63,40,2,362
Charles,5,28,003-001,DEMOCRATIC,336,162,211,21,1031
Charles,5,28,003-001,GREEN,0,0,0,0,1
Charles,5,28,003-001,LIBERTARIAN,2,2,1,0,10
Charles,5,28,003-001,NO LABELS MARYLAND,0,1,1,0,3
Charles,5,28,003-001,OTHER PARTIES,4,7,0,0,19
Charles,5,28,003-001,REPUBLICAN,347,196,75,11,808
Charles,5,28,003-001,UNAFFILIATED,160,80,55,10,513
Charles,5,28,004-001,DEMOCRATIC,233,148,137,11,681
Charles,5,28,004-001,GREEN,2,0,0,0,2
Charles,5,28,004-001,LIBERTARIAN,5,3,0,0,15
Charles,5,28,004-001,NO LABELS MARYLAND,0,1,1,0,2
Charles,5,28,004-001,OTHER PARTIES,3,2,3,0,16
Charles,5,28,004-001,REPUBLICAN,488,368,106,16,1152
Charles,5,28,004-001,UNAFFILIATED,186,100,53,10,506
Charles,5,28,004-002,DEMOCRATIC,148,187,134,16,633
Charles,5,28,004-002,GREEN,0,1,0,0,1
Charles,5,28,004-002,LIBERTARIAN,4,6,0,0,14
Charles,5,28,004-002,NO LABELS MARYLAND,0,0,0,0,0
Charles,5,28,004-002,OTHER PARTIES,3,4,2,0,17
Charles,5,28,004-002,REPUBLICAN,321,395,95,13,953
Charles,5,28,004-002,UNAFFILIATED,107,114,47,12,421
Charles,5,28,005-001,DEMOCRATIC,372,290,231,23,1231
Charles,5,28,005-001,GREEN,1,0,0,0,1
Charles,5,28,005-001,LIBERTARIAN,5,4,2,0,21
Charles,5,28,005-001,NO LABELS MARYLAND,0,0,2,0,4
Charles,5,28,005-001,OTHER PARTIES,10,7,2,0,33
Charles,5,28,005-001,REPUBLICAN,530,411,171,31,1363
Charles,5,28,005-001,UNAFFILIATED,246,155,68,20,749
Charles,5,28,006-001,DEMOCRATIC,990,1622,847,90,4461
Charles,5,28,006-001,GREEN,3,0,1,0,7
Charles,5,28,006-001,LIBERTARIAN,4,8,9,1,32
Charles,5,28,006-001,NO LABELS MARYLAND,3,1,2,1,9
Charles,5,28,006-001,OTHER PARTIES,11,16,8,2,64
Charles,5,28,006-001,REPUBLICAN,299,518,159,23,1230
Charles,5,28,006-001,UNAFFILIATED,333,347,221,36,1454
Charles,5,28,006-002,DEMOCRATIC,563,768,605,120,2503
Charles,5,28,006-002,GREEN,1,1,0,0,4
Charles,5,28,006-002,LIBERTARIAN,4,3,0,0,13
Charles,5,28,006-002,NO LABELS MARYLAND,2,4,2,1,10
Charles,5,28,006-002,OTHER PARTIES,6,7,2,0,33
Charles,5,28,006-002,REPUBLICAN,182,339,113,25,814
Charles,5,28,006-002,UNAFFILIATED,176,198,93,28,729
Charles,5,28,006-003,DEMOCRATIC,846,1211,552,113,3429
Charles,5,28,006-003,GREEN,0,2,1,0,4
Charles,5,28,006-003,LIBERTARIAN,3,3,2,0,14
Charles,5,28,006-003,NO LABELS MARYLAND,0,1,0,0,5
Charles,5,28,006-003,OTHER PARTIES,8,8,2,1,30
Charles,5,28,006-003,REPUBLICAN,128,154,61,16,478
Charles,5,28,006-003,UNAFFILIATED,249,203,116,36,946
Charles,5,28,006-004,DEMOCRATIC,1153,1240,621,144,4220
Charles,5,28,006-004,GREEN,1,0,0,1,3
Charles,5,28,006-004,LIBERTARIAN,6,4,0,1,19
Charles,5,28,006-004,NO LABELS MARYLAND,3,1,0,2,8
Charles,5,28,006-004,OTHER PARTIES,11,8,1,4,49
Charles,5,28,006-004,REPUBLICAN,159,136,66,21,550
Charles,5,28,006-004,UNAFFILIATED,308,191,117,38,1102
Charles,5,27A,006-005,DEMOCRATIC,767,809,437,110,2912
Charles,5,27A,006-005,GREEN,1,1,1,0,6
Charles,5,27A,006-005,LIBERTARIAN,5,1,0,0,11
Charles,5,27A,006-005,NO LABELS MARYLAND,5,0,2,0,9
Charles,5,27A,006-005,OTHER PARTIES,7,4,2,4,34
Charles,5,27A,006-005,REPUBLICAN,43,59,41,14,229
Charles,5,27A,006-005,UNAFFILIATED,145,120,60,27,693
Charles,5,28,006-006,DEMOCRATIC,604,471,302,64,1970
Charles,5,28,006-006,GREEN,0,0,0,0,0
Charles,5,28,006-006,LIBERTARIAN,3,1,0,3,10
Charles,5,28,006-006,NO LABELS MARYLAND,1,0,2,0,5
Charles,5,28,006-006,OTHER PARTIES,8,5,1,0,29
Charles,5,28,006-006,REPUBLICAN,132,130,65,10,462
Charles,5,28,006-006,UNAFFILIATED,185,104,47,14,647
Charles,5,28,006-007,DEMOCRATIC,654,520,300,82,2401
Charles,5,28,006-007,GREEN,1,0,0,0,2
Charles,5,28,006-007,LIBERTARIAN,4,1,3,0,12
Charles,5,28,006-007,NO LABELS MARYLAND,0,0,3,1,10
Charles,5,28,006-007,OTHER PARTIES,8,0,2,2,30
Charles,5,28,006-007,REPUBLICAN,111,82,44,9,371
Charles,5,28,006-007,UNAFFILIATED,142,100,46,20,644
Charles,5,27A,006-008,DEMOCRATIC,716,591,313,60,2421
Charles,5,27A,006-008,GREEN,1,0,0,0,3
Charles,5,27A,006-008,LIBERTARIAN,4,1,0,0,7
Charles,5,27A,006-008,NO LABELS MARYLAND,0,0,1,0,4
Charles,5,27A,006-008,OTHER PARTIES,7,5,6,0,33
Charles,5,27A,006-008,REPUBLICAN,127,100,46,5,394
Charles,5,27A,006-008,UNAFFILIATED,169,99,57,11,649
Charles,5,28,006-009,DEMOCRATIC,561,384,235,68,1785
Charles,5,28,006-009,GREEN,0,0,0,0,3
Charles,5,28,006-009,LIBERTARIAN,1,2,1,0,7
Charles,5,28,006-009,NO LABELS MARYLAND,1,0,0,1,3
Charles,5,28,006-009,OTHER PARTIES,8,2,1,1,27
Charles,5,28,006-009,REPUBLICAN,57,31,24,7,199
Charles,5,28,006-009,UNAFFILIATED,123,62,38,15,456
Charles,5,28,006-010,DEMOCRATIC,1238,1355,789,165,4617
Charles,5,28,006-010,GREEN,4,1,2,1,11
Charles,5,28,006-010,LIBERTARIAN,4,3,0,1,18
Charles,5,28,006-010,NO LABELS MARYLAND,1,1,0,0,7
Charles,5,28,006-010,OTHER PARTIES,9,8,6,2,52
Charles,5,28,006-010,REPUBLICAN,132,125,63,23,436
Charles,5,28,006-010,UNAFFILIATED,269,218,125,42,1073
Charles,5,28,006-011,DEMOCRATIC,1205,1570,876,121,4939
Charles,5,28,006-011,GREEN,1,1,1,2,5
Charles,5,28,006-011,LIBERTARIAN,3,1,1,0,18
Charles,5,28,006-011,NO LABELS MARYLAND,2,2,3,0,9
Charles,5,28,006-011,OTHER PARTIES,10,11,2,4,49
Charles,5,28,006-011,REPUBLICAN,198,258,109,13,799
Charles,5,28,006-011,UNAFFILIATED,317,311,163,44,1343
Charles,5,27A,006-012,DEMOCRATIC,240,287,134,64,977
Charles,5,27A,006-012,GREEN,0,0,0,0,2
Charles,5,27A,006-012,LIBERTARIAN,1,1,0,0,7
Charles,5,27A,006-012,NO LABELS MARYLAND,0,0,0,0,0
Charles,5,27A,006-012,OTHER PARTIES,1,5,0,0,15
Charles,5,27A,006-012,REPUBLICAN,45,54,16,5,175
Charles,5,27A,006-012,UNAFFILIATED,89,43,16,15,286
Charles,5,28,006-013,DEMOCRATIC,906,901,391,107,3059
Charles,5,28,006-013,GREEN,0,0,0,0,1
Charles,5,28,006-013,LIBERTARIAN,1,2,1,0,10
Charles,5,28,006-013,NO LABELS MARYLAND,3,3,0,1,7
Charles,5,28,006-013,OTHER PARTIES,9,6,3,3,35
Charles,5,28,006-013,REPUBLICAN,77,56,26,7,233
Charles,5,28,006-013,UNAFFILIATED,221,132,55,32,722
Charles,5,28,006-014,DEMOCRATIC,402,557,266,48,1586
Charles,5,28,006-014,GREEN,1,0,0,1,1
Charles,5,28,006-014,LIBERTARIAN,0,5,0,0,10
Charles,5,28,006-014,NO LABELS MARYLAND,1,0,1,0,3
Charles,5,28,006-014,OTHER PARTIES,2,3,0,1,17
Charles,5,28,006-014,REPUBLICAN,93,140,59,4,395
Charles,5,28,006-014,UNAFFILIATED,161,139,79,18,597
Charles,5,28,006-015,DEMOCRATIC,253,287,144,80,903
Charles,5,28,006-015,GREEN,0,0,0,0,1
Charles,5,28,006-015,LIBERTARIAN,0,3,0,0,7
Charles,5,28,006-015,NO LABELS MARYLAND,0,0,2,1,3
Charles,5,28,006-015,OTHER PARTIES,5,1,0,1,14
Charles,5,28,006-015,REPUBLICAN,58,63,20,9,193
Charles,5,28,006-015,UNAFFILIATED,71,56,30,16,274
Charles,5,27A,006-016,DEMOCRATIC,488,436,204,87,1810
Charles,5,27A,006-016,GREEN,0,0,0,0,2
Charles,5,27A,006-016,LIBERTARIAN,2,0,0,1,6
Charles,5,27A,006-016,NO LABELS MARYLAND,1,2,0,1,5
Charles,5,27A,006-016,OTHER PARTIES,5,3,4,0,32
Charles,5,27A,006-016,REPUBLICAN,53,42,16,9,182
Charles,5,27A,006-016,UNAFFILIATED,102,72,35,19,480
Charles,5,28,007-001,DEMOCRATIC,159,112,111,19,516
Charles,5,28,007-001,GREEN,0,0,0,1,0
Charles,5,28,007-001,LIBERTARIAN,5,0,0,0,12
Charles,5,28,007-001,NO LABELS MARYLAND,0,0,0,0,1
Charles,5,28,007-001,OTHER PARTIES,6,2,0,1,12
Charles,5,28,007-001,REPUBLICAN,163,110,47,32,454
Charles,5,28,007-001,UNAFFILIATED,107,44,38,7,333
Charles,5,28,007-002,DEMOCRATIC,686,352,228,67,1890
Charles,5,28,007-002,GREEN,1,0,1,0,5
Charles,5,28,007-002,LIBERTARIAN,1,1,0,2,5
Charles,5,28,007-002,NO LABELS MARYLAND,0,0,0,0,4
Charles,5,28,007-002,OTHER PARTIES,9,1,3,0,27
Charles,5,28,007-002,REPUBLICAN,115,74,46,13,335
Charles,5,28,007-002,UNAFFILIATED,180,67,40,19,539
Charles,5,28,007-003,DEMOCRATIC,1441,1314,758,118,4850
Charles,5,28,007-003,GREEN,3,1,0,0,6
Charles,5,28,007-003,LIBERTARIAN,9,5,3,1,25
Charles,5,28,007-003,NO LABELS MARYLAND,6,1,2,0,13
Charles,5,28,007-003,OTHER PARTIES,12,10,6,0,61
Charles,5,28,007-003,REPUBLICAN,308,285,99,26,948
Charles,5,28,007-003,UNAFFILIATED,362,237,133,36,1333
Charles,5,28,008-001,DEMOCRATIC,243,335,299,128,1147
Charles,5,28,008-001,GREEN,0,0,0,0,0
Charles,5,28,008-001,LIBERTARIAN,3,4,1,2,15
Charles,5,28,008-001,NO LABELS MARYLAND,0,0,1,0,1
Charles,5,28,008-001,OTHER PARTIES,4,6,1,2,19
Charles,5,28,008-001,REPUBLICAN,244,408,132,28,972
Charles,5,28,008-001,UNAFFILIATED,146,147,80,39,576
Charles,5,27A,008-002,DEMOCRATIC,642,643,474,108,2449
Charles,5,27A,008-002,GREEN,0,0,1,0,3
Charles,5,27A,008-002,LIBERTARIAN,7,3,0,2,16
Charles,5,27A,008-002,NO LABELS MARYLAND,2,0,1,2,8
Charles,5,27A,008-002,OTHER PARTIES,11,7,3,0,45
Charles,5,27A,008-002,REPUBLICAN,204,278,108,22,809
Charles,5,27A,008-002,UNAFFILIATED,251,131,98,36,817
Charles,5,28,008-003,DEMOCRATIC,1154,1594,699,104,4414
Charles,5,28,008-003,GREEN,1,0,0,0,4
Charles,5,28,008-003,LIBERTARIAN,3,2,1,0,10
Charles,5,28,008-003,NO LABELS MARYLAND,2,2,2,0,10
Charles,5,28,008-003,OTHER PARTIES,9,6,5,1,45
Charles,5,28,008-003,REPUBLICAN,171,225,65,8,585
Charles,5,28,008-003,UNAFFILIATED,319,252,155,23,1167
Charles,5,27A,008-004,DEMOCRATIC,256,295,225,14,1021
Charles,5,27A,008-004,GREEN,1,2,0,0,4
Charles,5,27A,008-004,LIBERTARIAN,3,3,0,0,8
Charles,5,27A,008-004,NO LABELS MARYLAND,1,0,1,2,3
Charles,5,27A,008-004,OTHER PARTIES,7,5,0,0,31
Charles,5,27A,008-004,REPUBLICAN,177,245,70,6,632
Charles,5,27A,008-004,UNAFFILIATED,113,94,57,3,421
Charles,5,27A,008-005,DEMOCRATIC,133,130,91,7,476
Charles,5,27A,008-005,GREEN,0,0,0,0,0
Charles,5,27A,008-005,LIBERTARIAN,0,1,0,0,4
Charles,5,27A,008-005,NO LABELS MARYLAND,0,0,0,0,0
Charles,5,27A,008-005,OTHER PARTIES,2,2,0,1,10
Charles,5,27A,008-005,REPUBLICAN,84,117,59,8,348
Charles,5,27A,008-005,UNAFFILIATED,54,40,24,7,224
Charles,5,27A,009-001,DEMOCRATIC,371,486,301,45,1513
Charles,5,27A,009-001,GREEN,2,0,0,0,3
Charles,5,27A,009-001,LIBERTARIAN,3,1,0,0,9
Charles,5,27A,009-001,NO LABELS MARYLAND,0,0,0,0,1
Charles,5,27A,009-001,OTHER PARTIES,6,5,4,0,27
Charles,5,27A,009-001,REPUBLICAN,288,258,85,34,792
Charles,5,27A,009-001,UNAFFILIATED,174,128,64,23,605
Charles,5,28,009-002,DEMOCRATIC,314,238,193,27,1012
Charles,5,28,009-002,GREEN,2,0,0,0,2
Charles,5,28,009-002,LIBERTARIAN,2,0,1,1,6
Charles,5,28,009-002,NO LABELS MARYLAND,0,0,2,0,2
Charles,5,28,009-002,OTHER PARTIES,4,2,4,0,20
Charles,5,28,009-002,REPUBLICAN,395,219,89,16,839
Charles,5,28,009-002,UNAFFILIATED,209,78,64,8,570
Charles,5,28,010-001,DEMOCRATIC,440,352,285,30,1534
Charles,5,28,010-001,GREEN,2,1,0,0,4
Charles,5,28,010-001,LIBERTARIAN,9,3,0,1,16
Charles,5,28,010-001,NO LABELS MARYLAND,2,0,0,0,2
Charles,5,28,010-001,OTHER PARTIES,13,1,1,0,30
Charles,5,28,010-001,REPUBLICAN,240,224,87,19,712
Charles,5,28,010-001,UNAFFILIATED,199,94,59,16,579
Charles,,,Unable to Determine,DEMOCRATIC,0,0,0,120,
Charles,,,Unable to Determine,GREEN,0,0,0,1,
Charles,,,Unable to Determine,LIBERTARIAN,0,0,0,1,
Charles,,,Unable to Determine,NO LABELS MARYLAND,0,0,0,3,
Charles,,,Unable to Determine,OTHER PARTIES,0,0,0,1,
Charles,,,Unable to Determine,REPUBLICAN,0,0,0,24,
Charles,,,Unable to Determine,UNAFFILIATED,0,0,0,23,
Dorchester,1,37B,001-001,DEMOCRATIC,97,18,54,0,249
Dorchester,1,37B,001-001,GREEN,0,0,0,0,0
Dorchester,1,37B,001-001,LIBERTARIAN,2,1,0,0,7
Dorchester,1,37B,001-001,NO LABELS MARYLAND,1,0,0,0,1
Dorchester,1,37B,001-001,OTHER PARTIES,1,6,1,0,14
Dorchester,1,37B,001-001,REPUBLICAN,447,120,48,17,735
Dorchester,1,37B,001-001,UNAFFILIATED,90,26,14,0,239
Dorchester,1,37B,002-001,DEMOCRATIC,59,24,33,2,176
Dorchester,1,37B,002-001,GREEN,1,0,0,0,1
Dorchester,1,37B,002-001,LIBERTARIAN,4,0,0,1,8
Dorchester,1,37B,002-001,NO LABELS MARYLAND,0,0,0,0,1
Dorchester,1,37B,002-001,OTHER PARTIES,3,1,0,0,6
Dorchester,1,37B,002-001,REPUBLICAN,264,166,32,5,536
Dorchester,1,37B,002-001,UNAFFILIATED,65,18,12,2,163
Dorchester,1,37A,002-002,DEMOCRATIC,51,30,28,0,166
Dorchester,1,37A,002-002,GREEN,0,0,0,0,1
Dorchester,1,37A,002-002,LIBERTARIAN,0,0,0,0,0
Dorchester,1,37A,002-002,NO LABELS MARYLAND,3,0,0,0,3
Dorchester,1,37A,002-002,OTHER PARTIES,1,1,0,0,6
Dorchester,1,37A,002-002,REPUBLICAN,113,51,21,6,239
Dorchester,1,37A,002-002,UNAFFILIATED,47,7,5,4,116
Dorchester,1,37B,002-003,DEMOCRATIC,3,7,7,0,23
Dorchester,1,37B,002-003,GREEN,0,0,0,0,0
Dorchester,1,37B,002-003,LIBERTARIAN,0,0,0,0,0
Dorchester,1,37B,002-003,NO LABELS MARYLAND,0,0,0,0,0
Dorchester,1,37B,002-003,OTHER PARTIES,0,0,0,0,0
Dorchester,1,37B,002-003,REPUBLICAN,46,25,13,1,97
Dorchester,1,37B,002-003,UNAFFILIATED,6,5,4,2,20
Dorchester,1,37A,002-004,DEMOCRATIC,15,10,6,0,46
Dorchester,1,37A,002-004,GREEN,0,0,0,0,0
Dorchester,1,37A,002-004,LIBERTARIAN,0,0,0,0,1
Dorchester,1,37A,002-004,NO LABELS MARYLAND,0,0,1,0,1
Dorchester,1,37A,002-004,OTHER PARTIES,2,1,0,0,3
Dorchester,1,37A,002-004,REPUBLICAN,65,29,8,3,123
Dorchester,1,37A,002-004,UNAFFILIATED,29,2,5,0,44
Dorchester,1,37B,002-005,DEMOCRATIC,8,1,2,0,20
Dorchester,1,37B,002-005,GREEN,0,0,0,0,0
Dorchester,1,37B,002-005,LIBERTARIAN,0,0,0,0,0
Dorchester,1,37B,002-005,NO LABELS MARYLAND,0,0,0,0,1
Dorchester,1,37B,002-005,OTHER PARTIES,2,0,0,0,2
Dorchester,1,37B,002-005,REPUBLICAN,47,29,4,1,105
Dorchester,1,37B,002-005,UNAFFILIATED,8,5,1,0,21
Dorchester,1,37B,003-001,DEMOCRATIC,33,10,13,1,77
Dorchester,1,37B,003-001,GREEN,0,0,0,0,0
Dorchester,1,37B,003-001,LIBERTARIAN,0,0,0,0,0
Dorchester,1,37B,003-001,NO LABELS MARYLAND,0,0,0,0,0
Dorchester,1,37B,003-001,OTHER PARTIES,0,0,1,0,4
Dorchester,1,37B,003-001,REPUBLICAN,77,22,10,2,128
Dorchester,1,37B,003-001,UNAFFILIATED,14,6,1,2,34
Dorchester,1,37A,003-002,DEMOCRATIC,75,22,16,1,162
Dorchester,1,37A,003-002,GREEN,0,0,0,0,0
Dorchester,1,37A,003-002,LIBERTARIAN,0,0,0,0,1
Dorchester,1,37A,003-002,NO LABELS MARYLAND,1,0,0,0,2
Dorchester,1,37A,003-002,OTHER PARTIES,1,0,0,0,1
Dorchester,1,37A,003-002,REPUBLICAN,73,36,13,1,139
Dorchester,1,37A,003-002,UNAFFILIATED,20,7,5,1,57
Dorchester,1,37B,003-003,DEMOCRATIC,0,0,0,0,0
Dorchester,1,37B,003-003,GREEN,0,0,0,0,0
Dorchester,1,37B,003-003,LIBERTARIAN,0,0,0,0,0
Dorchester,1,37B,003-003,NO LABELS MARYLAND,0,0,0,0,0
Dorchester,1,37B,003-003,OTHER PARTIES,0,0,0,0,0
Dorchester,1,37B,003-003,REPUBLICAN,7,1,0,0,8
Dorchester,1,37B,003-003,UNAFFILIATED,1,0,0,0,1
Dorchester,1,37B,004-001,DEMOCRATIC,12,4,12,0,34
Dorchester,1,37B,004-001,GREEN,0,0,0,0,0
Dorchester,1,37B,004-001,LIBERTARIAN,0,0,0,0,1
Dorchester,1,37B,004-001,NO LABELS MARYLAND,0,0,0,0,0
Dorchester,1,37B,004-001,OTHER PARTIES,0,0,0,0,0
Dorchester,1,37B,004-001,REPUBLICAN,64,14,15,4,114
Dorchester,1,37B,004-001,UNAFFILIATED,12,1,2,0,28
Dorchester,1,37B,005-001,DEMOCRATIC,14,8,5,0,43
Dorchester,1,37B,005-001,GREEN,0,0,0,0,0
Dorchester,1,37B,005-001,LIBERTARIAN,0,0,0,0,1
Dorchester,1,37B,005-001,NO LABELS MARYLAND,0,0,0,0,0
Dorchester,1,37B,005-001,OTHER PARTIES,0,1,0,0,1
Dorchester,1,37B,005-001,REPUBLICAN,75,13,8,1,111
Dorchester,1,37B,005-001,UNAFFILIATED,7,0,2,1,27
Dorchester,1,37B,006-001,DEMOCRATIC,35,11,14,0,75
Dorchester,1,37B,006-001,GREEN,0,0,0,0,0
Dorchester,1,37B,006-001,LIBERTARIAN,1,0,0,0,1
Dorchester,1,37B,006-001,NO LABELS MARYLAND,0,0,0,0,0
Dorchester,1,37B,006-001,OTHER PARTIES,2,1,0,0,7
Dorchester,1,37B,006-001,REPUBLICAN,111,31,15,1,186
Dorchester,1,37B,006-001,UNAFFILIATED,19,5,5,0,52
Dorchester,1,37B,007-001,DEMOCRATIC,76,88,95,16,362
Dorchester,1,37B,007-001,GREEN,0,0,0,0,1
Dorchester,1,37B,007-001,LIBERTARIAN,1,2,0,1,4
Dorchester,1,37B,007-001,NO LABELS MARYLAND,0,0,0,0,0
Dorchester,1,37B,007-001,OTHER PARTIES,1,5,0,0,10
Dorchester,1,37B,007-001,REPUBLICAN,90,140,55,10,367
Dorchester,1,37B,007-001,UNAFFILIATED,41,30,28,5,178
Dorchester,1,37A,007-002,DEMOCRATIC,585,415,279,47,2443
Dorchester,1,37A,007-002,GREEN,0,0,1,0,2
Dorchester,1,37A,007-002,LIBERTARIAN,1,2,0,1,7
Dorchester,1,37A,007-002,NO LABELS MARYLAND,0,0,0,0,7
Dorchester,1,37A,007-002,OTHER PARTIES,9,5,2,1,56
Dorchester,1,37A,007-002,REPUBLICAN,75,76,25,11,344
Dorchester,1,37A,007-002,UNAFFILIATED,110,47,34,16,607
Dorchester,1,37B,007-003,DEMOCRATIC,24,37,35,21,124
Dorchester,1,37B,007-003,GREEN,0,0,0,0,0
Dorchester,1,37B,007-003,LIBERTARIAN,2,0,1,1,3
Dorchester,1,37B,007-003,NO LABELS MARYLAND,1,0,0,0,1
Dorchester,1,37B,007-003,OTHER PARTIES,2,0,0,0,3
Dorchester,1,37B,007-003,REPUBLICAN,134,119,42,17,330
Dorchester,1,37B,007-003,UNAFFILIATED,23,24,16,18,84
Dorchester,1,37A,007-004,DEMOCRATIC,94,76,43,4,346
Dorchester,1,37A,007-004,GREEN,0,0,0,0,0
Dorchester,1,37A,007-004,LIBERTARIAN,1,0,0,0,3
Dorchester,1,37A,007-004,NO LABELS MARYLAND,0,0,1,0,1
Dorchester,1,37A,007-004,OTHER PARTIES,1,1,1,0,10
Dorchester,1,37A,007-004,REPUBLICAN,65,82,22,1,227
Dorchester,1,37A,007-004,UNAFFILIATED,33,19,13,3,150
Dorchester,1,37A,007-005,DEMOCRATIC,37,35,24,2,174
Dorchester,1,37A,007-005,GREEN,0,0,0,0,0
Dorchester,1,37A,007-005,LIBERTARIAN,0,0,0,0,2
Dorchester,1,37A,007-005,NO LABELS MARYLAND,0,0,0,0,0
Dorchester,1,37A,007-005,OTHER PARTIES,1,0,0,0,4
Dorchester,1,37A,007-005,REPUBLICAN,10,9,7,1,44
Dorchester,1,37A,007-005,UNAFFILIATED,13,3,2,0,52
Dorchester,1,37B,007-006,DEMOCRATIC,214,303,304,23,970
Dorchester,1,37B,007-006,GREEN,1,1,0,0,2
Dorchester,1,37B,007-006,LIBERTARIAN,5,3,1,0,12
Dorchester,1,37B,007-006,NO LABELS MARYLAND,0,1,0,0,1
Dorchester,1,37B,007-006,OTHER PARTIES,4,5,0,0,18
Dorchester,1,37B,007-006,REPUBLICAN,346,342,120,13,952
Dorchester,1,37B,007-006,UNAFFILIATED,136,108,71,13,466
Dorchester,1,37A,007-007,DEMOCRATIC,80,55,77,4,346
Dorchester,1,37A,007-007,GREEN,0,0,0,0,0
Dorchester,1,37A,007-007,LIBERTARIAN,0,0,0,0,1
Dorchester,1,37A,007-007,NO LABELS MARYLAND,0,0,0,0,1
Dorchester,1,37A,007-007,OTHER PARTIES,0,1,0,0,4
Dorchester,1,37A,007-007,REPUBLICAN,19,22,16,1,82
Dorchester,1,37A,007-007,UNAFFILIATED,15,10,13,0,91
Dorchester,1,37A,007-008,DEMOCRATIC,87,92,69,5,355
Dorchester,1,37A,007-008,GREEN,0,0,0,0,1
Dorchester,1,37A,007-008,LIBERTARIAN,0,1,0,0,4
Dorchester,1,37A,007-008,NO LABELS MARYLAND,0,1,0,0,2
Dorchester,1,37A,007-008,OTHER PARTIES,0,1,0,0,8
Dorchester,1,37A,007-008,REPUBLICAN,40,64,13,1,162
Dorchester,1,37A,007-008,UNAFFILIATED,33,20,9,0,129
Dorchester,1,37A,007-009,DEMOCRATIC,78,78,44,2,330
Dorchester,1,37A,007-009,GREEN,0,0,0,0,0
Dorchester,1,37A,007-009,LIBERTARIAN,1,2,0,1,6
Dorchester,1,37A,007-009,NO LABELS MARYLAND,0,0,0,0,1
Dorchester,1,37A,007-009,OTHER PARTIES,1,0,1,0,7
Dorchester,1,37A,007-009,REPUBLICAN,53,68,21,0,200
Dorchester,1,37A,007-009,UNAFFILIATED,39,21,12,1,159
Dorchester,1,37A,007-010,DEMOCRATIC,60,52,25,2,184
Dorchester,1,37A,007-010,GREEN,0,1,0,0,1
Dorchester,1,37A,007-010,LIBERTARIAN,0,0,0,0,0
Dorchester,1,37A,007-010,NO LABELS MARYLAND,0,0,0,0,1
Dorchester,1,37A,007-010,OTHER PARTIES,1,0,0,0,1
Dorchester,1,37A,007-010,REPUBLICAN,21,18,8,1,67
Dorchester,1,37A,007-010,UNAFFILIATED,16,8,7,0,61
Dorchester,1,37B,007-011,DEMOCRATIC,3,4,13,0,20
Dorchester,1,37B,007-011,GREEN,0,0,0,0,0
Dorchester,1,37B,007-011,LIBERTARIAN,0,0,0,0,0
Dorchester,1,37B,007-011,NO LABELS MARYLAND,0,0,0,0,0
Dorchester,1,37B,007-011,OTHER PARTIES,0,0,0,0,0
Dorchester,1,37B,007-011,REPUBLICAN,7,23,6,0,38
Dorchester,1,37B,007-011,UNAFFILIATED,1,6,3,0,12
Dorchester,1,37A,007-012,DEMOCRATIC,0,0,0,0,2
Dorchester,1,37A,007-012,GREEN,0,0,0,0,0
Dorchester,1,37A,007-012,LIBERTARIAN,0,0,0,0,0
Dorchester,1,37A,007-012,NO LABELS MARYLAND,0,0,0,0,0
Dorchester,1,37A,007-012,OTHER PARTIES,1,0,0,0,2
Dorchester,1,37A,007-012,REPUBLICAN,3,1,0,0,5
Dorchester,1,37A,007-012,UNAFFILIATED,0,1,0,0,1
Dorchester,1,37B,008-001,DEMOCRATIC,65,39,51,2,192
Dorchester,1,37B,008-001,GREEN,0,0,0,0,0
Dorchester,1,37B,008-001,LIBERTARIAN,1,2,0,0,5
Dorchester,1,37B,008-001,NO LABELS MARYLAND,0,0,0,0,0
Dorchester,1,37B,008-001,OTHER PARTIES,4,4,1,0,9
Dorchester,1,37B,008-001,REPUBLICAN,172,88,42,3,343
Dorchester,1,37B,008-001,UNAFFILIATED,40,26,15,1,110
Dorchester,1,37B,009-001,DEMOCRATIC,24,29,26,1,114
Dorchester,1,37B,009-001,GREEN,0,0,1,0,2
Dorchester,1,37B,009-001,LIBERTARIAN,1,0,0,0,2
Dorchester,1,37B,009-001,NO LABELS MARYLAND,1,1,0,0,2
Dorchester,1,37B,009-001,OTHER PARTIES,4,0,0,0,4
Dorchester,1,37B,009-001,REPUBLICAN,174,73,24,7,318
Dorchester,1,37B,009-001,UNAFFILIATED,35,3,2,0,55
Dorchester,1,37B,010-001,DEMOCRATIC,13,8,14,2,54
Dorchester,1,37B,010-001,GREEN,0,0,0,0,0
Dorchester,1,37B,010-001,LIBERTARIAN,0,0,0,0,0
Dorchester,1,37B,010-001,NO LABELS MARYLAND,0,0,1,0,1
Dorchester,1,37B,010-001,OTHER PARTIES,2,0,0,0,3
Dorchester,1,37B,010-001,REPUBLICAN,68,14,7,5,111
Dorchester,1,37B,010-001,UNAFFILIATED,10,2,5,0,26
Dorchester,1,37B,011-001,DEMOCRATIC,3,2,3,0,9
Dorchester,1,37B,011-001,GREEN,0,0,0,0,0
Dorchester,1,37B,011-001,LIBERTARIAN,0,0,0,0,0
Dorchester,1,37B,011-001,NO LABELS MARYLAND,0,0,0,0,0
Dorchester,1,37B,011-001,OTHER PARTIES,0,0,0,0,0
Dorchester,1,37B,011-001,REPUBLICAN,21,10,0,0,34
Dorchester,1,37B,011-001,UNAFFILIATED,4,1,0,0,9
Dorchester,1,37B,012-001,DEMOCRATIC,38,10,17,8,107
Dorchester,1,37B,012-001,GREEN,0,0,0,0,0
Dorchester,1,37B,012-001,LIBERTARIAN,1,0,0,0,2
Dorchester,1,37B,012-001,NO LABELS MARYLAND,0,0,0,0,0
Dorchester,1,37B,012-001,OTHER PARTIES,2,0,0,0,6
Dorchester,1,37B,012-001,REPUBLICAN,87,35,12,4,168
Dorchester,1,37B,012-001,UNAFFILIATED,25,5,6,3,78
Dorchester,1,37A,012-002,DEMOCRATIC,77,25,38,1,210
Dorchester,1,37A,012-002,GREEN,0,0,0,0,0
Dorchester,1,37A,012-002,LIBERTARIAN,1,0,0,0,2
Dorchester,1,37A,012-002,NO LABELS MARYLAND,0,0,0,0,0
Dorchester,1,37A,012-002,OTHER PARTIES,0,1,0,0,2
Dorchester,1,37A,012-002,REPUBLICAN,69,21,3,0,125
Dorchester,1,37A,012-002,UNAFFILIATED,25,7,4,0,68
Dorchester,1,37B,013-001,DEMOCRATIC,9,5,6,1,28
Dorchester,1,37B,013-001,GREEN,0,0,0,0,0
Dorchester,1,37B,013-001,LIBERTARIAN,0,0,0,0,2
Dorchester,1,37B,013-001,NO LABELS MARYLAND,0,0,0,0,0
Dorchester,1,37B,013-001,OTHER PARTIES,1,0,0,0,1
Dorchester,1,37B,013-001,REPUBLICAN,83,38,13,1,145
Dorchester,1,37B,013-001,UNAFFILIATED,6,4,4,0,22
Dorchester,1,37A,013-002,DEMOCRATIC,19,17,19,0,81
Dorchester,1,37A,013-002,GREEN,0,0,0,0,0
Dorchester,1,37A,013-002,LIBERTARIAN,0,0,0,0,0
Dorchester,1,37A,013-002,NO LABELS MARYLAND,0,0,0,0,0
Dorchester,1,37A,013-002,OTHER PARTIES,1,0,1,0,3
Dorchester,1,37A,013-002,REPUBLICAN,18,15,4,1,41
Dorchester,1,37A,013-002,UNAFFILIATED,4,4,5,0,24
Dorchester,1,37B,014-001,DEMOCRATIC,80,96,100,2,377
Dorchester,1,37B,014-001,GREEN,0,0,0,0,2
Dorchester,1,37B,014-001,LIBERTARIAN,1,1,1,0,7
Dorchester,1,37B,014-001,NO LABELS MARYLAND,0,0,0,0,0
Dorchester,1,37B,014-001,OTHER PARTIES,1,2,1,0,9
Dorchester,1,37B,014-001,REPUBLICAN,355,294,73,7,831
Dorchester,1,37B,014-001,UNAFFILIATED,60,52,26,7,245
Dorchester,1,37A,014-002,DEMOCRATIC,7,6,9,0,32
Dorchester,1,37A,014-002,GREEN,0,0,0,0,0
Dorchester,1,37A,014-002,LIBERTARIAN,0,0,0,0,0
Dorchester,1,37A,014-002,NO LABELS MARYLAND,0,0,0,0,0
Dorchester,1,37A,014-002,OTHER PARTIES,0,0,0,0,0
Dorchester,1,37A,014-002,REPUBLICAN,22,3,0,0,25
Dorchester,1,37A,014-002,UNAFFILIATED,1,0,2,0,10
Dorchester,1,37B,014-003,DEMOCRATIC,22,34,10,0,92
Dorchester,1,37B,014-003,GREEN,0,0,0,0,0
Dorchester,1,37B,014-003,LIBERTARIAN,0,0,0,0,0
Dorchester,1,37B,014-003,NO LABELS MARYLAND,0,0,0,0,0
Dorchester,1,37B,014-003,OTHER PARTIES,2,0,0,0,3
Dorchester,1,37B,014-003,REPUBLICAN,64,61,23,0,181
Dorchester,1,37B,014-003,UNAFFILIATED,14,7,3,0,39
Dorchester,1,37A,014-004,DEMOCRATIC,10,15,8,0,59
Dorchester,1,37A,014-004,GREEN,0,0,0,0,0
Dorchester,1,37A,014-004,LIBERTARIAN,0,0,0,0,4
Dorchester,1,37A,014-004,NO LABELS MARYLAND,0,0,0,0,0
Dorchester,1,37A,014-004,OTHER PARTIES,0,1,0,0,2
Dorchester,1,37A,014-004,REPUBLICAN,22,18,6,0,65
Dorchester,1,37A,014-004,UNAFFILIATED,6,4,2,0,44
Dorchester,1,37B,015-001,DEMOCRATIC,106,83,67,1,344
Dorchester,1,37B,015-001,GREEN,0,0,0,0,0
Dorchester,1,37B,015-001,LIBERTARIAN,4,1,0,0,11
Dorchester,1,37B,015-001,NO LABELS MARYLAND,0,0,0,0,1
Dorchester,1,37B,015-001,OTHER PARTIES,6,3,1,0,15
Dorchester,1,37B,015-001,REPUBLICAN,364,194,87,9,764
Dorchester,1,37B,015-001,UNAFFILIATED,93,37,12,2,240
Dorchester,1,37B,015-002,DEMOCRATIC,3,7,5,0,26
Dorchester,1,37B,015-002,GREEN,0,0,0,0,0
Dorchester,1,37B,015-002,LIBERTARIAN,0,0,0,0,0
Dorchester,1,37B,015-002,NO LABELS MARYLAND,0,0,0,0,0
Dorchester,1,37B,015-002,OTHER PARTIES,0,0,0,0,1
Dorchester,1,37B,015-002,REPUBLICAN,26,15,7,0,59
Dorchester,1,37B,015-002,UNAFFILIATED,6,1,6,1,24
Dorchester,1,37A,015-003,DEMOCRATIC,336,113,116,12,943
Dorchester,1,37A,015-003,GREEN,0,0,1,0,2
Dorchester,1,37A,015-003,LIBERTARIAN,5,1,0,0,12
Dorchester,1,37A,015-003,NO LABELS MARYLAND,0,0,0,0,1
Dorchester,1,37A,015-003,OTHER PARTIES,7,0,1,3,25
Dorchester,1,37A,015-003,REPUBLICAN,247,97,44,3,528
Dorchester,1,37A,015-003,UNAFFILIATED,125,43,24,2,364
Dorchester,1,37B,015-004,DEMOCRATIC,1,0,0,0,2
Dorchester,1,37B,015-004,GREEN,0,0,0,0,0
Dorchester,1,37B,015-004,LIBERTARIAN,0,0,0,0,0
Dorchester,1,37B,015-004,NO LABELS MARYLAND,0,0,0,0,0
Dorchester,1,37B,015-004,OTHER PARTIES,0,0,0,0,0
Dorchester,1,37B,015-004,REPUBLICAN,6,0,0,0,7
Dorchester,1,37B,015-004,UNAFFILIATED,2,0,0,0,6
Dorchester,1,37B,016-001,DEMOCRATIC,22,14,34,1,90
Dorchester,1,37B,016-001,GREEN,0,0,0,0,1
Dorchester,1,37B,016-001,LIBERTARIAN,0,1,0,0,1
Dorchester,1,37B,016-001,NO LABELS MARYLAND,0,0,0,0,0
Dorchester,1,37B,016-001,OTHER PARTIES,2,0,0,0,2
Dorchester,1,37B,016-001,REPUBLICAN,159,54,25,1,255
Dorchester,1,37B,016-001,UNAFFILIATED,26,11,11,0,71
Dorchester,1,37A,017-001,DEMOCRATIC,20,11,7,1,46
Dorchester,1,37A,017-001,GREEN,0,0,0,0,0
Dorchester,1,37A,017-001,LIBERTARIAN,0,0,0,0,0
Dorchester,1,37A,017-001,NO LABELS MARYLAND,1,0,0,0,1
Dorchester,1,37A,017-001,OTHER PARTIES,0,0,0,0,0
Dorchester,1,37A,017-001,REPUBLICAN,50,12,5,3,85
Dorchester,1,37A,017-001,UNAFFILIATED,11,3,0,0,20
Dorchester,1,37B,017-002,DEMOCRATIC,4,1,0,1,7
Dorchester,1,37B,017-002,GREEN,0,0,0,0,0
Dorchester,1,37B,017-002,LIBERTARIAN,0,0,0,0,0
Dorchester,1,37B,017-002,NO LABELS MARYLAND,0,0,0,0,0
Dorchester,1,37B,017-002,OTHER PARTIES,0,0,0,0,0
Dorchester,1,37B,017-002,REPUBLICAN,10,2,0,0,12
Dorchester,1,37B,017-002,UNAFFILIATED,0,0,1,0,3
Dorchester,1,37B,018-001,DEMOCRATIC,8,1,2,0,11
Dorchester,1,37B,018-001,GREEN,0,0,0,0,0
Dorchester,1,37B,018-001,LIBERTARIAN,0,0,0,0,0
Dorchester,1,37B,018-001,NO LABELS MARYLAND,0,0,0,0,0
Dorchester,1,37B,018-001,OTHER PARTIES,0,0,0,0,0
Dorchester,1,37B,018-001,REPUBLICAN,14,1,1,2,20
Dorchester,1,37B,018-001,UNAFFILIATED,5,2,0,0,7
Dorchester,,,Unable to Determine,DEMOCRATIC,0,0,0,1,
Dorchester,,,Unable to Determine,GREEN,0,0,0,0,
Dorchester,,,Unable to Determine,LIBERTARIAN,0,0,0,0,
Dorchester,,,Unable to Determine,NO LABELS MARYLAND,0,0,0,0,
Dorchester,,,Unable to Determine,OTHER PARTIES,0,0,0,0,
Dorchester,,,Unable to Determine,REPUBLICAN,0,0,0,2,
Dorchester,,,Unable to Determine,UNAFFILIATED,0,0,0,1,
Frederick,6,4,001-001,DEMOCRATIC,359,247,334,24,1143
Frederick,6,4,001-001,GREEN,0,0,0,0,0
Frederick,6,4,001-001,LIBERTARIAN,5,1,0,1,12
Frederick,6,4,001-001,NO LABELS MARYLAND,0,0,1,0,2
Frederick,6,4,001-001,OTHER PARTIES,8,2,3,0,16
Frederick,6,4,001-001,REPUBLICAN,495,279,161,24,1142
Frederick,6,4,001-001,UNAFFILIATED,287,150,148,14,778
Frederick,6,3,001-002,DEMOCRATIC,804,500,520,80,2475
Frederick,6,3,001-002,GREEN,1,0,1,0,2
Frederick,6,3,001-002,LIBERTARIAN,14,4,0,0,26
Frederick,6,3,001-002,NO LABELS MARYLAND,3,1,3,3,14
Frederick,6,3,001-002,OTHER PARTIES,12,3,0,1,44
Frederick,6,3,001-002,REPUBLICAN,419,288,123,28,1137
Frederick,6,3,001-002,UNAFFILIATED,475,270,199,27,1507
Frederick,6,4,001-003,DEMOCRATIC,218,123,203,10,652
Frederick,6,4,001-003,GREEN,1,0,0,1,3
Frederick,6,4,001-003,LIBERTARIAN,10,3,2,0,26
Frederick,6,4,001-003,NO LABELS MARYLAND,2,1,1,0,4
Frederick,6,4,001-003,OTHER PARTIES,3,0,0,0,6
Frederick,6,4,001-003,REPUBLICAN,338,183,79,13,718
Frederick,6,4,001-003,UNAFFILIATED,211,82,86,14,553
Frederick,6,3,002-001,DEMOCRATIC,586,293,385,74,1830
Frederick,6,3,002-001,GREEN,6,3,1,0,14
Frederick,6,3,002-001,LIBERTARIAN,12,5,3,2,31
Frederick,6,3,002-001,NO LABELS MARYLAND,2,0,1,0,4
Frederick,6,3,002-001,OTHER PARTIES,12,0,3,1,35
Frederick,6,3,002-001,REPUBLICAN,198,117,70,17,586
Frederick,6,3,002-001,UNAFFILIATED,266,104,111,40,913
Frederick,6,3,002-002,DEMOCRATIC,170,100,197,8,671
Frederick,6,3,002-002,GREEN,1,1,0,0,4
Frederick,6,3,002-002,LIBERTARIAN,3,2,0,0,13
Frederick,6,3,002-002,NO LABELS MARYLAND,0,0,0,0,2
Frederick,6,3,002-002,OTHER PARTIES,2,1,0,0,10
Frederick,6,3,002-002,REPUBLICAN,71,60,60,4,271
Frederick,6,3,002-002,UNAFFILIATED,100,40,49,0,341
Frederick,6,3,002-003,DEMOCRATIC,560,348,558,69,2012
Frederick,6,3,002-003,GREEN,2,2,0,0,10
Frederick,6,3,002-003,LIBERTARIAN,11,3,3,1,31
Frederick,6,3,002-003,NO LABELS MARYLAND,3,1,5,0,11
Frederick,6,3,002-003,OTHER PARTIES,7,6,5,0,39
Frederick,6,3,002-003,REPUBLICAN,273,157,120,13,839
Frederick,6,3,002-003,UNAFFILIATED,306,124,147,23,1054
Frederick,6,3,002-004,DEMOCRATIC,698,427,416,67,2379
Frederick,6,3,002-004,GREEN,2,0,0,0,6
Frederick,6,3,002-004,LIBERTARIAN,4,5,2,0,23
Frederick,6,3,002-004,NO LABELS MARYLAND,1,1,1,0,8
Frederick,6,3,002-004,OTHER PARTIES,17,3,5,2,65
Frederick,6,3,002-004,REPUBLICAN,281,239,95,19,927
Frederick,6,3,002-004,UNAFFILIATED,377,205,115,22,1400
Frederick,6,3,002-005,DEMOCRATIC,640,439,772,96,2264
Frederick,6,3,002-005,GREEN,0,0,2,1,5
Frederick,6,3,002-005,LIBERTARIAN,8,4,4,1,28
Frederick,6,3,002-005,NO LABELS MARYLAND,5,1,1,0,9
Frederick,6,3,002-005,OTHER PARTIES,14,1,4,6,39
Frederick,6,3,002-005,REPUBLICAN,302,184,157,39,865
Frederick,6,3,002-005,UNAFFILIATED,287,145,182,59,932
Frederick,6,3,002-006,DEMOCRATIC,377,287,285,47,1274
Frederick,6,3,002-006,GREEN,0,0,0,0,0
Frederick,6,3,002-006,LIBERTARIAN,3,1,3,0,12
Frederick,6,3,002-006,NO LABELS MARYLAND,1,1,0,1,3
Frederick,6,3,002-006,OTHER PARTIES,8,3,2,0,20
Frederick,6,3,002-006,REPUBLICAN,278,236,126,31,826
Frederick,6,3,002-006,UNAFFILIATED,203,114,112,31,718
Frederick,6,3,002-007,DEMOCRATIC,653,461,648,67,2191
Frederick,6,3,002-007,GREEN,1,2,2,0,12
Frederick,6,3,002-007,LIBERTARIAN,12,3,4,2,34
Frederick,6,3,002-007,NO LABELS MARYLAND,2,0,2,0,5
Frederick,6,3,002-007,OTHER PARTIES,10,6,4,0,47
Frederick,6,3,002-007,REPUBLICAN,392,241,134,42,1056
Frederick,6,3,002-007,UNAFFILIATED,364,175,174,47,1123
Frederick,6,3,002-008,DEMOCRATIC,564,459,522,87,2189
Frederick,6,3,002-008,GREEN,0,1,0,1,5
Frederick,6,3,002-008,LIBERTARIAN,5,2,2,1,23
Frederick,6,3,002-008,NO LABELS MARYLAND,2,2,1,0,8
Frederick,6,3,002-008,OTHER PARTIES,7,5,4,2,37
Frederick,6,3,002-008,REPUBLICAN,288,279,141,34,981
Frederick,6,3,002-008,UNAFFILIATED,339,217,157,56,1202
Frederick,6,3,002-010,DEMOCRATIC,645,428,674,79,2327
Frederick,6,3,002-010,GREEN,3,0,2,0,7
Frederick,6,3,002-010,LIBERTARIAN,8,3,2,5,24
Frederick,6,3,002-010,NO LABELS MARYLAND,2,0,1,0,6
Frederick,6,3,002-010,OTHER PARTIES,9,7,6,2,41
Frederick,6,3,002-010,REPUBLICAN,421,303,233,35,1242
Frederick,6,3,002-010,UNAFFILIATED,353,177,187,42,1166
Frederick,6,3,002-011,DEMOCRATIC,433,255,417,64,1646
Frederick,6,3,002-011,GREEN,3,2,1,0,7
Frederick,6,3,002-011,LIBERTARIAN,8,1,0,1,20
Frederick,6,3,002-011,NO LABELS MARYLAND,2,0,1,0,3
Frederick,6,3,002-011,OTHER PARTIES,7,0,1,4,30
Frederick,6,3,002-011,REPUBLICAN,191,146,84,21,625
Frederick,6,3,002-011,UNAFFILIATED,228,99,78,26,826
Frederick,6,3,002-013,DEMOCRATIC,930,616,683,98,3462
Frederick,6,3,002-013,GREEN,0,0,0,2,11
Frederick,6,3,002-013,LIBERTARIAN,10,6,8,0,36
Frederick,6,3,002-013,NO LABELS MARYLAND,5,2,1,2,12
Frederick,6,3,002-013,OTHER PARTIES,19,6,5,4,73
Frederick,6,3,002-013,REPUBLICAN,307,213,129,22,1037
Frederick,6,3,002-013,UNAFFILIATED,384,233,188,46,1623
Frederick,6,3,002-014,DEMOCRATIC,470,268,249,44,1350
Frederick,6,3,002-014,GREEN,0,0,0,0,1
Frederick,6,3,002-014,LIBERTARIAN,2,2,1,0,15
Frederick,6,3,002-014,NO LABELS MARYLAND,1,1,0,0,3
Frederick,6,3,002-014,OTHER PARTIES,7,0,0,2,24
Frederick,6,3,002-014,REPUBLICAN,229,171,75,27,617
Frederick,6,3,002-014,UNAFFILIATED,258,132,89,25,714
Frederick,6,3,002-015,DEMOCRATIC,565,572,967,70,2598
Frederick,6,3,002-015,GREEN,0,0,1,0,6
Frederick,6,3,002-015,LIBERTARIAN,8,9,3,0,26
Frederick,6,3,002-015,NO LABELS MARYLAND,5,1,3,0,11
Frederick,6,3,002-015,OTHER PARTIES,5,6,7,1,29
Frederick,6,3,002-015,REPUBLICAN,359,392,288,32,1349
Frederick,6,3,002-015,UNAFFILIATED,350,270,304,34,1361
Frederick,6,3,002-016,DEMOCRATIC,389,167,212,42,1182
Frederick,6,3,002-016,GREEN,1,0,0,0,0
Frederick,6,3,002-016,LIBERTARIAN,7,2,1,0,19
Frederick,6,3,002-016,NO LABELS MARYLAND,3,0,0,0,7
Frederick,6,3,002-016,OTHER PARTIES,6,0,1,1,19
Frederick,6,3,002-016,REPUBLICAN,171,75,38,22,434
Frederick,6,3,002-016,UNAFFILIATED,192,87,45,34,680
Frederick,6,3,002-018,DEMOCRATIC,239,181,252,27,914
Frederick,6,3,002-018,GREEN,0,0,0,0,0
Frederick,6,3,002-018,LIBERTARIAN,6,4,1,0,15
Frederick,6,3,002-018,NO LABELS MARYLAND,0,0,0,0,1
Frederick,6,3,002-018,OTHER PARTIES,3,3,2,1,15
Frederick,6,3,002-018,REPUBLICAN,187,117,57,8,492
Frederick,6,3,002-018,UNAFFILIATED,183,102,98,10,568
Frederick,6,4,003-001,DEMOCRATIC,373,467,371,20,1462
Frederick,6,4,003-001,GREEN,0,0,1,2,6
Frederick,6,4,003-001,LIBERTARIAN,13,8,3,0,34
Frederick,6,4,003-001,NO LABELS MARYLAND,0,1,1,0,3
Frederick,6,4,003-001,OTHER PARTIES,6,1,3,0,21
Frederick,6,4,003-001,REPUBLICAN,559,764,229,44,1886
Frederick,6,4,003-001,UNAFFILIATED,345,344,159,27,1227
Frederick,6,4,003-002,DEMOCRATIC,272,322,365,20,1149
Frederick,6,4,003-002,GREEN,0,0,0,0,4
Frederick,6,4,003-002,LIBERTARIAN,4,3,1,0,17
Frederick,6,4,003-002,NO LABELS MARYLAND,1,0,0,0,1
Frederick,6,4,003-002,OTHER PARTIES,7,3,1,0,14
Frederick,6,4,003-002,REPUBLICAN,547,628,199,17,1675
Frederick,6,4,003-002,UNAFFILIATED,258,220,141,21,859
Frederick,6,4,004-001,DEMOCRATIC,78,38,44,3,202
Frederick,6,4,004-001,GREEN,0,0,0,0,1
Frederick,6,4,004-001,LIBERTARIAN,1,1,0,0,5
Frederick,6,4,004-001,NO LABELS MARYLAND,0,0,0,0,0
Frederick,6,4,004-001,OTHER PARTIES,1,0,1,0,4
Frederick,6,4,004-001,REPUBLICAN,233,162,26,9,505
Frederick,6,4,004-001,UNAFFILIATED,61,38,14,6,199
Frederick,6,02A,005-001,DEMOCRATIC,261,159,189,48,848
Frederick,6,02A,005-001,GREEN,0,0,0,0,5
Frederick,6,02A,005-001,LIBERTARIAN,5,11,3,0,27
Frederick,6,02A,005-001,NO LABELS MARYLAND,1,1,0,0,5
Frederick,6,02A,005-001,OTHER PARTIES,5,3,3,0,21
Frederick,6,02A,005-001,REPUBLICAN,764,460,141,33,1716
Frederick,6,02A,005-001,UNAFFILIATED,333,124,75,29,873
Frederick,6,4,005-002,DEMOCRATIC,12,13,14,0,52
Frederick,6,4,005-002,GREEN,0,0,0,0,0
Frederick,6,4,005-002,LIBERTARIAN,0,0,0,0,1
Frederick,6,4,005-002,NO LABELS MARYLAND,0,0,0,0,0
Frederick,6,4,005-002,OTHER PARTIES,0,0,0,0,2
Frederick,6,4,005-002,REPUBLICAN,101,75,18,0,224
Frederick,6,4,005-002,UNAFFILIATED,24,8,12,1,61
Frederick,6,4,006-001,DEMOCRATIC,127,67,72,5,325
Frederick,6,4,006-001,GREEN,2,0,0,1,3
Frederick,6,4,006-001,LIBERTARIAN,3,0,0,1,7
Frederick,6,4,006-001,NO LABELS MARYLAND,0,0,0,0,1
Frederick,6,4,006-001,OTHER PARTIES,4,1,0,0,6
Frederick,6,4,006-001,REPUBLICAN,568,276,58,23,1047
Frederick,6,4,006-001,UNAFFILIATED,169,50,42,11,363
Frederick,6,4,007-001,DEMOCRATIC,209,370,521,35,1334
Frederick,6,4,007-001,GREEN,0,0,0,0,2
Frederick,6,4,007-001,LIBERTARIAN,5,1,3,0,17
Frederick,6,4,007-001,NO LABELS MARYLAND,0,0,1,1,2
Frederick,6,4,007-001,OTHER PARTIES,3,8,3,0,18
Frederick,6,4,007-001,REPUBLICAN,249,431,158,23,1048
Frederick,6,4,007-001,UNAFFILIATED,203,232,175,20,874
Frederick,6,4,007-002,DEMOCRATIC,593,625,485,62,2239
Frederick,6,4,007-002,GREEN,1,1,2,0,4
Frederick,6,4,007-002,LIBERTARIAN,7,2,2,0,18
Frederick,6,4,007-002,NO LABELS MARYLAND,2,0,6,0,10
Frederick,6,4,007-002,OTHER PARTIES,11,3,4,2,36
Frederick,6,4,007-002,REPUBLICAN,392,391,121,23,1174
Frederick,6,4,007-002,UNAFFILIATED,522,389,213,40,1733
Frederick,6,4,007-003,DEMOCRATIC,237,267,327,31,1031
Frederick,6,4,007-003,GREEN,2,0,0,0,3
Frederick,6,4,007-003,LIBERTARIAN,7,2,3,0,16
Frederick,6,4,007-003,NO LABELS MARYLAND,0,1,2,0,4
Frederick,6,4,007-003,OTHER PARTIES,1,9,2,0,18
Frederick,6,4,007-003,REPUBLICAN,384,350,168,26,1081
Frederick,6,4,007-003,UNAFFILIATED,220,162,113,18,729
Frederick,6,3,007-004,DEMOCRATIC,273,423,354,71,1275
Frederick,6,3,007-004,GREEN,0,0,1,0,2
Frederick,6,3,007-004,LIBERTARIAN,2,3,1,0,11
Frederick,6,3,007-004,NO LABELS MARYLAND,0,1,5,0,9
Frederick,6,3,007-004,OTHER PARTIES,3,4,0,2,11
Frederick,6,3,007-004,REPUBLICAN,214,277,103,62,765
Frederick,6,3,007-004,UNAFFILIATED,206,241,134,75,871
Frederick,6,3,007-007,DEMOCRATIC,152,188,111,22,628
Frederick,6,3,007-007,GREEN,1,0,0,0,2
Frederick,6,3,007-007,LIBERTARIAN,3,2,2,0,10
Frederick,6,3,007-007,NO LABELS MARYLAND,1,0,1,0,3
Frederick,6,3,007-007,OTHER PARTIES,2,0,0,0,9
Frederick,6,3,007-007,REPUBLICAN,112,124,47,6,364
Frederick,6,3,007-007,UNAFFILIATED,131,105,64,5,450
Frederick,6,4,008-001,DEMOCRATIC,192,74,128,8,496
Frederick,6,4,008-001,GREEN,2,1,0,0,3
Frederick,6,4,008-001,LIBERTARIAN,9,1,0,0,16
Frederick,6,4,008-001,NO LABELS MARYLAND,0,0,1,0,1
Frederick,6,4,008-001,OTHER PARTIES,3,0,1,0,7
Frederick,6,4,008-001,REPUBLICAN,550,223,73,13,1002
Frederick,6,4,008-001,UNAFFILIATED,172,59,53,8,449
Frederick,6,4,009-001,DEMOCRATIC,376,229,286,27,1054
Frederick,6,4,009-001,GREEN,2,0,1,0,5
Frederick,6,4,009-001,LIBERTARIAN,6,4,1,0,17
Frederick,6,4,009-001,NO LABELS MARYLAND,0,0,2,0,2
Frederick,6,4,009-001,OTHER PARTIES,3,1,1,1,14
Frederick,6,4,009-001,REPUBLICAN,582,382,111,26,1316
Frederick,6,4,009-001,UNAFFILIATED,351,175,129,17,925
Frederick,6,4,009-002,DEMOCRATIC,521,430,466,23,1764
Frederick,6,4,009-002,GREEN,1,0,2,0,5
Frederick,6,4,009-002,LIBERTARIAN,7,3,1,1,21
Frederick,6,4,009-002,NO LABELS MARYLAND,4,0,1,0,5
Frederick,6,4,009-002,OTHER PARTIES,18,7,5,0,46
Frederick,6,4,009-002,REPUBLICAN,730,668,241,24,1982
Frederick,6,4,009-002,UNAFFILIATED,435,310,239,30,1390
Frederick,6,3,009-003,DEMOCRATIC,313,207,294,24,1034
Frederick,6,3,009-003,GREEN,0,0,1,0,3
Frederick,6,3,009-003,LIBERTARIAN,5,0,5,0,14
Frederick,6,3,009-003,NO LABELS MARYLAND,1,1,2,0,7
Frederick,6,3,009-003,OTHER PARTIES,7,2,1,1,19
Frederick,6,3,009-003,REPUBLICAN,333,259,120,16,922
Frederick,6,3,009-003,UNAFFILIATED,270,162,152,25,841
Frederick,6,4,009-004,DEMOCRATIC,305,244,344,13,1100
Frederick,6,4,009-004,GREEN,2,0,1,0,3
Frederick,6,4,009-004,LIBERTARIAN,12,3,2,0,21
Frederick,6,4,009-004,NO LABELS MARYLAND,1,0,0,1,1
Frederick,6,4,009-004,OTHER PARTIES,10,5,3,2,27
Frederick,6,4,009-004,REPUBLICAN,587,582,225,29,1677
Frederick,6,4,009-004,UNAFFILIATED,272,192,160,17,948
Frederick,6,4,009-005,DEMOCRATIC,167,103,182,13,539
Frederick,6,4,009-005,GREEN,0,0,0,0,2
Frederick,6,4,009-005,LIBERTARIAN,6,1,1,0,11
Frederick,6,4,009-005,NO LABELS MARYLAND,0,0,0,0,2
Frederick,6,4,009-005,OTHER PARTIES,0,0,1,1,1
Frederick,6,4,009-005,REPUBLICAN,263,160,76,24,604
Frederick,6,4,009-005,UNAFFILIATED,173,67,83,6,409
Frederick,6,3,009-006,DEMOCRATIC,639,427,568,52,2040
Frederick,6,3,009-006,GREEN,0,0,1,0,4
Frederick,6,3,009-006,LIBERTARIAN,9,0,1,1,22
Frederick,6,3,009-006,NO LABELS MARYLAND,0,1,2,0,7
Frederick,6,3,009-006,OTHER PARTIES,14,5,2,2,31
Frederick,6,3,009-006,REPUBLICAN,737,443,223,30,1734
Frederick,6,3,009-006,UNAFFILIATED,538,206,200,45,1401
Frederick,6,4,009-007,DEMOCRATIC,670,380,670,46,2089
Frederick,6,4,009-007,GREEN,0,2,0,1,4
Frederick,6,4,009-007,LIBERTARIAN,15,8,6,1,43
Frederick,6,4,009-007,NO LABELS MARYLAND,1,0,5,0,9
Frederick,6,4,009-007,OTHER PARTIES,15,4,6,1,37
Frederick,6,4,009-007,REPUBLICAN,880,525,280,31,2033
Frederick,6,4,009-007,UNAFFILIATED,612,260,271,42,1669
Frederick,6,02A,010-001,DEMOCRATIC,42,21,38,3,139
Frederick,6,02A,010-001,GREEN,2,0,0,0,2
Frederick,6,02A,010-001,LIBERTARIAN,5,0,0,1,6
Frederick,6,02A,010-001,NO LABELS MARYLAND,0,0,0,0,0
Frederick,6,02A,010-001,OTHER PARTIES,0,3,0,2,4
Frederick,6,02A,010-001,REPUBLICAN,246,104,46,15,470
Frederick,6,02A,010-001,UNAFFILIATED,68,35,24,4,189
Frederick,6,4,010-002,DEMOCRATIC,27,39,43,1,135
Frederick,6,4,010-002,GREEN,2,0,0,0,3
Frederick,6,4,010-002,LIBERTARIAN,6,0,1,0,8
Frederick,6,4,010-002,NO LABELS MARYLAND,0,0,0,0,0
Frederick,6,4,010-002,OTHER PARTIES,0,2,0,0,7
Frederick,6,4,010-002,REPUBLICAN,203,188,46,3,545
Frederick,6,4,010-002,UNAFFILIATED,57,43,16,2,163
Frederick,6,4,011-001,DEMOCRATIC,180,83,153,9,542
Frederick,6,4,011-001,GREEN,1,0,0,0,1
Frederick,6,4,011-001,LIBERTARIAN,9,1,1,1,18
Frederick,6,4,011-001,NO LABELS MARYLAND,1,0,0,0,2
Frederick,6,4,011-001,OTHER PARTIES,5,4,1,0,18
Frederick,6,4,011-001,REPUBLICAN,655,412,108,21,1442
Frederick,6,4,011-001,UNAFFILIATED,211,85,51,14,518
Frederick,6,4,012-001,DEMOCRATIC,458,287,370,38,1382
Frederick,6,4,012-001,GREEN,2,1,2,0,5
Frederick,6,4,012-001,LIBERTARIAN,14,5,8,0,40
Frederick,6,4,012-001,NO LABELS MARYLAND,1,1,1,0,3
Frederick,6,4,012-001,OTHER PARTIES,8,3,7,0,31
Frederick,6,4,012-001,REPUBLICAN,585,403,148,21,1368
Frederick,6,4,012-001,UNAFFILIATED,384,201,176,25,1168
Frederick,6,4,013-002,DEMOCRATIC,621,424,645,44,2061
Frederick,6,4,013-002,GREEN,2,0,0,0,5
Frederick,6,4,013-002,LIBERTARIAN,14,10,2,0,37
Frederick,6,4,013-002,NO LABELS MARYLAND,2,0,4,0,8
Frederick,6,4,013-002,OTHER PARTIES,19,7,5,1,43
Frederick,6,4,013-002,REPUBLICAN,890,470,201,34,1946
Frederick,6,4,013-002,UNAFFILIATED,576,257,242,39,1507
Frederick,6,3,013-003,DEMOCRATIC,75,57,72,3,272
Frederick,6,3,013-003,GREEN,0,0,0,0,0
Frederick,6,3,013-003,LIBERTARIAN,3,2,0,0,6
Frederick,6,3,013-003,NO LABELS MARYLAND,1,1,0,0,3
Frederick,6,3,013-003,OTHER PARTIES,0,1,0,0,6
Frederick,6,3,013-003,REPUBLICAN,115,53,38,0,264
Frederick,6,3,013-003,UNAFFILIATED,77,29,34,2,209
Frederick,6,4,014-001,DEMOCRATIC,396,292,376,23,1290
Frederick,6,4,014-001,GREEN,1,0,1,0,3
Frederick,6,4,014-001,LIBERTARIAN,11,2,0,0,25
Frederick,6,4,014-001,NO LABELS MARYLAND,0,1,0,1,2
Frederick,6,4,014-001,OTHER PARTIES,4,1,0,0,12
Frederick,6,4,014-001,REPUBLICAN,819,625,195,22,1922
Frederick,6,4,014-001,UNAFFILIATED,345,201,149,17,975
Frederick,6,4,015-001,DEMOCRATIC,48,35,43,8,163
Frederick,6,4,015-001,GREEN,0,1,0,0,2
Frederick,6,4,015-001,LIBERTARIAN,0,0,1,0,4
Frederick,6,4,015-001,NO LABELS MARYLAND,0,0,0,0,0
Frederick,6,4,015-001,OTHER PARTIES,0,1,0,0,4
Frederick,6,4,015-001,REPUBLICAN,141,180,45,9,468
Frederick,6,4,015-001,UNAFFILIATED,62,43,11,5,204
Frederick,6,02A,015-002,DEMOCRATIC,313,426,320,21,1374
Frederick,6,02A,015-002,GREEN,1,0,0,0,7
Frederick,6,02A,015-002,LIBERTARIAN,9,8,6,1,35
Frederick,6,02A,015-002,NO LABELS MARYLAND,0,1,5,0,8
Frederick,6,02A,015-002,OTHER PARTIES,11,8,7,1,45
Frederick,6,02A,015-002,REPUBLICAN,922,1202,202,51,2868
Frederick,6,02A,015-002,UNAFFILIATED,376,377,109,20,1332
Frederick,6,4,015-003,DEMOCRATIC,1,6,2,0,13
Frederick,6,4,015-003,GREEN,0,0,0,0,0
Frederick,6,4,015-003,LIBERTARIAN,1,0,0,0,1
Frederick,6,4,015-003,NO LABELS MARYLAND,0,0,0,0,0
Frederick,6,4,015-003,OTHER PARTIES,1,0,0,0,1
Frederick,6,4,015-003,REPUBLICAN,24,11,1,0,54
Frederick,6,4,015-003,UNAFFILIATED,3,5,0,0,15
Frederick,6,4,016-001,DEMOCRATIC,301,209,262,11,957
Frederick,6,4,016-001,GREEN,0,0,2,0,2
Frederick,6,4,016-001,LIBERTARIAN,11,4,1,0,19
Frederick,6,4,016-001,NO LABELS MARYLAND,0,0,1,0,2
Frederick,6,4,016-001,OTHER PARTIES,7,5,2,1,17
Frederick,6,4,016-001,REPUBLICAN,627,569,166,22,1605
Frederick,6,4,016-001,UNAFFILIATED,306,211,95,15,870
Frederick,6,4,017-001,DEMOCRATIC,132,40,92,9,332
Frederick,6,4,017-001,GREEN,0,0,0,0,0
Frederick,6,4,017-001,LIBERTARIAN,4,3,1,0,13
Frederick,6,4,017-001,NO LABELS MARYLAND,0,0,1,0,2
Frederick,6,4,017-001,OTHER PARTIES,4,0,0,0,9
Frederick,6,4,017-001,REPUBLICAN,483,182,65,20,882
Frederick,6,4,017-001,UNAFFILIATED,175,50,27,8,360
Frederick,6,5,018-001,DEMOCRATIC,317,131,213,13,793
Frederick,6,5,018-001,GREEN,0,0,0,0,1
Frederick,6,5,018-001,LIBERTARIAN,5,2,3,0,13
Frederick,6,5,018-001,NO LABELS MARYLAND,0,0,1,0,1
Frederick,6,5,018-001,OTHER PARTIES,8,3,0,0,16
Frederick,6,5,018-001,REPUBLICAN,626,268,124,18,1222
Frederick,6,5,018-001,UNAFFILIATED,332,89,79,12,721
Frederick,6,4,018-002,DEMOCRATIC,302,298,498,22,1344
Frederick,6,4,018-002,GREEN,2,0,0,0,3
Frederick,6,4,018-002,LIBERTARIAN,14,3,4,1,30
Frederick,6,4,018-002,NO LABELS MARYLAND,2,0,1,0,5
Frederick,6,4,018-002,OTHER PARTIES,11,8,4,1,42
Frederick,6,4,018-002,REPUBLICAN,893,797,352,38,2501
Frederick,6,4,018-002,UNAFFILIATED,367,235,199,30,1177
Frederick,6,4,019-001,DEMOCRATIC,117,30,62,0,268
Frederick,6,4,019-001,GREEN,0,0,0,0,0
Frederick,6,4,019-001,LIBERTARIAN,7,2,1,0,10
Frederick,6,4,019-001,NO LABELS MARYLAND,0,1,0,0,1
Frederick,6,4,019-001,OTHER PARTIES,4,1,0,0,11
Frederick,6,4,019-001,REPUBLICAN,458,137,55,9,791
Frederick,6,4,019-001,UNAFFILIATED,157,34,39,3,344
Frederick,6,4,020-001,DEMOCRATIC,185,139,140,13,585
Frederick,6,4,020-001,GREEN,0,2,1,0,4
Frederick,6,4,020-001,LIBERTARIAN,5,4,1,0,17
Frederick,6,4,020-001,NO LABELS MARYLAND,1,0,0,0,2
Frederick,6,4,020-001,OTHER PARTIES,3,2,1,1,17
Frederick,6,4,020-001,REPUBLICAN,530,420,109,17,1269
Frederick,6,4,020-001,UNAFFILIATED,205,95,62,10,557
Frederick,6,4,021-001,DEMOCRATIC,251,156,290,23,868
Frederick,6,4,021-001,GREEN,0,1,0,0,2
Frederick,6,4,021-001,LIBERTARIAN,8,1,2,0,20
Frederick,6,4,021-001,NO LABELS MARYLAND,1,0,1,1,4
Frederick,6,4,021-001,OTHER PARTIES,2,1,1,1,11
Frederick,6,4,021-001,REPUBLICAN,444,296,172,23,1102
Frederick,6,4,021-001,UNAFFILIATED,223,98,126,11,666
Frederick,6,3,021-002,DEMOCRATIC,373,217,277,42,1082
Frederick,6,3,021-002,GREEN,1,0,0,0,3
Frederick,6,3,021-002,LIBERTARIAN,4,1,0,3,9
Frederick,6,3,021-002,NO LABELS MARYLAND,1,0,1,0,2
Frederick,6,3,021-002,OTHER PARTIES,12,10,2,3,35
Frederick,6,3,021-002,REPUBLICAN,245,111,80,19,561
Frederick,6,3,021-002,UNAFFILIATED,256,117,88,23,645
Frederick,6,3,021-003,DEMOCRATIC,736,583,780,67,2564
Frederick,6,3,021-003,GREEN,2,0,0,0,4
Frederick,6,3,021-003,LIBERTARIAN,17,6,2,1,36
Frederick,6,3,021-003,NO LABELS MARYLAND,1,1,3,0,8
Frederick,6,3,021-003,OTHER PARTIES,7,11,6,1,34
Frederick,6,3,021-003,REPUBLICAN,543,425,251,22,1460
Frederick,6,3,021-003,UNAFFILIATED,464,279,260,31,1447
Frederick,6,3,021-009,DEMOCRATIC,55,44,43,7,164
Frederick,6,3,021-009,GREEN,0,0,0,0,0
Frederick,6,3,021-009,LIBERTARIAN,0,0,0,0,0
Frederick,6,3,021-009,NO LABELS MARYLAND,0,0,1,0,2
Frederick,6,3,021-009,OTHER PARTIES,1,1,0,0,3
Frederick,6,3,021-009,REPUBLICAN,39,33,10,0,101
Frederick,6,3,021-009,UNAFFILIATED,35,21,19,0,109
Frederick,6,4,022-001,DEMOCRATIC,107,114,90,11,374
Frederick,6,4,022-001,GREEN,0,0,0,0,0
Frederick,6,4,022-001,LIBERTARIAN,4,0,0,0,5
Frederick,6,4,022-001,NO LABELS MARYLAND,0,0,0,0,0
Frederick,6,4,022-001,OTHER PARTIES,1,2,3,0,7
Frederick,6,4,022-001,REPUBLICAN,259,168,56,8,567
Frederick,6,4,022-001,UNAFFILIATED,99,49,27,1,278
Frederick,6,4,023-001,DEMOCRATIC,112,97,149,33,464
Frederick,6,4,023-001,GREEN,0,1,0,0,1
Frederick,6,4,023-001,LIBERTARIAN,5,1,0,3,10
Frederick,6,4,023-001,NO LABELS MARYLAND,0,0,0,1,1
Frederick,6,4,023-001,OTHER PARTIES,2,2,0,0,9
Frederick,6,4,023-001,REPUBLICAN,229,266,95,22,721
Frederick,6,4,023-001,UNAFFILIATED,98,81,47,28,356
Frederick,6,3,023-002,DEMOCRATIC,4,3,9,1,24
Frederick,6,3,023-002,GREEN,0,0,0,0,0
Frederick,6,3,023-002,LIBERTARIAN,0,0,0,0,0
Frederick,6,3,023-002,NO LABELS MARYLAND,0,0,0,0,0
Frederick,6,3,023-002,OTHER PARTIES,0,0,0,0,0
Frederick,6,3,023-002,REPUBLICAN,1,1,3,0,10
Frederick,6,3,023-002,UNAFFILIATED,1,0,0,0,8
Frederick,6,3,023-005,DEMOCRATIC,644,450,419,34,2044
Frederick,6,3,023-005,GREEN,1,0,1,0,5
Frederick,6,3,023-005,LIBERTARIAN,12,5,3,0,28
Frederick,6,3,023-005,NO LABELS MARYLAND,1,2,2,1,13
Frederick,6,3,023-005,OTHER PARTIES,7,6,3,0,38
Frederick,6,3,023-005,REPUBLICAN,353,273,113,14,1013
Frederick,6,3,023-005,UNAFFILIATED,386,204,144,22,1199
Frederick,6,4,024-001,DEMOCRATIC,234,236,289,17,908
Frederick,6,4,024-001,GREEN,2,0,0,0,3
Frederick,6,4,024-001,LIBERTARIAN,5,1,3,0,11
Frederick,6,4,024-001,NO LABELS MARYLAND,0,0,1,0,1
Frederick,6,4,024-001,OTHER PARTIES,4,2,3,0,13
Frederick,6,4,024-001,REPUBLICAN,312,376,129,13,968
Frederick,6,4,024-001,UNAFFILIATED,205,132,90,16,606
Frederick,6,3,024-002,DEMOCRATIC,248,251,287,18,1055
Frederick,6,3,024-002,GREEN,0,0,0,1,3
Frederick,6,3,024-002,LIBERTARIAN,4,1,3,1,10
Frederick,6,3,024-002,NO LABELS MARYLAND,3,0,0,0,5
Frederick,6,3,024-002,OTHER PARTIES,8,1,1,0,17
Frederick,6,3,024-002,REPUBLICAN,221,218,97,5,706
Frederick,6,3,024-002,UNAFFILIATED,184,135,86,12,641
Frederick,6,4,025-001,DEMOCRATIC,541,218,367,38,1505
Frederick,6,4,025-001,GREEN,3,0,1,0,8
Frederick,6,4,025-001,LIBERTARIAN,27,6,2,1,45
Frederick,6,4,025-001,NO LABELS MARYLAND,1,1,1,0,5
Frederick,6,4,025-001,OTHER PARTIES,13,6,4,2,44
Frederick,6,4,025-001,REPUBLICAN,594,217,132,27,1267
Frederick,6,4,025-001,UNAFFILIATED,438,134,111,36,1140
Frederick,6,4,026-001,DEMOCRATIC,520,245,343,23,1403
Frederick,6,4,026-001,GREEN,0,0,0,0,4
Frederick,6,4,026-001,LIBERTARIAN,7,4,4,0,22
Frederick,6,4,026-001,NO LABELS MARYLAND,1,0,2,0,4
Frederick,6,4,026-001,OTHER PARTIES,10,2,1,2,20
Frederick,6,4,026-001,REPUBLICAN,727,364,146,25,1495
Frederick,6,4,026-001,UNAFFILIATED,429,148,118,11,1023
Frederick,6,4,026-002,DEMOCRATIC,432,138,229,33,1106
Frederick,6,4,026-002,GREEN,1,3,1,0,7
Frederick,6,4,026-002,LIBERTARIAN,15,2,1,1,32
Frederick,6,4,026-002,NO LABELS MARYLAND,0,1,3,0,5
Frederick,6,4,026-002,OTHER PARTIES,6,0,3,0,23
Frederick,6,4,026-002,REPUBLICAN,603,274,98,20,1199
Frederick,6,4,026-002,UNAFFILIATED,326,97,98,23,831
Frederick,,,Unable to Determine,DEMOCRATIC,0,0,0,71,
Frederick,,,Unable to Determine,GREEN,0,0,0,0,
Frederick,,,Unable to Determine,LIBERTARIAN,0,0,0,1,
Frederick,,,Unable to Determine,NO LABELS MARYLAND,0,0,0,2,
Frederick,,,Unable to Determine,OTHER PARTIES,0,0,0,2,
Frederick,,,Unable to Determine,REPUBLICAN,0,0,0,37,
Frederick,,,Unable to Determine,UNAFFILIATED,0,0,0,27,
Garrett,6,01A,001-000,DEMOCRATIC,76,57,103,2,295
Garrett,6,01A,001-000,GREEN,0,0,0,0,0
Garrett,6,01A,001-000,LIBERTARIAN,1,0,1,0,4
Garrett,6,01A,001-000,NO LABELS MARYLAND,0,0,0,1,1
Garrett,6,01A,001-000,OTHER PARTIES,1,1,0,0,3
Garrett,6,01A,001-000,REPUBLICAN,417,222,75,5,856
Garrett,6,01A,001-000,UNAFFILIATED,65,30,35,3,188
Garrett,6,01A,002-000,DEMOCRATIC,80,33,48,2,218
Garrett,6,01A,002-000,GREEN,2,0,0,1,2
Garrett,6,01A,002-000,LIBERTARIAN,2,0,0,1,4
Garrett,6,01A,002-000,NO LABELS MARYLAND,2,0,0,0,2
Garrett,6,01A,002-000,OTHER PARTIES,8,1,2,0,13
Garrett,6,01A,002-000,REPUBLICAN,469,136,55,18,846
Garrett,6,01A,002-000,UNAFFILIATED,91,19,24,1,225
Garrett,6,01A,003-001,DEMOCRATIC,65,71,63,3,259
Garrett,6,01A,003-001,GREEN,1,0,0,0,1
Garrett,6,01A,003-001,LIBERTARIAN,3,2,0,0,7
Garrett,6,01A,003-001,NO LABELS MARYLAND,0,0,0,0,0
Garrett,6,01A,003-001,OTHER PARTIES,5,1,0,1,16
Garrett,6,01A,003-001,REPUBLICAN,455,428,92,29,1233
Garrett,6,01A,003-001,UNAFFILIATED,78,50,26,7,278
Garrett,6,01A,003-002,DEMOCRATIC,19,30,28,0,92
Garrett,6,01A,003-002,GREEN,0,0,0,0,0
Garrett,6,01A,003-002,LIBERTARIAN,0,1,0,0,3
Garrett,6,01A,003-002,NO LABELS MARYLAND,0,0,1,0,1
Garrett,6,01A,003-002,OTHER PARTIES,2,3,1,0,9
Garrett,6,01A,003-002,REPUBLICAN,161,108,21,0,355
Garrett,6,01A,003-002,UNAFFILIATED,21,14,6,0,65
Garrett,6,01A,004-000,DEMOCRATIC,18,3,8,0,56
Garrett,6,01A,004-000,GREEN,0,0,0,0,0
Garrett,6,01A,004-000,LIBERTARIAN,1,1,0,0,3
Garrett,6,01A,004-000,NO LABELS MARYLAND,1,0,0,0,1
Garrett,6,01A,004-000,OTHER PARTIES,1,0,0,0,3
Garrett,6,01A,004-000,REPUBLICAN,192,57,24,4,344
Garrett,6,01A,004-000,UNAFFILIATED,37,6,3,0,73
Garrett,6,01A,005-000,DEMOCRATIC,96,37,54,3,230
Garrett,6,01A,005-000,GREEN,0,0,0,1,1
Garrett,6,01A,005-000,LIBERTARIAN,1,2,0,0,5
Garrett,6,01A,005-000,NO LABELS MARYLAND,1,1,0,0,2
Garrett,6,01A,005-000,OTHER PARTIES,1,5,3,0,14
Garrett,6,01A,005-000,REPUBLICAN,460,208,96,16,958
Garrett,6,01A,005-000,UNAFFILIATED,81,24,16,3,219
Garrett,6,01A,006-000,DEMOCRATIC,103,82,109,5,357
Garrett,6,01A,006-000,GREEN,0,0,0,0,2
Garrett,6,01A,006-000,LIBERTARIAN,8,1,0,0,12
Garrett,6,01A,006-000,NO LABELS MARYLAND,1,0,1,0,2
Garrett,6,01A,006-000,OTHER PARTIES,3,3,2,0,15
Garrett,6,01A,006-000,REPUBLICAN,383,282,127,29,1006
Garrett,6,01A,006-000,UNAFFILIATED,88,28,48,6,271
Garrett,6,01A,007-000,DEMOCRATIC,58,87,73,9,293
Garrett,6,01A,007-000,GREEN,0,1,0,0,4
Garrett,6,01A,007-000,LIBERTARIAN,0,7,0,0,14
Garrett,6,01A,007-000,NO LABELS MARYLAND,0,1,0,1,5
Garrett,6,01A,007-000,OTHER PARTIES,2,5,0,1,14
Garrett,6,01A,007-000,REPUBLICAN,318,401,111,49,1029
Garrett,6,01A,007-000,UNAFFILIATED,67,58,38,11,253
Garrett,6,01A,008-001,DEMOCRATIC,17,13,5,0,57
Garrett,6,01A,008-001,GREEN,0,0,0,0,1
Garrett,6,01A,008-001,LIBERTARIAN,0,0,0,0,2
Garrett,6,01A,008-001,NO LABELS MARYLAND,0,0,0,0,1
Garrett,6,01A,008-001,OTHER PARTIES,0,3,1,0,6
Garrett,6,01A,008-001,REPUBLICAN,183,80,28,6,404
Garrett,6,01A,008-001,UNAFFILIATED,15,12,5,3,58
Garrett,6,01A,008-002,DEMOCRATIC,15,16,9,1,55
Garrett,6,01A,008-002,GREEN,0,0,0,0,0
Garrett,6,01A,008-002,LIBERTARIAN,0,2,0,0,4
Garrett,6,01A,008-002,NO LABELS MARYLAND,0,0,0,0,0
Garrett,6,01A,008-002,OTHER PARTIES,0,2,1,0,8
Garrett,6,01A,008-002,REPUBLICAN,211,123,26,1,429
Garrett,6,01A,008-002,UNAFFILIATED,15,9,5,0,58
Garrett,6,01A,009-000,DEMOCRATIC,60,12,36,1,148
Garrett,6,01A,009-000,GREEN,2,0,0,0,2
Garrett,6,01A,009-000,LIBERTARIAN,1,2,0,0,6
Garrett,6,01A,009-000,NO LABELS MARYLAND,0,0,0,0,1
Garrett,6,01A,009-000,OTHER PARTIES,2,1,0,0,6
Garrett,6,01A,009-000,REPUBLICAN,330,115,56,15,595
Garrett,6,01A,009-000,UNAFFILIATED,59,17,12,2,141
Garrett,6,01A,010-000,DEMOCRATIC,56,69,80,3,278
Garrett,6,01A,010-000,GREEN,0,0,1,0,1
Garrett,6,01A,010-000,LIBERTARIAN,7,2,4,0,15
Garrett,6,01A,010-000,NO LABELS MARYLAND,0,0,0,0,0
Garrett,6,01A,010-000,OTHER PARTIES,3,3,1,0,11
Garrett,6,01A,010-000,REPUBLICAN,356,320,86,7,965
Garrett,6,01A,010-000,UNAFFILIATED,65,38,21,2,203
Garrett,6,01A,011-000,DEMOCRATIC,5,2,6,0,15
Garrett,6,01A,011-000,GREEN,0,0,0,0,0
Garrett,6,01A,011-000,LIBERTARIAN,0,0,0,0,0
Garrett,6,01A,011-000,NO LABELS MARYLAND,0,0,0,0,0
Garrett,6,01A,011-000,OTHER PARTIES,1,0,0,0,1
Garrett,6,01A,011-000,REPUBLICAN,44,13,8,0,78
Garrett,6,01A,011-000,UNAFFILIATED,5,5,1,0,17
Garrett,6,01A,012-000,DEMOCRATIC,16,10,21,0,65
Garrett,6,01A,012-000,GREEN,0,0,0,0,0
Garrett,6,01A,012-000,LIBERTARIAN,0,0,0,0,1
Garrett,6,01A,012-000,NO LABELS MARYLAND,0,0,0,0,0
Garrett,6,01A,012-000,OTHER PARTIES,2,2,0,1,5
Garrett,6,01A,012-000,REPUBLICAN,203,98,27,2,417
Garrett,6,01A,012-000,UNAFFILIATED,22,10,13,1,79
Garrett,6,01A,013-000,DEMOCRATIC,49,5,11,1,89
Garrett,6,01A,013-000,GREEN,0,0,0,0,0
Garrett,6,01A,013-000,LIBERTARIAN,0,0,0,0,0
Garrett,6,01A,013-000,NO LABELS MARYLAND,0,0,0,0,0
Garrett,6,01A,013-000,OTHER PARTIES,0,1,0,0,3
Garrett,6,01A,013-000,REPUBLICAN,130,50,15,0,261
Garrett,6,01A,013-000,UNAFFILIATED,21,8,0,0,46
Garrett,6,01A,014-001,DEMOCRATIC,64,101,128,4,368
Garrett,6,01A,014-001,GREEN,1,0,0,0,2
Garrett,6,01A,014-001,LIBERTARIAN,3,2,0,0,9
Garrett,6,01A,014-001,NO LABELS MARYLAND,0,1,1,0,3
Garrett,6,01A,014-001,OTHER PARTIES,6,6,1,0,19
Garrett,6,01A,014-001,REPUBLICAN,399,597,159,13,1477
Garrett,6,01A,014-001,UNAFFILIATED,80,59,32,4,310
Garrett,6,01A,014-002,DEMOCRATIC,31,18,37,3,122
Garrett,6,01A,014-002,GREEN,0,0,0,0,1
Garrett,6,01A,014-002,LIBERTARIAN,4,1,0,0,6
Garrett,6,01A,014-002,NO LABELS MARYLAND,0,0,0,0,0
Garrett,6,01A,014-002,OTHER PARTIES,2,2,2,0,14
Garrett,6,01A,014-002,REPUBLICAN,283,183,43,10,643
Garrett,6,01A,014-002,UNAFFILIATED,42,20,6,2,118
Garrett,6,01A,015-000,DEMOCRATIC,27,12,15,1,75
Garrett,6,01A,015-000,GREEN,0,0,0,0,0
Garrett,6,01A,015-000,LIBERTARIAN,0,1,0,0,1
Garrett,6,01A,015-000,NO LABELS MARYLAND,0,0,0,0,1
Garrett,6,01A,015-000,OTHER PARTIES,0,0,0,0,0
Garrett,6,01A,015-000,REPUBLICAN,181,55,24,2,294
Garrett,6,01A,015-000,UNAFFILIATED,20,10,2,0,57
Garrett,6,01A,016-000,DEMOCRATIC,92,105,87,3,379
Garrett,6,01A,016-000,GREEN,0,0,0,0,1
Garrett,6,01A,016-000,LIBERTARIAN,4,1,0,0,10
Garrett,6,01A,016-000,NO LABELS MARYLAND,1,0,0,0,4
Garrett,6,01A,016-000,OTHER PARTIES,2,6,1,1,22
Garrett,6,01A,016-000,REPUBLICAN,570,516,144,15,1568
Garrett,6,01A,016-000,UNAFFILIATED,94,68,16,3,351
Garrett,,,Unable to Determine,DEMOCRATIC,0,0,0,0,
Garrett,,,Unable to Determine,GREEN,0,0,0,0,
Garrett,,,Unable to Determine,LIBERTARIAN,0,0,0,0,
Garrett,,,Unable to Determine,NO LABELS MARYLAND,0,0,0,0,
Garrett,,,Unable to Determine,OTHER PARTIES,0,0,0,0,
Garrett,,,Unable to Determine,REPUBLICAN,0,0,0,7,
Garrett,,,Unable to Determine,UNAFFILIATED,0,0,0,3,
Harford,1,07B,001-001,DEMOCRATIC,84,99,84,11,336
Harford,1,07B,001-001,GREEN,0,1,2,0,3
Harford,1,07B,001-001,LIBERTARIAN,8,1,2,0,13
Harford,1,07B,001-001,NO LABELS MARYLAND,0,0,1,0,2
Harford,1,07B,001-001,OTHER PARTIES,5,1,1,1,18
Harford,1,07B,001-001,REPUBLICAN,322,288,91,11,812
Harford,1,07B,001-001,UNAFFILIATED,115,93,37,5,353
Harford,1,07B,001-002,DEMOCRATIC,219,261,162,16,935
Harford,1,07B,001-002,GREEN,0,0,1,0,1
Harford,1,07B,001-002,LIBERTARIAN,6,1,3,0,16
Harford,1,07B,001-002,NO LABELS MARYLAND,1,1,0,0,5
Harford,1,07B,001-002,OTHER PARTIES,11,9,4,0,44
Harford,1,07B,001-002,REPUBLICAN,302,290,92,14,907
Harford,1,07B,001-002,UNAFFILIATED,133,112,54,4,573
Harford,1,07B,001-003,DEMOCRATIC,595,411,327,51,1731
Harford,1,07B,001-003,GREEN,3,1,1,0,5
Harford,1,07B,001-003,LIBERTARIAN,9,8,3,2,27
Harford,1,07B,001-003,NO LABELS MARYLAND,0,0,2,0,5
Harford,1,07B,001-003,OTHER PARTIES,13,11,1,0,46
Harford,1,07B,001-003,REPUBLICAN,769,580,169,43,1902
Harford,1,07B,001-003,UNAFFILIATED,464,227,146,35,1285
Harford,1,34B,001-004,DEMOCRATIC,361,328,365,38,1302
Harford,1,34B,001-004,GREEN,1,1,1,0,4
Harford,1,34B,001-004,LIBERTARIAN,5,3,1,1,20
Harford,1,34B,001-004,NO LABELS MARYLAND,2,1,0,0,5
Harford,1,34B,001-004,OTHER PARTIES,11,7,3,1,28
Harford,1,34B,001-004,REPUBLICAN,704,712,276,34,1993
Harford,1,34B,001-004,UNAFFILIATED,295,219,187,25,1008
Harford,1,34B,001-005,DEMOCRATIC,478,413,306,45,1637
Harford,1,34B,001-005,GREEN,4,1,1,0,6
Harford,1,34B,001-005,LIBERTARIAN,14,6,1,0,37
Harford,1,34B,001-005,NO LABELS MARYLAND,5,0,0,1,9
Harford,1,34B,001-005,OTHER PARTIES,11,12,2,2,50
Harford,1,34B,001-005,REPUBLICAN,668,533,148,32,1678
Harford,1,34B,001-005,UNAFFILIATED,380,219,131,25,1132
Harford,1,34B,001-006,DEMOCRATIC,219,158,181,15,725
Harford,1,34B,001-006,GREEN,0,1,0,0,2
Harford,1,34B,001-006,LIBERTARIAN,11,3,3,3,21
Harford,1,34B,001-006,NO LABELS MARYLAND,1,0,1,0,3
Harford,1,34B,001-006,OTHER PARTIES,10,13,2,0,40
Harford,1,34B,001-006,REPUBLICAN,344,317,130,22,962
Harford,1,34B,001-006,UNAFFILIATED,175,96,72,16,538
Harford,1,34B,001-007,DEMOCRATIC,443,459,384,26,1544
Harford,1,34B,001-007,GREEN,1,0,1,0,2
Harford,1,34B,001-007,LIBERTARIAN,8,4,5,0,24
Harford,1,34B,001-007,NO LABELS MARYLAND,0,1,0,0,1
Harford,1,34B,001-007,OTHER PARTIES,9,7,2,1,27
Harford,1,34B,001-007,REPUBLICAN,758,712,194,31,1955
Harford,1,34B,001-007,UNAFFILIATED,341,229,162,22,1086
Harford,1,34B,001-008,DEMOCRATIC,169,205,141,19,639
Harford,1,34B,001-008,GREEN,1,1,0,0,2
Harford,1,34B,001-008,LIBERTARIAN,2,3,1,0,7
Harford,1,34B,001-008,NO LABELS MARYLAND,1,1,1,0,3
Harford,1,34B,001-008,OTHER PARTIES,3,1,0,2,5
Harford,1,34B,001-008,REPUBLICAN,323,264,89,11,774
Harford,1,34B,001-008,UNAFFILIATED,172,101,87,17,500
Harford,1,35A,001-009,DEMOCRATIC,43,34,24,1,135
Harford,1,35A,001-009,GREEN,1,0,0,0,1
Harford,1,35A,001-009,LIBERTARIAN,4,1,0,0,7
Harford,1,35A,001-009,NO LABELS MARYLAND,0,0,0,0,1
Harford,1,35A,001-009,OTHER PARTIES,0,4,1,0,9
Harford,1,35A,001-009,REPUBLICAN,114,57,28,5,236
Harford,1,35A,001-009,UNAFFILIATED,53,15,8,2,122
Harford,1,34B,001-010,DEMOCRATIC,106,137,103,14,530
Harford,1,34B,001-010,GREEN,0,0,0,0,2
Harford,1,34B,001-010,LIBERTARIAN,5,2,1,3,11
Harford,1,34B,001-010,NO LABELS MARYLAND,0,1,0,0,5
Harford,1,34B,001-010,OTHER PARTIES,6,2,2,0,19
Harford,1,34B,001-010,REPUBLICAN,129,86,38,9,362
Harford,1,34B,001-010,UNAFFILIATED,83,54,35,18,312
Harford,1,34B,001-011,DEMOCRATIC,190,217,195,11,818
Harford,1,34B,001-011,GREEN,1,0,0,0,1
Harford,1,34B,001-011,LIBERTARIAN,6,4,2,0,22
Harford,1,34B,001-011,NO LABELS MARYLAND,0,1,2,0,6
Harford,1,34B,001-011,OTHER PARTIES,4,6,4,0,19
Harford,1,34B,001-011,REPUBLICAN,287,289,111,10,843
Harford,1,34B,001-011,UNAFFILIATED,147,116,72,7,525
Harford,1,34A,001-012,DEMOCRATIC,263,262,144,10,893
Harford,1,34A,001-012,GREEN,1,0,1,0,5
Harford,1,34A,001-012,LIBERTARIAN,3,5,1,0,11
Harford,1,34A,001-012,NO LABELS MARYLAND,1,0,2,0,3
Harford,1,34A,001-012,OTHER PARTIES,4,7,4,0,23
Harford,1,34A,001-012,REPUBLICAN,275,258,56,3,722
Harford,1,34A,001-012,UNAFFILIATED,156,103,54,2,474
Harford,1,34A,001-013,DEMOCRATIC,453,304,237,33,1349
Harford,1,34A,001-013,GREEN,0,0,1,0,1
Harford,1,34A,001-013,LIBERTARIAN,7,7,1,0,25
Harford,1,34A,001-013,NO LABELS MARYLAND,1,0,0,0,5
Harford,1,34A,001-013,OTHER PARTIES,13,9,1,0,37
Harford,1,34A,001-013,REPUBLICAN,355,246,63,15,848
Harford,1,34A,001-013,UNAFFILIATED,267,130,58,16,765
Harford,1,34A,001-014,DEMOCRATIC,575,539,263,85,1939
Harford,1,34A,001-014,GREEN,1,1,0,0,3
Harford,1,34A,001-014,LIBERTARIAN,10,6,2,1,27
Harford,1,34A,001-014,NO LABELS MARYLAND,0,1,1,0,5
Harford,1,34A,001-014,OTHER PARTIES,18,6,4,2,53
Harford,1,34A,001-014,REPUBLICAN,308,270,106,39,882
Harford,1,34A,001-014,UNAFFILIATED,296,156,113,42,951
Harford,1,34A,001-015,DEMOCRATIC,534,556,265,46,1867
Harford,1,34A,001-015,GREEN,0,0,0,0,3
Harford,1,34A,001-015,LIBERTARIAN,8,6,1,2,25
Harford,1,34A,001-015,NO LABELS MARYLAND,0,1,2,0,5
Harford,1,34A,001-015,OTHER PARTIES,8,8,2,1,39
Harford,1,34A,001-015,REPUBLICAN,414,410,128,24,1181
Harford,1,34A,001-015,UNAFFILIATED,267,171,83,24,927
Harford,1,07B,001-016,DEMOCRATIC,408,369,297,37,1473
Harford,1,07B,001-016,GREEN,0,1,1,0,5
Harford,1,07B,001-016,LIBERTARIAN,16,7,1,0,32
Harford,1,07B,001-016,NO LABELS MARYLAND,1,0,1,0,6
Harford,1,07B,001-016,OTHER PARTIES,9,10,5,3,44
Harford,1,07B,001-016,REPUBLICAN,572,445,170,22,1521
Harford,1,07B,001-016,UNAFFILIATED,309,158,82,13,896
Harford,1,34A,001-017,DEMOCRATIC,255,190,139,19,771
Harford,1,34A,001-017,GREEN,0,0,1,0,2
Harford,1,34A,001-017,LIBERTARIAN,6,1,1,0,13
Harford,1,34A,001-017,NO LABELS MARYLAND,4,0,0,0,4
Harford,1,34A,001-017,OTHER PARTIES,10,5,1,0,29
Harford,1,34A,001-017,REPUBLICAN,272,165,61,14,622
Harford,1,34A,001-017,UNAFFILIATED,175,74,45,21,450
Harford,1,34A,001-018,DEMOCRATIC,350,325,163,23,1121
Harford,1,34A,001-018,GREEN,0,1,1,0,3
Harford,1,34A,001-018,LIBERTARIAN,3,3,0,1,11
Harford,1,34A,001-018,NO LABELS MARYLAND,3,0,2,0,7
Harford,1,34A,001-018,OTHER PARTIES,9,7,1,2,29
Harford,1,34A,001-018,REPUBLICAN,360,203,75,13,808
Harford,1,34A,001-018,UNAFFILIATED,205,98,75,10,616
Harford,1,34A,001-019,DEMOCRATIC,556,469,161,39,1945
Harford,1,34A,001-019,GREEN,1,0,1,0,6
Harford,1,34A,001-019,LIBERTARIAN,4,3,3,2,18
Harford,1,34A,001-019,NO LABELS MARYLAND,3,0,1,1,5
Harford,1,34A,001-019,OTHER PARTIES,12,9,2,2,75
Harford,1,34A,001-019,REPUBLICAN,166,149,38,6,553
Harford,1,34A,001-019,UNAFFILIATED,188,102,64,10,801
Harford,1,34A,001-020,DEMOCRATIC,496,433,164,74,2011
Harford,1,34A,001-020,GREEN,2,0,0,0,6
Harford,1,34A,001-020,LIBERTARIAN,3,1,0,1,11
Harford,1,34A,001-020,NO LABELS MARYLAND,5,0,0,0,10
Harford,1,34A,001-020,OTHER PARTIES,16,9,1,1,75
Harford,1,34A,001-020,REPUBLICAN,121,118,37,17,477
Harford,1,34A,001-020,UNAFFILIATED,156,92,50,29,768
Harford,1,34A,001-021,DEMOCRATIC,871,833,346,59,2880
Harford,1,34A,001-021,GREEN,1,1,1,1,5
Harford,1,34A,001-021,LIBERTARIAN,8,4,0,1,33
Harford,1,34A,001-021,NO LABELS MARYLAND,4,1,1,2,15
Harford,1,34A,001-021,OTHER PARTIES,22,10,2,1,74
Harford,1,34A,001-021,REPUBLICAN,417,347,112,26,1178
Harford,1,34A,001-021,UNAFFILIATED,386,233,72,30,1285
Harford,1,34A,001-022,DEMOCRATIC,257,200,127,21,958
Harford,1,34A,001-022,GREEN,0,0,0,0,0
Harford,1,34A,001-022,LIBERTARIAN,2,2,2,0,10
Harford,1,34A,001-022,NO LABELS MARYLAND,1,2,1,0,6
Harford,1,34A,001-022,OTHER PARTIES,3,2,0,0,25
Harford,1,34A,001-022,REPUBLICAN,174,97,42,12,463
Harford,1,34A,001-022,UNAFFILIATED,111,67,34,16,472
Harford,1,35A,002-001,DEMOCRATIC,225,184,177,13,732
Harford,1,35A,002-001,GREEN,0,1,0,0,2
Harford,1,35A,002-001,LIBERTARIAN,10,4,3,0,28
Harford,1,35A,002-001,NO LABELS MARYLAND,1,0,2,0,4
Harford,1,35A,002-001,OTHER PARTIES,3,6,1,0,21
Harford,1,35A,002-001,REPUBLICAN,745,493,143,20,1606
Harford,1,35A,002-001,UNAFFILIATED,222,141,75,10,634
Harford,1,35A,002-002,DEMOCRATIC,34,24,27,1,107
Harford,1,35A,002-002,GREEN,0,0,0,0,0
Harford,1,35A,002-002,LIBERTARIAN,1,0,2,0,5
Harford,1,35A,002-002,NO LABELS MARYLAND,0,0,0,0,0
Harford,1,35A,002-002,OTHER PARTIES,1,1,2,0,6
Harford,1,35A,002-002,REPUBLICAN,72,65,18,1,186
Harford,1,35A,002-002,UNAFFILIATED,28,19,8,0,79
Harford,1,34A,002-003,DEMOCRATIC,9,5,1,1,18
Harford,1,34A,002-003,GREEN,0,0,0,0,0
Harford,1,34A,002-003,LIBERTARIAN,0,0,0,0,0
Harford,1,34A,002-003,NO LABELS MARYLAND,0,0,0,0,0
Harford,1,34A,002-003,OTHER PARTIES,0,0,0,0,0
Harford,1,34A,002-003,REPUBLICAN,12,7,1,2,23
Harford,1,34A,002-003,UNAFFILIATED,2,0,1,0,8
Harford,1,35A,002-004,DEMOCRATIC,16,12,12,8,59
Harford,1,35A,002-004,GREEN,0,0,0,0,0
Harford,1,35A,002-004,LIBERTARIAN,1,2,2,0,6
Harford,1,35A,002-004,NO LABELS MARYLAND,0,0,0,0,0
Harford,1,35A,002-004,OTHER PARTIES,1,1,0,2,6
Harford,1,35A,002-004,REPUBLICAN,42,24,6,2,87
Harford,1,35A,002-004,UNAFFILIATED,13,12,4,4,50
Harford,1,34A,002-005,DEMOCRATIC,286,280,150,17,941
Harford,1,34A,002-005,GREEN,0,0,0,0,1
Harford,1,34A,002-005,LIBERTARIAN,4,3,0,0,8
Harford,1,34A,002-005,NO LABELS MARYLAND,1,2,1,0,5
Harford,1,34A,002-005,OTHER PARTIES,4,7,1,2,21
Harford,1,34A,002-005,REPUBLICAN,136,92,42,3,347
Harford,1,34A,002-005,UNAFFILIATED,153,97,47,12,454
Harford,1,34A,002-006,DEMOCRATIC,446,469,306,60,1647
Harford,1,34A,002-006,GREEN,0,0,0,0,2
Harford,1,34A,002-006,LIBERTARIAN,13,6,4,0,29
Harford,1,34A,002-006,NO LABELS MARYLAND,1,2,1,2,14
Harford,1,34A,002-006,OTHER PARTIES,16,5,3,0,38
Harford,1,34A,002-006,REPUBLICAN,475,406,130,18,1252
Harford,1,34A,002-006,UNAFFILIATED,271,189,98,51,946
Harford,1,34A,002-007,DEMOCRATIC,707,532,363,72,2391
Harford,1,34A,002-007,GREEN,0,0,0,0,3
Harford,1,34A,002-007,LIBERTARIAN,12,10,3,3,52
Harford,1,34A,002-007,NO LABELS MARYLAND,6,0,0,0,6
Harford,1,34A,002-007,OTHER PARTIES,28,7,4,3,102
Harford,1,34A,002-007,REPUBLICAN,513,296,111,32,1338
Harford,1,34A,002-007,UNAFFILIATED,390,164,88,29,1274
Harford,1,34A,002-008,DEMOCRATIC,329,136,90,21,1008
Harford,1,34A,002-008,GREEN,1,1,0,1,3
Harford,1,34A,002-008,LIBERTARIAN,3,4,0,0,20
Harford,1,34A,002-008,NO LABELS MARYLAND,1,0,4,0,8
Harford,1,34A,002-008,OTHER PARTIES,9,4,0,0,48
Harford,1,34A,002-008,REPUBLICAN,196,76,28,15,503
Harford,1,34A,002-008,UNAFFILIATED,196,42,34,15,657
Harford,1,34A,002-009,DEMOCRATIC,73,90,52,16,298
Harford,1,34A,002-009,GREEN,0,0,0,0,0
Harford,1,34A,002-009,LIBERTARIAN,3,1,0,2,10
Harford,1,34A,002-009,NO LABELS MARYLAND,1,1,1,0,6
Harford,1,34A,002-009,OTHER PARTIES,1,0,0,1,8
Harford,1,34A,002-009,REPUBLICAN,72,62,35,14,236
Harford,1,34A,002-009,UNAFFILIATED,74,46,37,15,279
Harford,1,34A,002-010,DEMOCRATIC,187,157,136,20,785
Harford,1,34A,002-010,GREEN,0,0,0,0,0
Harford,1,34A,002-010,LIBERTARIAN,7,2,2,0,17
Harford,1,34A,002-010,NO LABELS MARYLAND,1,1,2,0,5
Harford,1,34A,002-010,OTHER PARTIES,3,5,1,0,25
Harford,1,34A,002-010,REPUBLICAN,273,155,67,13,632
Harford,1,34A,002-010,UNAFFILIATED,126,64,35,22,436
Harford,1,35A,003-001,DEMOCRATIC,356,279,289,6,1140
Harford,1,35A,003-001,GREEN,0,0,3,0,6
Harford,1,35A,003-001,LIBERTARIAN,18,14,7,1,52
Harford,1,35A,003-001,NO LABELS MARYLAND,3,0,0,0,5
Harford,1,35A,003-001,OTHER PARTIES,10,10,4,2,48
Harford,1,35A,003-001,REPUBLICAN,1291,1068,332,24,3114
Harford,1,35A,003-001,UNAFFILIATED,399,234,143,11,1129
Harford,1,35A,003-002,DEMOCRATIC,181,198,190,8,700
Harford,1,35A,003-002,GREEN,1,0,0,0,2
Harford,1,35A,003-002,LIBERTARIAN,12,6,1,0,23
Harford,1,35A,003-002,NO LABELS MARYLAND,0,1,0,0,1
Harford,1,35A,003-002,OTHER PARTIES,4,6,1,0,20
Harford,1,35A,003-002,REPUBLICAN,551,609,187,19,1575
Harford,1,35A,003-002,UNAFFILIATED,196,130,99,8,621
Harford,1,35A,003-003,DEMOCRATIC,276,239,243,15,906
Harford,1,35A,003-003,GREEN,0,0,0,0,2
Harford,1,35A,003-003,LIBERTARIAN,8,1,0,1,11
Harford,1,35A,003-003,NO LABELS MARYLAND,3,1,1,1,6
Harford,1,35A,003-003,OTHER PARTIES,6,2,5,0,18
Harford,1,35A,003-003,REPUBLICAN,681,529,187,32,1623
Harford,1,35A,003-003,UNAFFILIATED,283,134,115,6,719
Harford,1,35A,003-004,DEMOCRATIC,259,202,262,10,875
Harford,1,35A,003-004,GREEN,0,1,0,0,2
Harford,1,35A,003-004,LIBERTARIAN,11,10,1,1,25
Harford,1,35A,003-004,NO LABELS MARYLAND,1,0,0,0,3
Harford,1,35A,003-004,OTHER PARTIES,2,5,1,0,10
Harford,1,35A,003-004,REPUBLICAN,763,769,245,13,2038
Harford,1,35A,003-004,UNAFFILIATED,252,145,106,14,700
Harford,1,35A,003-005,DEMOCRATIC,238,226,234,10,841
Harford,1,35A,003-005,GREEN,3,0,0,0,4
Harford,1,35A,003-005,LIBERTARIAN,4,6,2,0,19
Harford,1,35A,003-005,NO LABELS MARYLAND,1,0,1,0,2
Harford,1,35A,003-005,OTHER PARTIES,4,6,5,0,19
Harford,1,35A,003-005,REPUBLICAN,557,574,151,11,1500
Harford,1,35A,003-005,UNAFFILIATED,244,186,79,11,713
Harford,1,35A,003-006,DEMOCRATIC,468,479,422,36,1676
Harford,1,35A,003-006,GREEN,4,0,1,0,5
Harford,1,35A,003-006,LIBERTARIAN,14,10,6,0,39
Harford,1,35A,003-006,NO LABELS MARYLAND,1,1,0,0,3
Harford,1,35A,003-006,OTHER PARTIES,11,10,3,1,41
Harford,1,35A,003-006,REPUBLICAN,1052,1086,345,28,2873
Harford,1,35A,003-006,UNAFFILIATED,428,252,200,24,1350
Harford,1,35A,003-007,DEMOCRATIC,431,425,389,19,1518
Harford,1,35A,003-007,GREEN,0,0,3,0,4
Harford,1,35A,003-007,LIBERTARIAN,19,8,2,1,41
Harford,1,35A,003-007,NO LABELS MARYLAND,3,1,1,0,6
Harford,1,35A,003-007,OTHER PARTIES,12,7,5,0,43
Harford,1,35A,003-007,REPUBLICAN,1217,1204,298,33,3138
Harford,1,35A,003-007,UNAFFILIATED,529,344,202,10,1463
Harford,1,35A,003-008,DEMOCRATIC,193,141,175,13,650
Harford,1,35A,003-008,GREEN,1,0,0,0,3
Harford,1,35A,003-008,LIBERTARIAN,3,3,1,0,12
Harford,1,35A,003-008,NO LABELS MARYLAND,0,1,1,0,4
Harford,1,35A,003-008,OTHER PARTIES,5,5,1,0,16
Harford,1,35A,003-008,REPUBLICAN,619,440,149,31,1421
Harford,1,35A,003-008,UNAFFILIATED,205,134,81,10,586
Harford,1,07B,003-009,DEMOCRATIC,418,506,538,35,1794
Harford,1,07B,003-009,GREEN,0,1,0,0,2
Harford,1,07B,003-009,LIBERTARIAN,18,9,4,1,44
Harford,1,07B,003-009,NO LABELS MARYLAND,1,0,2,1,5
Harford,1,07B,003-009,OTHER PARTIES,18,21,3,1,61
Harford,1,07B,003-009,REPUBLICAN,1298,1450,500,57,3738
Harford,1,07B,003-009,UNAFFILIATED,523,336,254,25,1504
Harford,1,35A,003-010,DEMOCRATIC,226,167,156,13,675
Harford,1,35A,003-010,GREEN,0,1,2,0,4
Harford,1,35A,003-010,LIBERTARIAN,6,2,1,0,17
Harford,1,35A,003-010,NO LABELS MARYLAND,0,0,0,0,3
Harford,1,35A,003-010,OTHER PARTIES,5,4,1,1,21
Harford,1,35A,003-010,REPUBLICAN,493,425,108,11,1180
Harford,1,35A,003-010,UNAFFILIATED,200,121,89,6,567
Harford,1,34B,003-011,DEMOCRATIC,390,468,428,27,1596
Harford,1,34B,003-011,GREEN,2,3,1,0,7
Harford,1,34B,003-011,LIBERTARIAN,22,8,4,0,41
Harford,1,34B,003-011,NO LABELS MARYLAND,2,2,3,2,11
Harford,1,34B,003-011,OTHER PARTIES,12,15,3,0,53
Harford,1,34B,003-011,REPUBLICAN,765,813,284,29,2272
Harford,1,34B,003-011,UNAFFILIATED,352,231,171,19,1160
Harford,1,35A,003-012,DEMOCRATIC,51,53,45,15,170
Harford,1,35A,003-012,GREEN,0,0,0,0,0
Harford,1,35A,003-012,LIBERTARIAN,5,0,0,0,8
Harford,1,35A,003-012,NO LABELS MARYLAND,0,0,2,0,2
Harford,1,35A,003-012,OTHER PARTIES,2,3,1,0,7
Harford,1,35A,003-012,REPUBLICAN,134,92,33,7,294
Harford,1,35A,003-012,UNAFFILIATED,50,28,22,8,128
Harford,1,35A,003-013,DEMOCRATIC,374,442,432,24,1592
Harford,1,35A,003-013,GREEN,3,0,1,0,5
Harford,1,35A,003-013,LIBERTARIAN,12,6,2,1,31
Harford,1,35A,003-013,NO LABELS MARYLAND,2,1,1,0,6
Harford,1,35A,003-013,OTHER PARTIES,16,13,5,0,58
Harford,1,35A,003-013,REPUBLICAN,792,866,284,23,2351
Harford,1,35A,003-013,UNAFFILIATED,384,297,163,14,1229
Harford,1,07B,003-014,DEMOCRATIC,192,229,243,22,799
Harford,1,07B,003-014,GREEN,0,0,1,0,3
Harford,1,07B,003-014,LIBERTARIAN,5,6,2,0,18
Harford,1,07B,003-014,NO LABELS MARYLAND,1,0,1,0,5
Harford,1,07B,003-014,OTHER PARTIES,6,3,2,3,16
Harford,1,07B,003-014,REPUBLICAN,435,541,174,18,1373
Harford,1,07B,003-014,UNAFFILIATED,218,156,121,12,695
Harford,1,34B,003-015,DEMOCRATIC,185,235,230,15,792
Harford,1,34B,003-015,GREEN,1,0,0,0,2
Harford,1,34B,003-015,LIBERTARIAN,3,1,0,0,6
Harford,1,34B,003-015,NO LABELS MARYLAND,2,0,0,0,2
Harford,1,34B,003-015,OTHER PARTIES,5,0,3,0,15
Harford,1,34B,003-015,REPUBLICAN,364,440,172,17,1147
Harford,1,34B,003-015,UNAFFILIATED,172,137,81,12,537
Harford,1,34B,003-016,DEMOCRATIC,371,425,402,28,1444
Harford,1,34B,003-016,GREEN,1,0,1,0,5
Harford,1,34B,003-016,LIBERTARIAN,13,6,4,0,30
Harford,1,34B,003-016,NO LABELS MARYLAND,2,1,1,0,6
Harford,1,34B,003-016,OTHER PARTIES,15,10,3,1,47
Harford,1,34B,003-016,REPUBLICAN,706,817,276,24,2087
Harford,1,34B,003-016,UNAFFILIATED,380,282,159,14,1145
Harford,1,35A,003-017,DEMOCRATIC,284,223,228,17,898
Harford,1,35A,003-017,GREEN,0,0,0,0,0
Harford,1,35A,003-017,LIBERTARIAN,7,6,2,0,21
Harford,1,35A,003-017,NO LABELS MARYLAND,1,0,0,0,2
Harford,1,35A,003-017,OTHER PARTIES,8,2,0,1,18
Harford,1,35A,003-017,REPUBLICAN,521,483,154,21,1413
Harford,1,35A,003-017,UNAFFILIATED,262,176,102,15,746
Harford,1,07B,004-001,DEMOCRATIC,137,111,123,3,460
Harford,1,07B,004-001,GREEN,0,0,0,0,1
Harford,1,07B,004-001,LIBERTARIAN,6,5,1,0,15
Harford,1,07B,004-001,NO LABELS MARYLAND,1,0,0,0,2
Harford,1,07B,004-001,OTHER PARTIES,9,3,1,1,19
Harford,1,07B,004-001,REPUBLICAN,734,537,129,17,1613
Harford,1,07B,004-001,UNAFFILIATED,188,107,47,3,489
Harford,1,07B,004-002,DEMOCRATIC,99,153,125,8,445
Harford,1,07B,004-002,GREEN,0,0,0,0,0
Harford,1,07B,004-002,LIBERTARIAN,1,7,0,0,9
Harford,1,07B,004-002,NO LABELS MARYLAND,0,0,0,0,3
Harford,1,07B,004-002,OTHER PARTIES,7,5,1,0,16
Harford,1,07B,004-002,REPUBLICAN,333,605,108,18,1202
Harford,1,07B,004-002,UNAFFILIATED,115,113,67,7,406
Harford,1,35A,004-003,DEMOCRATIC,146,191,128,5,566
Harford,1,35A,004-003,GREEN,1,0,0,0,1
Harford,1,35A,004-003,LIBERTARIAN,3,9,1,0,16
Harford,1,35A,004-003,NO LABELS MARYLAND,1,1,0,0,4
Harford,1,35A,004-003,OTHER PARTIES,6,6,1,1,20
Harford,1,35A,004-003,REPUBLICAN,617,866,164,10,1877
Harford,1,35A,004-003,UNAFFILIATED,163,160,74,7,560
Harford,1,07B,004-004,DEMOCRATIC,100,252,185,6,650
Harford,1,07B,004-004,GREEN,1,0,0,0,1
Harford,1,07B,004-004,LIBERTARIAN,6,5,2,0,17
Harford,1,07B,004-004,NO LABELS MARYLAND,0,0,2,0,2
Harford,1,07B,004-004,OTHER PARTIES,6,15,1,2,38
Harford,1,07B,004-004,REPUBLICAN,444,809,176,23,1621
Harford,1,07B,004-004,UNAFFILIATED,143,205,64,13,554
Harford,1,35A,004-005,DEMOCRATIC,109,165,136,7,477
Harford,1,35A,004-005,GREEN,1,0,0,0,1
Harford,1,35A,004-005,LIBERTARIAN,1,3,3,0,13
Harford,1,35A,004-005,NO LABELS MARYLAND,1,0,0,0,1
Harford,1,35A,004-005,OTHER PARTIES,3,4,1,0,13
Harford,1,35A,004-005,REPUBLICAN,334,549,114,9,1124
Harford,1,35A,004-005,UNAFFILIATED,139,102,70,1,422
Harford,1,07B,004-006,DEMOCRATIC,251,239,301,9,940
Harford,1,07B,004-006,GREEN,1,0,1,0,2
Harford,1,07B,004-006,LIBERTARIAN,13,6,1,1,27
Harford,1,07B,004-006,NO LABELS MARYLAND,1,0,0,0,2
Harford,1,07B,004-006,OTHER PARTIES,8,14,5,0,39
Harford,1,07B,004-006,REPUBLICAN,746,864,225,27,2105
Harford,1,07B,004-006,UNAFFILIATED,242,199,143,13,765
Harford,1,35A,004-007,DEMOCRATIC,41,61,46,1,173
Harford,1,35A,004-007,GREEN,0,2,0,0,3
Harford,1,35A,004-007,LIBERTARIAN,1,0,0,0,1
Harford,1,35A,004-007,NO LABELS MARYLAND,0,0,0,0,0
Harford,1,35A,004-007,OTHER PARTIES,0,0,0,1,0
Harford,1,35A,004-007,REPUBLICAN,123,148,31,3,341
Harford,1,35A,004-007,UNAFFILIATED,42,32,19,2,130
Harford,1,35A,005-001,DEMOCRATIC,283,243,227,16,936
Harford,1,35A,005-001,GREEN,2,0,0,0,3
Harford,1,35A,005-001,LIBERTARIAN,14,7,1,1,33
Harford,1,35A,005-001,NO LABELS MARYLAND,2,0,1,0,3
Harford,1,35A,005-001,OTHER PARTIES,17,10,2,0,40
Harford,1,35A,005-001,REPUBLICAN,1506,1090,240,39,3292
Harford,1,35A,005-001,UNAFFILIATED,350,206,95,14,962
Harford,1,35A,005-002,DEMOCRATIC,172,81,110,12,473
Harford,1,35A,005-002,GREEN,0,0,0,0,1
Harford,1,35A,005-002,LIBERTARIAN,10,2,0,0,17
Harford,1,35A,005-002,NO LABELS MARYLAND,0,0,1,0,1
Harford,1,35A,005-002,OTHER PARTIES,15,4,1,2,36
Harford,1,35A,005-002,REPUBLICAN,918,372,100,26,1609
Harford,1,35A,005-002,UNAFFILIATED,256,71,41,12,549
Harford,1,35A,005-003,DEMOCRATIC,112,65,86,3,332
Harford,1,35A,005-003,GREEN,0,1,0,0,2
Harford,1,35A,005-003,LIBERTARIAN,3,2,1,0,9
Harford,1,35A,005-003,NO LABELS MARYLAND,1,1,0,0,2
Harford,1,35A,005-003,OTHER PARTIES,4,2,0,1,16
Harford,1,35A,005-003,REPUBLICAN,428,202,89,14,872
Harford,1,35A,005-003,UNAFFILIATED,154,60,22,1,358
Harford,1,34A,006-001,DEMOCRATIC,21,16,22,1,83
Harford,1,34A,006-001,GREEN,0,0,0,0,0
Harford,1,34A,006-001,LIBERTARIAN,0,0,0,1,3
Harford,1,34A,006-001,NO LABELS MARYLAND,0,0,0,0,1
Harford,1,34A,006-001,OTHER PARTIES,1,1,0,0,3
Harford,1,34A,006-001,REPUBLICAN,50,46,9,4,126
Harford,1,34A,006-001,UNAFFILIATED,22,5,5,4,51
Harford,1,34A,006-002,DEMOCRATIC,236,299,164,13,883
Harford,1,34A,006-002,GREEN,2,0,1,0,4
Harford,1,34A,006-002,LIBERTARIAN,9,7,1,0,24
Harford,1,34A,006-002,NO LABELS MARYLAND,2,0,2,0,4
Harford,1,34A,006-002,OTHER PARTIES,6,4,1,0,20
Harford,1,34A,006-002,REPUBLICAN,368,322,85,7,921
Harford,1,34A,006-002,UNAFFILIATED,224,173,65,11,666
Harford,1,34A,006-003,DEMOCRATIC,77,116,74,1,320
Harford,1,34A,006-003,GREEN,0,0,0,0,0
Harford,1,34A,006-003,LIBERTARIAN,2,1,1,0,7
Harford,1,34A,006-003,NO LABELS MARYLAND,0,0,0,0,1
Harford,1,34A,006-003,OTHER PARTIES,1,1,0,0,6
Harford,1,34A,006-003,REPUBLICAN,76,64,19,2,201
Harford,1,34A,006-003,UNAFFILIATED,51,44,21,3,185
Harford,1,34A,006-004,DEMOCRATIC,428,693,504,36,1982
Harford,1,34A,006-004,GREEN,0,0,0,0,1
Harford,1,34A,006-004,LIBERTARIAN,5,5,3,0,19
Harford,1,34A,006-004,NO LABELS MARYLAND,1,3,0,1,7
Harford,1,34A,006-004,OTHER PARTIES,11,22,5,1,57
Harford,1,34A,006-004,REPUBLICAN,444,743,278,27,1714
Harford,1,34A,006-004,UNAFFILIATED,334,392,232,24,1286
Harford,1,34A,006-005,DEMOCRATIC,478,471,314,32,1770
Harford,1,34A,006-005,GREEN,1,0,1,3,9
Harford,1,34A,006-005,LIBERTARIAN,10,7,2,1,37
Harford,1,34A,006-005,NO LABELS MARYLAND,3,1,0,0,7
Harford,1,34A,006-005,OTHER PARTIES,20,10,2,0,85
Harford,1,34A,006-005,REPUBLICAN,443,435,139,24,1328
Harford,1,34A,006-005,UNAFFILIATED,292,223,89,28,1091
Harford,,,Unable to Determine,DEMOCRATIC,0,0,0,33,
Harford,,,Unable to Determine,GREEN,0,0,0,0,
Harford,,,Unable to Determine,LIBERTARIAN,0,0,0,0,
Harford,,,Unable to Determine,NO LABELS MARYLAND,0,0,0,0,
Harford,,,Unable to Determine,OTHER PARTIES,0,0,0,0,
Harford,,,Unable to Determine,REPUBLICAN,0,0,0,28,
Harford,,,Unable to Determine,UNAFFILIATED,0,0,0,22,
Howard,3,12A,001-001,DEMOCRATIC,679,537,486,56,2134
Howard,3,12A,001-001,GREEN,1,1,0,0,4
Howard,3,12A,001-001,LIBERTARIAN,9,0,1,2,16
Howard,3,12A,001-001,NO LABELS MARYLAND,2,3,3,0,13
Howard,3,12A,001-001,OTHER PARTIES,18,1,4,1,44
Howard,3,12A,001-001,REPUBLICAN,494,277,130,22,1130
Howard,3,12A,001-001,UNAFFILIATED,377,223,179,31,1159
Howard,3,12A,001-002,DEMOCRATIC,579,354,341,48,1729
Howard,3,12A,001-002,GREEN,0,0,2,0,5
Howard,3,12A,001-002,LIBERTARIAN,10,1,0,0,19
Howard,3,12A,001-002,NO LABELS MARYLAND,5,1,0,0,11
Howard,3,12A,001-002,OTHER PARTIES,18,7,0,0,46
Howard,3,12A,001-002,REPUBLICAN,366,168,57,20,778
Howard,3,12A,001-002,UNAFFILIATED,290,134,105,21,872
Howard,3,13,001-003,DEMOCRATIC,456,319,265,26,1388
Howard,3,13,001-003,GREEN,1,0,0,0,4
Howard,3,13,001-003,LIBERTARIAN,6,0,2,1,13
Howard,3,13,001-003,NO LABELS MARYLAND,2,0,1,0,4
Howard,3,13,001-003,OTHER PARTIES,5,3,1,0,32
Howard,3,13,001-003,REPUBLICAN,222,123,51,10,566
Howard,3,13,001-003,UNAFFILIATED,250,122,104,21,767
Howard,3,12A,001-004,DEMOCRATIC,571,598,545,37,2079
Howard,3,12A,001-004,GREEN,3,0,0,0,7
Howard,3,12A,001-004,LIBERTARIAN,9,1,0,1,16
Howard,3,12A,001-004,NO LABELS MARYLAND,0,1,3,0,5
Howard,3,12A,001-004,OTHER PARTIES,10,7,1,0,26
Howard,3,12A,001-004,REPUBLICAN,434,369,167,11,1165
Howard,3,12A,001-004,UNAFFILIATED,401,254,235,35,1239
Howard,3,12A,001-005,DEMOCRATIC,250,351,330,19,1215
Howard,3,12A,001-005,GREEN,1,0,0,0,1
Howard,3,12A,001-005,LIBERTARIAN,1,1,2,0,6
Howard,3,12A,001-005,NO LABELS MARYLAND,1,0,1,0,3
Howard,3,12A,001-005,OTHER PARTIES,9,6,3,1,30
Howard,3,12A,001-005,REPUBLICAN,147,166,82,7,503
Howard,3,12A,001-005,UNAFFILIATED,162,137,97,7,629
Howard,3,13,001-006,DEMOCRATIC,754,780,486,134,2833
Howard,3,13,001-006,GREEN,0,1,1,1,9
Howard,3,13,001-006,LIBERTARIAN,12,1,2,0,24
Howard,3,13,001-006,NO LABELS MARYLAND,0,2,2,0,7
Howard,3,13,001-006,OTHER PARTIES,15,8,4,1,58
Howard,3,13,001-006,REPUBLICAN,172,80,54,28,495
Howard,3,13,001-006,UNAFFILIATED,356,191,150,49,1266
Howard,3,12A,001-007,DEMOCRATIC,526,595,476,52,2059
Howard,3,12A,001-007,GREEN,1,1,1,1,7
Howard,3,12A,001-007,LIBERTARIAN,8,0,3,0,12
Howard,3,12A,001-007,NO LABELS MARYLAND,0,1,3,2,10
Howard,3,12A,001-007,OTHER PARTIES,6,5,4,0,40
Howard,3,12A,001-007,REPUBLICAN,272,180,111,23,745
Howard,3,12A,001-007,UNAFFILIATED,302,213,191,17,1093
Howard,3,12A,001-012,DEMOCRATIC,368,389,480,16,1513
Howard,3,12A,001-012,GREEN,0,0,0,2,2
Howard,3,12A,001-012,LIBERTARIAN,4,1,1,0,10
Howard,3,12A,001-012,NO LABELS MARYLAND,0,0,1,0,3
Howard,3,12A,001-012,OTHER PARTIES,6,8,4,0,37
Howard,3,12A,001-012,REPUBLICAN,333,322,139,23,972
Howard,3,12A,001-012,UNAFFILIATED,298,201,167,19,911
Howard,3,13,001-015,DEMOCRATIC,132,169,77,8,531
Howard,3,13,001-015,GREEN,0,0,0,0,0
Howard,3,13,001-015,LIBERTARIAN,4,3,1,0,10
Howard,3,13,001-015,NO LABELS MARYLAND,1,3,0,0,6
Howard,3,13,001-015,OTHER PARTIES,3,2,2,0,13
Howard,3,13,001-015,REPUBLICAN,42,38,15,2,138
Howard,3,13,001-015,UNAFFILIATED,73,64,40,4,285
Howard,3,12A,001-016,DEMOCRATIC,363,186,149,39,935
Howard,3,12A,001-016,GREEN,2,0,0,0,3
Howard,3,12A,001-016,LIBERTARIAN,7,2,2,1,16
Howard,3,12A,001-016,NO LABELS MARYLAND,3,1,1,0,6
Howard,3,12A,001-016,OTHER PARTIES,7,2,4,1,22
Howard,3,12A,001-016,REPUBLICAN,187,83,26,12,395
Howard,3,12A,001-016,UNAFFILIATED,197,72,61,15,551
Howard,3,12A,001-021,DEMOCRATIC,360,365,252,41,1293
Howard,3,12A,001-021,GREEN,1,1,0,0,3
Howard,3,12A,001-021,LIBERTARIAN,4,2,0,0,8
Howard,3,12A,001-021,NO LABELS MARYLAND,1,1,2,2,6
Howard,3,12A,001-021,OTHER PARTIES,5,8,2,0,29
Howard,3,12A,001-021,REPUBLICAN,76,56,46,5,257
Howard,3,12A,001-021,UNAFFILIATED,138,107,80,18,554
Howard,3,09B,002-001,DEMOCRATIC,326,297,331,49,1331
Howard,3,09B,002-001,GREEN,0,1,0,1,2
Howard,3,09B,002-001,LIBERTARIAN,5,1,0,0,9
Howard,3,09B,002-001,NO LABELS MARYLAND,1,0,1,0,2
Howard,3,09B,002-001,OTHER PARTIES,9,6,4,0,37
Howard,3,09B,002-001,REPUBLICAN,128,105,81,14,425
Howard,3,09B,002-001,UNAFFILIATED,197,134,107,17,684
Howard,3,09B,002-002,DEMOCRATIC,366,482,410,43,1557
Howard,3,09B,002-002,GREEN,0,0,3,0,11
Howard,3,09B,002-002,LIBERTARIAN,3,1,2,0,9
Howard,3,09B,002-002,NO LABELS MARYLAND,0,1,0,0,2
Howard,3,09B,002-002,OTHER PARTIES,9,8,2,0,30
Howard,3,09B,002-002,REPUBLICAN,199,242,110,14,713
Howard,3,09B,002-002,UNAFFILIATED,233,236,173,25,949
Howard,3,09B,002-003,DEMOCRATIC,320,474,367,19,1433
Howard,3,09B,002-003,GREEN,0,0,0,0,1
Howard,3,09B,002-003,LIBERTARIAN,1,5,2,0,13
Howard,3,09B,002-003,NO LABELS MARYLAND,0,0,0,0,1
Howard,3,09B,002-003,OTHER PARTIES,7,4,2,0,17
Howard,3,09B,002-003,REPUBLICAN,182,240,80,6,624
Howard,3,09B,002-003,UNAFFILIATED,211,205,135,9,800
Howard,3,12A,002-004,DEMOCRATIC,208,269,231,53,932
Howard,3,12A,002-004,GREEN,1,0,0,1,2
Howard,3,12A,002-004,LIBERTARIAN,1,1,1,0,3
Howard,3,12A,002-004,NO LABELS MARYLAND,0,0,1,0,1
Howard,3,12A,002-004,OTHER PARTIES,4,7,1,0,26
Howard,3,12A,002-004,REPUBLICAN,96,136,66,12,384
Howard,3,12A,002-004,UNAFFILIATED,139,128,73,28,520
Howard,3,09B,002-005,DEMOCRATIC,338,415,453,43,1530
Howard,3,09B,002-005,GREEN,1,0,0,1,2
Howard,3,09B,002-005,LIBERTARIAN,3,2,0,1,9
Howard,3,09B,002-005,NO LABELS MARYLAND,2,0,0,0,2
Howard,3,09B,002-005,OTHER PARTIES,8,9,1,0,20
Howard,3,09B,002-005,REPUBLICAN,246,255,104,12,721
Howard,3,09B,002-005,UNAFFILIATED,246,229,192,18,946
Howard,3,09A,002-006,DEMOCRATIC,563,489,468,34,1861
Howard,3,09A,002-006,GREEN,1,2,0,0,5
Howard,3,09A,002-006,LIBERTARIAN,5,3,2,0,17
Howard,3,09A,002-006,NO LABELS MARYLAND,1,0,2,0,6
Howard,3,09A,002-006,OTHER PARTIES,15,8,1,2,41
Howard,3,09A,002-006,REPUBLICAN,360,312,123,12,974
Howard,3,09A,002-006,UNAFFILIATED,349,187,179,25,1022
Howard,3,09A,002-007,DEMOCRATIC,378,393,427,30,1458
Howard,3,09A,002-007,GREEN,1,0,0,0,5
Howard,3,09A,002-007,LIBERTARIAN,4,4,0,1,10
Howard,3,09A,002-007,NO LABELS MARYLAND,0,0,2,0,3
Howard,3,09A,002-007,OTHER PARTIES,10,2,2,0,21
Howard,3,09A,002-007,REPUBLICAN,361,274,141,10,939
Howard,3,09A,002-007,UNAFFILIATED,274,174,155,19,848
Howard,3,09A,002-008,DEMOCRATIC,617,520,503,61,2217
Howard,3,09A,002-008,GREEN,0,0,0,2,3
Howard,3,09A,002-008,LIBERTARIAN,4,3,2,0,16
Howard,3,09A,002-008,NO LABELS MARYLAND,5,0,0,1,8
Howard,3,09A,002-008,OTHER PARTIES,15,4,5,2,49
Howard,3,09A,002-008,REPUBLICAN,282,271,143,14,904
Howard,3,09A,002-008,UNAFFILIATED,354,254,185,29,1212
Howard,3,09B,002-009,DEMOCRATIC,338,382,483,74,1825
Howard,3,09B,002-009,GREEN,1,0,0,1,3
Howard,3,09B,002-009,LIBERTARIAN,4,0,0,0,10
Howard,3,09B,002-009,NO LABELS MARYLAND,2,2,4,0,12
Howard,3,09B,002-009,OTHER PARTIES,7,5,3,1,35
Howard,3,09B,002-009,REPUBLICAN,123,169,125,15,608
Howard,3,09B,002-009,UNAFFILIATED,206,161,155,32,926
Howard,3,09B,002-010,DEMOCRATIC,213,181,193,20,739
Howard,3,09B,002-010,GREEN,0,0,0,0,1
Howard,3,09B,002-010,LIBERTARIAN,2,1,1,0,4
Howard,3,09B,002-010,NO LABELS MARYLAND,0,0,1,1,3
Howard,3,09B,002-010,OTHER PARTIES,2,6,0,0,11
Howard,3,09B,002-010,REPUBLICAN,129,59,47,11,298
Howard,3,09B,002-010,UNAFFILIATED,177,105,91,15,532
Howard,3,09A,002-011,DEMOCRATIC,535,454,636,47,2049
Howard,3,09A,002-011,GREEN,2,0,0,0,5
Howard,3,09A,002-011,LIBERTARIAN,3,2,1,1,15
Howard,3,09A,002-011,NO LABELS MARYLAND,1,0,0,0,3
Howard,3,09A,002-011,OTHER PARTIES,12,4,5,1,30
Howard,3,09A,002-011,REPUBLICAN,416,341,177,24,1215
Howard,3,09A,002-011,UNAFFILIATED,382,260,221,27,1318
Howard,3,09B,002-012,DEMOCRATIC,318,409,455,34,1481
Howard,3,09B,002-012,GREEN,0,1,0,0,1
Howard,3,09B,002-012,LIBERTARIAN,4,2,1,0,10
Howard,3,09B,002-012,NO LABELS MARYLAND,0,0,3,0,4
Howard,3,09B,002-012,OTHER PARTIES,4,4,4,1,20
Howard,3,09B,002-012,REPUBLICAN,181,243,139,16,701
Howard,3,09B,002-012,UNAFFILIATED,224,160,133,16,749
Howard,3,09B,002-013,DEMOCRATIC,361,419,433,21,1410
Howard,3,09B,002-013,GREEN,0,0,0,0,0
Howard,3,09B,002-013,LIBERTARIAN,3,1,3,0,11
Howard,3,09B,002-013,NO LABELS MARYLAND,1,0,0,0,2
Howard,3,09B,002-013,OTHER PARTIES,6,9,3,0,21
Howard,3,09B,002-013,REPUBLICAN,160,157,79,12,488
Howard,3,09B,002-013,UNAFFILIATED,162,123,119,15,586
Howard,3,09B,002-016,DEMOCRATIC,588,594,687,35,2258
Howard,3,09B,002-016,GREEN,1,1,0,0,6
Howard,3,09B,002-016,LIBERTARIAN,6,3,2,1,19
Howard,3,09B,002-016,NO LABELS MARYLAND,0,0,0,0,0
Howard,3,09B,002-016,OTHER PARTIES,8,10,6,0,38
Howard,3,09B,002-016,REPUBLICAN,320,336,204,21,1026
Howard,3,09B,002-016,UNAFFILIATED,370,272,202,21,1138
Howard,3,09B,002-017,DEMOCRATIC,285,240,286,17,1010
Howard,3,09B,002-017,GREEN,0,0,1,0,2
Howard,3,09B,002-017,LIBERTARIAN,2,1,1,0,5
Howard,3,09B,002-017,NO LABELS MARYLAND,0,0,0,0,0
Howard,3,09B,002-017,OTHER PARTIES,1,2,2,0,10
Howard,3,09B,002-017,REPUBLICAN,145,117,61,3,408
Howard,3,09B,002-017,UNAFFILIATED,173,117,124,13,560
Howard,3,12A,002-022,DEMOCRATIC,104,121,137,16,484
Howard,3,12A,002-022,GREEN,0,0,0,0,0
Howard,3,12A,002-022,LIBERTARIAN,2,2,1,0,6
Howard,3,12A,002-022,NO LABELS MARYLAND,1,0,0,0,1
Howard,3,12A,002-022,OTHER PARTIES,2,0,1,0,10
Howard,3,12A,002-022,REPUBLICAN,40,47,29,5,165
Howard,3,12A,002-022,UNAFFILIATED,48,43,33,8,218
Howard,3,09A,002-026,DEMOCRATIC,180,151,157,12,666
Howard,3,09A,002-026,GREEN,0,0,1,0,3
Howard,3,09A,002-026,LIBERTARIAN,0,0,2,0,4
Howard,3,09A,002-026,NO LABELS MARYLAND,0,0,0,0,1
Howard,3,09A,002-026,OTHER PARTIES,5,1,2,0,10
Howard,3,09A,002-026,REPUBLICAN,88,77,47,1,266
Howard,3,09A,002-026,UNAFFILIATED,163,69,101,12,490
Howard,3,09A,003-001,DEMOCRATIC,616,671,766,52,2593
Howard,3,09A,003-001,GREEN,0,0,1,0,2
Howard,3,09A,003-001,LIBERTARIAN,8,8,6,0,31
Howard,3,09A,003-001,NO LABELS MARYLAND,3,0,0,1,8
Howard,3,09A,003-001,OTHER PARTIES,16,9,6,0,40
Howard,3,09A,003-001,REPUBLICAN,656,626,365,26,2022
Howard,3,09A,003-001,UNAFFILIATED,487,356,340,30,1687
Howard,3,09A,003-002,DEMOCRATIC,301,352,436,28,1326
Howard,3,09A,003-002,GREEN,0,0,1,0,5
Howard,3,09A,003-002,LIBERTARIAN,3,4,2,2,15
Howard,3,09A,003-002,NO LABELS MARYLAND,1,0,2,0,4
Howard,3,09A,003-002,OTHER PARTIES,5,9,4,0,30
Howard,3,09A,003-002,REPUBLICAN,442,400,220,9,1288
Howard,3,09A,003-002,UNAFFILIATED,299,180,159,16,870
Howard,3,09B,003-004,DEMOCRATIC,29,26,38,0,114
Howard,3,09B,003-004,GREEN,0,0,0,0,0
Howard,3,09B,003-004,LIBERTARIAN,0,1,0,0,1
Howard,3,09B,003-004,NO LABELS MARYLAND,0,0,0,0,0
Howard,3,09B,003-004,OTHER PARTIES,0,0,0,0,0
Howard,3,09B,003-004,REPUBLICAN,18,13,18,0,75
Howard,3,09B,003-004,UNAFFILIATED,33,21,21,4,92
Howard,3,09A,003-005,DEMOCRATIC,465,425,635,34,1968
Howard,3,09A,003-005,GREEN,0,1,0,0,5
Howard,3,09A,003-005,LIBERTARIAN,6,2,2,0,16
Howard,3,09A,003-005,NO LABELS MARYLAND,1,0,3,1,5
Howard,3,09A,003-005,OTHER PARTIES,5,3,7,3,36
Howard,3,09A,003-005,REPUBLICAN,415,353,201,16,1244
Howard,3,09A,003-005,UNAFFILIATED,394,273,266,28,1410
Howard,3,09A,004-001,DEMOCRATIC,323,197,240,11,927
Howard,3,09A,004-001,GREEN,0,0,0,0,0
Howard,3,09A,004-001,LIBERTARIAN,8,3,2,1,16
Howard,3,09A,004-001,NO LABELS MARYLAND,3,2,0,0,6
Howard,3,09A,004-001,OTHER PARTIES,13,6,4,0,30
Howard,3,09A,004-001,REPUBLICAN,669,472,164,23,1518
Howard,3,09A,004-001,UNAFFILIATED,287,142,100,14,734
Howard,3,09A,004-002,DEMOCRATIC,362,433,449,40,1552
Howard,3,09A,004-002,GREEN,0,0,0,1,1
Howard,3,09A,004-002,LIBERTARIAN,5,3,3,1,14
Howard,3,09A,004-002,NO LABELS MARYLAND,0,0,1,0,2
Howard,3,09A,004-002,OTHER PARTIES,6,8,3,0,30
Howard,3,09A,004-002,REPUBLICAN,527,603,204,25,1628
Howard,3,09A,004-002,UNAFFILIATED,343,284,197,18,1126
Howard,3,09A,004-003,DEMOCRATIC,339,351,389,32,1382
Howard,3,09A,004-003,GREEN,2,1,0,0,5
Howard,3,09A,004-003,LIBERTARIAN,6,7,1,1,22
Howard,3,09A,004-003,NO LABELS MARYLAND,1,0,1,0,2
Howard,3,09A,004-003,OTHER PARTIES,11,13,4,1,45
Howard,3,09A,004-003,REPUBLICAN,785,738,217,36,2113
Howard,3,09A,004-003,UNAFFILIATED,365,285,183,13,1158
Howard,3,09A,005-001,DEMOCRATIC,502,585,562,44,2117
Howard,3,09A,005-001,GREEN,1,0,0,0,1
Howard,3,09A,005-001,LIBERTARIAN,4,6,1,0,14
Howard,3,09A,005-001,NO LABELS MARYLAND,0,1,1,1,4
Howard,3,09A,005-001,OTHER PARTIES,8,10,5,0,38
Howard,3,09A,005-001,REPUBLICAN,487,414,229,21,1422
Howard,3,09A,005-001,UNAFFILIATED,440,370,364,31,1647
Howard,3,12A,005-002,DEMOCRATIC,230,347,326,29,1060
Howard,3,12A,005-002,GREEN,0,1,1,0,2
Howard,3,12A,005-002,LIBERTARIAN,1,0,0,0,1
Howard,3,12A,005-002,NO LABELS MARYLAND,1,0,0,0,2
Howard,3,12A,005-002,OTHER PARTIES,3,6,3,0,15
Howard,3,12A,005-002,REPUBLICAN,105,100,60,6,318
Howard,3,12A,005-002,UNAFFILIATED,117,95,80,15,384
Howard,3,12A,005-003,DEMOCRATIC,408,451,583,73,1879
Howard,3,12A,005-003,GREEN,2,2,1,0,8
Howard,3,12A,005-003,LIBERTARIAN,5,4,1,1,14
Howard,3,12A,005-003,NO LABELS MARYLAND,2,1,2,1,6
Howard,3,12A,005-003,OTHER PARTIES,6,7,2,4,24
Howard,3,12A,005-003,REPUBLICAN,95,64,60,22,317
Howard,3,12A,005-003,UNAFFILIATED,160,117,113,35,590
Howard,3,12A,005-004,DEMOCRATIC,819,961,831,118,3433
Howard,3,12A,005-004,GREEN,2,1,1,1,7
Howard,3,12A,005-004,LIBERTARIAN,8,6,0,1,21
Howard,3,12A,005-004,NO LABELS MARYLAND,3,2,4,0,15
Howard,3,12A,005-004,OTHER PARTIES,22,12,3,2,64
Howard,3,12A,005-004,REPUBLICAN,189,133,91,24,573
Howard,3,12A,005-004,UNAFFILIATED,378,238,185,44,1265
Howard,3,13,005-005,DEMOCRATIC,816,731,909,68,3048
Howard,3,13,005-005,GREEN,1,0,2,0,6
Howard,3,13,005-005,LIBERTARIAN,5,6,2,0,24
Howard,3,13,005-005,NO LABELS MARYLAND,3,0,0,0,4
Howard,3,13,005-005,OTHER PARTIES,12,13,9,0,51
Howard,3,13,005-005,REPUBLICAN,433,318,186,24,1184
Howard,3,13,005-005,UNAFFILIATED,502,363,364,49,1701
Howard,3,13,005-006,DEMOCRATIC,788,718,864,76,2920
Howard,3,13,005-006,GREEN,2,2,2,1,8
Howard,3,13,005-006,LIBERTARIAN,7,3,0,3,17
Howard,3,13,005-006,NO LABELS MARYLAND,1,1,3,0,7
Howard,3,13,005-006,OTHER PARTIES,9,6,2,0,30
Howard,3,13,005-006,REPUBLICAN,547,298,214,25,1311
Howard,3,13,005-006,UNAFFILIATED,573,310,335,44,1718
Howard,3,12A,005-007,DEMOCRATIC,574,705,601,79,2439
Howard,3,12A,005-007,GREEN,0,0,1,0,1
Howard,3,12A,005-007,LIBERTARIAN,2,2,4,0,14
Howard,3,12A,005-007,NO LABELS MARYLAND,0,1,2,0,5
Howard,3,12A,005-007,OTHER PARTIES,4,7,1,3,33
Howard,3,12A,005-007,REPUBLICAN,131,138,50,9,445
Howard,3,12A,005-007,UNAFFILIATED,269,223,158,48,1020
Howard,3,12A,005-009,DEMOCRATIC,515,654,459,65,2209
Howard,3,12A,005-009,GREEN,1,0,0,0,3
Howard,3,12A,005-009,LIBERTARIAN,7,2,1,1,15
Howard,3,12A,005-009,NO LABELS MARYLAND,3,2,2,1,9
Howard,3,12A,005-009,OTHER PARTIES,11,8,3,2,39
Howard,3,12A,005-009,REPUBLICAN,138,123,67,8,436
Howard,3,12A,005-009,UNAFFILIATED,211,194,126,32,895
Howard,3,09A,005-010,DEMOCRATIC,614,491,665,49,2235
Howard,3,09A,005-010,GREEN,1,1,0,0,2
Howard,3,09A,005-010,LIBERTARIAN,4,0,1,0,15
Howard,3,09A,005-010,NO LABELS MARYLAND,0,0,2,1,6
Howard,3,09A,005-010,OTHER PARTIES,10,5,3,0,22
Howard,3,09A,005-010,REPUBLICAN,336,225,168,26,945
Howard,3,09A,005-010,UNAFFILIATED,495,261,338,43,1570
Howard,3,13,005-011,DEMOCRATIC,308,176,249,24,893
Howard,3,13,005-011,GREEN,0,0,0,0,2
Howard,3,13,005-011,LIBERTARIAN,6,1,0,0,10
Howard,3,13,005-011,NO LABELS MARYLAND,0,0,0,0,1
Howard,3,13,005-011,OTHER PARTIES,7,1,1,0,14
Howard,3,13,005-011,REPUBLICAN,263,172,100,14,663
Howard,3,13,005-011,UNAFFILIATED,206,114,128,9,626
Howard,3,12A,005-012,DEMOCRATIC,709,907,749,83,3057
Howard,3,12A,005-012,GREEN,2,0,2,0,4
Howard,3,12A,005-012,LIBERTARIAN,5,6,4,0,23
Howard,3,12A,005-012,NO LABELS MARYLAND,6,0,1,1,8
Howard,3,12A,005-012,OTHER PARTIES,4,7,7,1,41
Howard,3,12A,005-012,REPUBLICAN,171,209,125,15,683
Howard,3,12A,005-012,UNAFFILIATED,276,257,211,32,1152
Howard,3,12A,005-013,DEMOCRATIC,674,694,754,82,2614
Howard,3,12A,005-013,GREEN,0,1,3,0,7
Howard,3,12A,005-013,LIBERTARIAN,5,4,2,0,16
Howard,3,12A,005-013,NO LABELS MARYLAND,1,3,1,0,8
Howard,3,12A,005-013,OTHER PARTIES,7,5,2,3,33
Howard,3,12A,005-013,REPUBLICAN,199,152,123,19,622
Howard,3,12A,005-013,UNAFFILIATED,318,221,182,29,1046
Howard,3,12A,005-016,DEMOCRATIC,306,301,256,36,1206
Howard,3,12A,005-016,GREEN,0,0,0,0,1
Howard,3,12A,005-016,LIBERTARIAN,3,0,1,0,9
Howard,3,12A,005-016,NO LABELS MARYLAND,0,1,4,0,5
Howard,3,12A,005-016,OTHER PARTIES,5,3,3,0,26
Howard,3,12A,005-016,REPUBLICAN,102,56,31,3,285
Howard,3,12A,005-016,UNAFFILIATED,124,93,93,15,506
Howard,3,13,005-019,DEMOCRATIC,267,210,270,17,919
Howard,3,13,005-019,GREEN,1,0,0,0,3
Howard,3,13,005-019,LIBERTARIAN,5,1,0,1,11
Howard,3,13,005-019,NO LABELS MARYLAND,0,0,0,0,1
Howard,3,13,005-019,OTHER PARTIES,5,3,2,0,14
Howard,3,13,005-019,REPUBLICAN,267,172,80,19,635
Howard,3,13,005-019,UNAFFILIATED,182,107,114,13,571
Howard,3,09A,005-024,DEMOCRATIC,54,28,32,2,160
Howard,3,09A,005-024,GREEN,0,0,0,0,0
Howard,3,09A,005-024,LIBERTARIAN,0,0,0,0,3
Howard,3,09A,005-024,NO LABELS MARYLAND,0,0,0,0,0
Howard,3,09A,005-024,OTHER PARTIES,1,1,0,1,4
Howard,3,09A,005-024,REPUBLICAN,45,31,26,2,134
Howard,3,09A,005-024,UNAFFILIATED,44,19,16,1,120
Howard,3,13,006-001,DEMOCRATIC,611,589,357,75,2175
Howard,3,13,006-001,GREEN,0,2,1,0,6
Howard,3,13,006-001,LIBERTARIAN,9,13,2,0,32
Howard,3,13,006-001,NO LABELS MARYLAND,2,4,0,0,6
Howard,3,13,006-001,OTHER PARTIES,15,13,6,2,61
Howard,3,13,006-001,REPUBLICAN,270,192,75,21,731
Howard,3,13,006-001,UNAFFILIATED,355,197,147,38,1113
Howard,3,13,006-002,DEMOCRATIC,800,1022,552,94,3308
Howard,3,13,006-002,GREEN,4,1,1,0,8
Howard,3,13,006-002,LIBERTARIAN,14,2,0,1,27
Howard,3,13,006-002,NO LABELS MARYLAND,3,1,1,2,14
Howard,3,13,006-002,OTHER PARTIES,14,9,4,2,61
Howard,3,13,006-002,REPUBLICAN,227,247,87,23,757
Howard,3,13,006-002,UNAFFILIATED,371,342,143,39,1425
Howard,3,13,006-003,DEMOCRATIC,359,244,350,31,1160
Howard,3,13,006-003,GREEN,2,1,2,0,7
Howard,3,13,006-003,LIBERTARIAN,3,1,2,1,12
Howard,3,13,006-003,NO LABELS MARYLAND,1,0,0,0,1
Howard,3,13,006-003,OTHER PARTIES,10,3,2,1,23
Howard,3,13,006-003,REPUBLICAN,217,137,102,10,568
Howard,3,13,006-003,UNAFFILIATED,209,91,106,21,570
Howard,3,13,006-004,DEMOCRATIC,587,555,665,40,2156
Howard,3,13,006-004,GREEN,0,0,0,0,2
Howard,3,13,006-004,LIBERTARIAN,4,2,2,0,16
Howard,3,13,006-004,NO LABELS MARYLAND,1,2,0,0,4
Howard,3,13,006-004,OTHER PARTIES,5,3,2,1,16
Howard,3,13,006-004,REPUBLICAN,296,212,125,9,755
Howard,3,13,006-004,UNAFFILIATED,310,163,168,17,851
Howard,3,13,006-005,DEMOCRATIC,888,749,678,93,3088
Howard,3,13,006-005,GREEN,1,0,0,1,4
Howard,3,13,006-005,LIBERTARIAN,8,4,4,1,24
Howard,3,13,006-005,NO LABELS MARYLAND,2,2,0,0,7
Howard,3,13,006-005,OTHER PARTIES,13,13,2,1,58
Howard,3,13,006-005,REPUBLICAN,179,138,93,15,580
Howard,3,13,006-005,UNAFFILIATED,339,196,174,39,1185
Howard,3,13,006-006,DEMOCRATIC,375,552,491,32,1704
Howard,3,13,006-006,GREEN,1,0,1,0,5
Howard,3,13,006-006,LIBERTARIAN,4,4,1,0,12
Howard,3,13,006-006,NO LABELS MARYLAND,0,1,1,1,2
Howard,3,13,006-006,OTHER PARTIES,2,4,1,0,10
Howard,3,13,006-006,REPUBLICAN,124,124,55,6,384
Howard,3,13,006-006,UNAFFILIATED,171,162,103,6,592
Howard,3,13,006-007,DEMOCRATIC,508,440,308,44,1761
Howard,3,13,006-007,GREEN,0,0,0,0,2
Howard,3,13,006-007,LIBERTARIAN,5,6,1,0,17
Howard,3,13,006-007,NO LABELS MARYLAND,0,0,1,1,5
Howard,3,13,006-007,OTHER PARTIES,11,2,5,1,34
Howard,3,13,006-007,REPUBLICAN,186,138,55,20,534
Howard,3,13,006-007,UNAFFILIATED,197,132,95,18,745
Howard,3,12A,006-011,DEMOCRATIC,16,42,33,2,111
Howard,3,12A,006-011,GREEN,0,0,0,0,0
Howard,3,12A,006-011,LIBERTARIAN,0,0,0,0,0
Howard,3,12A,006-011,NO LABELS MARYLAND,0,0,0,0,0
Howard,3,12A,006-011,OTHER PARTIES,0,0,0,0,1
Howard,3,12A,006-011,REPUBLICAN,6,17,5,0,37
Howard,3,12A,006-011,UNAFFILIATED,12,8,7,1,39
Howard,3,13,006-012,DEMOCRATIC,851,779,694,66,3108
Howard,3,13,006-012,GREEN,2,1,2,0,7
Howard,3,13,006-012,LIBERTARIAN,7,6,1,0,21
Howard,3,13,006-012,NO LABELS MARYLAND,1,2,0,0,9
Howard,3,13,006-012,OTHER PARTIES,19,11,2,1,55
Howard,3,13,006-012,REPUBLICAN,195,156,85,15,585
Howard,3,13,006-012,UNAFFILIATED,291,196,145,26,1078
Howard,3,13,006-013,DEMOCRATIC,654,611,501,71,2389
Howard,3,13,006-013,GREEN,0,1,0,1,4
Howard,3,13,006-013,LIBERTARIAN,3,2,1,1,16
Howard,3,13,006-013,NO LABELS MARYLAND,5,1,5,0,13
Howard,3,13,006-013,OTHER PARTIES,15,10,3,1,52
Howard,3,13,006-013,REPUBLICAN,179,132,69,26,549
Howard,3,13,006-013,UNAFFILIATED,268,181,152,39,980
Howard,3,12A,006-014,DEMOCRATIC,634,740,577,51,2539
Howard,3,12A,006-014,GREEN,1,0,4,0,7
Howard,3,12A,006-014,LIBERTARIAN,4,2,0,1,10
Howard,3,12A,006-014,NO LABELS MARYLAND,3,0,1,1,9
Howard,3,12A,006-014,OTHER PARTIES,8,8,5,0,47
Howard,3,12A,006-014,REPUBLICAN,172,157,70,13,532
Howard,3,12A,006-014,UNAFFILIATED,264,174,135,23,959
Howard,3,13,006-015,DEMOCRATIC,657,665,324,107,2386
Howard,3,13,006-015,GREEN,2,0,1,0,7
Howard,3,13,006-015,LIBERTARIAN,5,4,1,0,20
Howard,3,13,006-015,NO LABELS MARYLAND,2,2,2,2,13
Howard,3,13,006-015,OTHER PARTIES,10,8,4,1,46
Howard,3,13,006-015,REPUBLICAN,190,148,71,17,584
Howard,3,13,006-015,UNAFFILIATED,270,207,107,49,1034
Howard,3,13,006-020,DEMOCRATIC,855,857,837,107,3192
Howard,3,13,006-020,GREEN,1,2,0,0,6
Howard,3,13,006-020,LIBERTARIAN,5,5,6,1,30
Howard,3,13,006-020,NO LABELS MARYLAND,1,1,2,2,9
Howard,3,13,006-020,OTHER PARTIES,14,6,1,2,45
Howard,3,13,006-020,REPUBLICAN,265,209,148,18,780
Howard,3,13,006-020,UNAFFILIATED,386,266,231,39,1282
Howard,3,13,006-021,DEMOCRATIC,826,930,855,134,3344
Howard,3,13,006-021,GREEN,3,0,2,2,13
Howard,3,13,006-021,LIBERTARIAN,7,2,0,0,16
Howard,3,13,006-021,NO LABELS MARYLAND,2,0,1,0,6
Howard,3,13,006-021,OTHER PARTIES,20,5,1,3,55
Howard,3,13,006-021,REPUBLICAN,229,198,128,32,754
Howard,3,13,006-021,UNAFFILIATED,375,268,251,69,1405
Howard,3,13,006-027,DEMOCRATIC,1082,1197,846,110,4017
Howard,3,13,006-027,GREEN,2,1,1,2,11
Howard,3,13,006-027,LIBERTARIAN,2,8,3,0,30
Howard,3,13,006-027,NO LABELS MARYLAND,3,0,2,1,8
Howard,3,13,006-027,OTHER PARTIES,15,16,3,0,63
Howard,3,13,006-027,REPUBLICAN,284,259,140,21,935
Howard,3,13,006-027,UNAFFILIATED,517,450,309,52,1835
Howard,3,13,006-028,DEMOCRATIC,522,579,667,46,2186
Howard,3,13,006-028,GREEN,1,0,0,0,2
Howard,3,13,006-028,LIBERTARIAN,8,4,4,0,21
Howard,3,13,006-028,NO LABELS MARYLAND,1,1,1,2,6
Howard,3,13,006-028,OTHER PARTIES,7,6,4,0,30
Howard,3,13,006-028,REPUBLICAN,402,383,192,12,1191
Howard,3,13,006-028,UNAFFILIATED,358,283,219,25,1246
Howard,3,13,006-031,DEMOCRATIC,610,509,446,45,2005
Howard,3,13,006-031,GREEN,1,1,0,0,3
Howard,3,13,006-031,LIBERTARIAN,4,3,2,0,13
Howard,3,13,006-031,NO LABELS MARYLAND,0,0,0,0,1
Howard,3,13,006-031,OTHER PARTIES,3,11,0,0,29
Howard,3,13,006-031,REPUBLICAN,137,98,53,7,378
Howard,3,13,006-031,UNAFFILIATED,224,155,124,14,745
Howard,,,Unable to Determine,DEMOCRATIC,0,0,0,164,
Howard,,,Unable to Determine,GREEN,0,0,0,0,
Howard,,,Unable to Determine,LIBERTARIAN,0,0,0,0,
Howard,,,Unable to Determine,NO LABELS MARYLAND,0,0,0,4,
Howard,,,Unable to Determine,OTHER PARTIES,0,0,0,0,
Howard,,,Unable to Determine,REPUBLICAN,0,0,0,33,
Howard,,,Unable to Determine,UNAFFILIATED,0,0,0,58,
Kent,1,36,001-001,DEMOCRATIC,146,49,45,8,330
Kent,1,36,001-001,GREEN,0,0,0,0,3
Kent,1,36,001-001,LIBERTARIAN,4,0,1,0,8
Kent,1,36,001-001,NO LABELS MARYLAND,0,1,1,0,5
Kent,1,36,001-001,OTHER PARTIES,8,1,0,0,13
Kent,1,36,001-001,REPUBLICAN,291,102,30,17,512
Kent,1,36,001-001,UNAFFILIATED,104,20,9,10,227
Kent,1,36,001-002,DEMOCRATIC,157,81,118,5,429
Kent,1,36,001-002,GREEN,2,0,0,0,2
Kent,1,36,001-002,LIBERTARIAN,4,0,1,0,7
Kent,1,36,001-002,NO LABELS MARYLAND,0,0,0,3,3
Kent,1,36,001-002,OTHER PARTIES,7,2,3,0,15
Kent,1,36,001-002,REPUBLICAN,389,152,79,7,727
Kent,1,36,001-002,UNAFFILIATED,132,47,56,3,332
Kent,1,36,002-001,DEMOCRATIC,122,115,99,8,427
Kent,1,36,002-001,GREEN,0,0,0,0,1
Kent,1,36,002-001,LIBERTARIAN,4,2,0,0,12
Kent,1,36,002-001,NO LABELS MARYLAND,1,0,0,0,1
Kent,1,36,002-001,OTHER PARTIES,4,4,0,0,11
Kent,1,36,002-001,REPUBLICAN,309,192,62,13,647
Kent,1,36,002-001,UNAFFILIATED,79,52,28,5,259
Kent,1,36,003-001,DEMOCRATIC,181,155,131,7,624
Kent,1,36,003-001,GREEN,0,0,0,0,0
Kent,1,36,003-001,LIBERTARIAN,2,2,0,1,6
Kent,1,36,003-001,NO LABELS MARYLAND,0,0,0,0,1
Kent,1,36,003-001,OTHER PARTIES,4,3,1,0,10
Kent,1,36,003-001,REPUBLICAN,270,208,69,7,654
Kent,1,36,003-001,UNAFFILIATED,107,63,47,4,341
Kent,1,36,003-002,DEMOCRATIC,90,50,37,5,227
Kent,1,36,003-002,GREEN,0,0,0,0,0
Kent,1,36,003-002,LIBERTARIAN,1,0,1,0,2
Kent,1,36,003-002,NO LABELS MARYLAND,1,0,0,0,1
Kent,1,36,003-002,OTHER PARTIES,1,1,0,0,6
Kent,1,36,003-002,REPUBLICAN,113,22,7,5,172
Kent,1,36,003-002,UNAFFILIATED,43,12,9,2,94
Kent,1,36,004-001,DEMOCRATIC,223,390,331,40,1143
Kent,1,36,004-001,GREEN,1,1,0,0,4
Kent,1,36,004-001,LIBERTARIAN,1,1,0,0,6
Kent,1,36,004-001,NO LABELS MARYLAND,1,0,0,1,3
Kent,1,36,004-001,OTHER PARTIES,2,3,0,0,15
Kent,1,36,004-001,REPUBLICAN,140,222,108,8,598
Kent,1,36,004-001,UNAFFILIATED,112,74,72,9,406
Kent,1,36,004-002,DEMOCRATIC,142,270,169,24,808
Kent,1,36,004-002,GREEN,0,0,0,0,0
Kent,1,36,004-002,LIBERTARIAN,3,0,1,0,6
Kent,1,36,004-002,NO LABELS MARYLAND,1,0,2,0,4
Kent,1,36,004-002,OTHER PARTIES,2,5,0,0,11
Kent,1,36,004-002,REPUBLICAN,117,139,40,13,380
Kent,1,36,004-002,UNAFFILIATED,77,67,40,14,302
Kent,1,36,005-001,DEMOCRATIC,215,123,159,7,679
Kent,1,36,005-001,GREEN,0,0,0,0,0
Kent,1,36,005-001,LIBERTARIAN,5,0,0,0,11
Kent,1,36,005-001,NO LABELS MARYLAND,0,0,0,0,1
Kent,1,36,005-001,OTHER PARTIES,10,4,2,0,23
Kent,1,36,005-001,REPUBLICAN,453,166,90,13,844
Kent,1,36,005-001,UNAFFILIATED,133,58,32,5,358
Kent,1,36,006-001,DEMOCRATIC,137,136,137,6,557
Kent,1,36,006-001,GREEN,2,0,0,0,3
Kent,1,36,006-001,LIBERTARIAN,2,0,0,0,11
Kent,1,36,006-001,NO LABELS MARYLAND,0,2,0,0,2
Kent,1,36,006-001,OTHER PARTIES,2,3,2,0,15
Kent,1,36,006-001,REPUBLICAN,248,146,50,7,529
Kent,1,36,006-001,UNAFFILIATED,81,56,21,8,269
Kent,1,36,007-001,DEMOCRATIC,91,174,152,22,495
Kent,1,36,007-001,GREEN,0,0,0,0,1
Kent,1,36,007-001,LIBERTARIAN,1,1,0,0,2
Kent,1,36,007-001,NO LABELS MARYLAND,0,0,0,0,0
Kent,1,36,007-001,OTHER PARTIES,4,2,0,1,7
Kent,1,36,007-001,REPUBLICAN,88,170,41,13,348
Kent,1,36,007-001,UNAFFILIATED,52,60,23,7,176
Kent,,,Unable to Determine,DEMOCRATIC,0,0,0,6,
Kent,,,Unable to Determine,GREEN,0,0,0,0,
Kent,,,Unable to Determine,LIBERTARIAN,0,0,0,0,
Kent,,,Unable to Determine,NO LABELS MARYLAND,0,0,0,0,
Kent,,,Unable to Determine,OTHER PARTIES,0,0,0,1,
Kent,,,Unable to Determine,REPUBLICAN,0,0,0,11,
Kent,,,Unable to Determine,UNAFFILIATED,0,0,0,9,
Montgomery,8,14,001-001,DEMOCRATIC,259,180,246,28,854
Montgomery,8,14,001-001,GREEN,0,0,0,0,1
Montgomery,8,14,001-001,LIBERTARIAN,3,2,1,1,13
Montgomery,8,14,001-001,NO LABELS MARYLAND,2,0,2,0,4
Montgomery,8,14,001-001,OTHER PARTIES,1,2,3,0,13
Montgomery,8,14,001-001,REPUBLICAN,226,256,91,16,690
Montgomery,8,14,001-001,UNAFFILIATED,148,96,69,13,470
Montgomery,8,14,001-002,DEMOCRATIC,269,262,362,32,1106
Montgomery,8,14,001-002,GREEN,2,0,0,0,3
Montgomery,8,14,001-002,LIBERTARIAN,1,0,2,1,10
Montgomery,8,14,001-002,NO LABELS MARYLAND,1,0,2,0,4
Montgomery,8,14,001-002,OTHER PARTIES,11,4,2,0,22
Montgomery,8,14,001-002,REPUBLICAN,214,205,136,26,710
Montgomery,8,14,001-002,UNAFFILIATED,160,125,144,22,624
Montgomery,8,39,001-003,DEMOCRATIC,565,543,597,60,2340
Montgomery,8,39,001-003,GREEN,3,0,0,0,3
Montgomery,8,39,001-003,LIBERTARIAN,6,4,1,1,15
Montgomery,8,39,001-003,NO LABELS MARYLAND,2,0,0,1,9
Montgomery,8,39,001-003,OTHER PARTIES,12,5,1,0,38
Montgomery,8,39,001-003,REPUBLICAN,200,154,82,17,564
Montgomery,8,39,001-003,UNAFFILIATED,264,165,175,44,1009
Montgomery,8,39,001-004,DEMOCRATIC,380,217,208,34,1157
Montgomery,8,39,001-004,GREEN,0,1,0,1,3
Montgomery,8,39,001-004,LIBERTARIAN,1,0,1,0,6
Montgomery,8,39,001-004,NO LABELS MARYLAND,1,0,0,0,5
Montgomery,8,39,001-004,OTHER PARTIES,8,0,2,0,22
Montgomery,8,39,001-004,REPUBLICAN,154,52,48,11,350
Montgomery,8,39,001-004,UNAFFILIATED,195,58,61,22,544
Montgomery,8,19,001-005,DEMOCRATIC,201,213,272,27,895
Montgomery,8,19,001-005,GREEN,1,0,0,0,1
Montgomery,8,19,001-005,LIBERTARIAN,1,1,1,0,4
Montgomery,8,19,001-005,NO LABELS MARYLAND,0,0,2,0,2
Montgomery,8,19,001-005,OTHER PARTIES,3,5,2,0,18
Montgomery,8,19,001-005,REPUBLICAN,138,132,102,14,481
Montgomery,8,19,001-005,UNAFFILIATED,140,103,92,13,509
Montgomery,8,39,001-006,DEMOCRATIC,261,205,263,30,959
Montgomery,8,39,001-006,GREEN,2,1,0,0,6
Montgomery,8,39,001-006,LIBERTARIAN,3,2,0,0,11
Montgomery,8,39,001-006,NO LABELS MARYLAND,0,0,0,0,2
Montgomery,8,39,001-006,OTHER PARTIES,5,4,2,0,14
Montgomery,8,39,001-006,REPUBLICAN,137,86,53,11,364
Montgomery,8,39,001-006,UNAFFILIATED,108,92,72,15,447
Montgomery,8,14,001-007,DEMOCRATIC,44,76,75,23,253
Montgomery,8,14,001-007,GREEN,0,0,0,0,0
Montgomery,8,14,001-007,LIBERTARIAN,3,0,0,0,3
Montgomery,8,14,001-007,NO LABELS MARYLAND,1,0,0,0,1
Montgomery,8,14,001-007,OTHER PARTIES,2,1,1,1,4
Montgomery,8,14,001-007,REPUBLICAN,77,94,24,12,237
Montgomery,8,14,001-007,UNAFFILIATED,51,45,30,10,191
Montgomery,8,14,001-008,DEMOCRATIC,119,102,135,6,453
Montgomery,8,14,001-008,GREEN,0,0,0,0,0
Montgomery,8,14,001-008,LIBERTARIAN,2,2,0,0,5
Montgomery,8,14,001-008,NO LABELS MARYLAND,0,0,1,0,1
Montgomery,8,14,001-008,OTHER PARTIES,0,3,0,0,7
Montgomery,8,14,001-008,REPUBLICAN,88,97,44,3,295
Montgomery,8,14,001-008,UNAFFILIATED,57,45,51,7,252
Montgomery,6,39,002-001,DEMOCRATIC,659,699,635,86,2776
Montgomery,6,39,002-001,GREEN,3,1,0,1,7
Montgomery,6,39,002-001,LIBERTARIAN,9,1,1,0,18
Montgomery,6,39,002-001,NO LABELS MARYLAND,1,0,4,1,9
Montgomery,6,39,002-001,OTHER PARTIES,14,11,5,2,59
Montgomery,6,39,002-001,REPUBLICAN,219,211,136,18,768
Montgomery,6,39,002-001,UNAFFILIATED,367,310,279,55,1556
Montgomery,6,15,002-002,DEMOCRATIC,516,727,493,107,2329
Montgomery,6,15,002-002,GREEN,1,0,1,1,4
Montgomery,6,15,002-002,LIBERTARIAN,7,3,1,1,16
Montgomery,6,15,002-002,NO LABELS MARYLAND,1,1,5,0,12
Montgomery,6,15,002-002,OTHER PARTIES,5,11,1,1,34
Montgomery,6,15,002-002,REPUBLICAN,134,232,73,19,594
Montgomery,6,15,002-002,UNAFFILIATED,295,275,191,38,1182
Montgomery,6,15,002-003,DEMOCRATIC,716,613,534,146,2673
Montgomery,6,15,002-003,GREEN,0,0,0,0,6
Montgomery,6,15,002-003,LIBERTARIAN,9,5,1,4,24
Montgomery,6,15,002-003,NO LABELS MARYLAND,0,1,5,1,8
Montgomery,6,15,002-003,OTHER PARTIES,16,6,0,2,55
Montgomery,6,15,002-003,REPUBLICAN,176,127,74,25,577
Montgomery,6,15,002-003,UNAFFILIATED,320,232,160,70,1245
Montgomery,6,15,002-004,DEMOCRATIC,630,684,604,88,2658
Montgomery,6,15,002-004,GREEN,0,1,0,1,2
Montgomery,6,15,002-004,LIBERTARIAN,3,2,4,0,20
Montgomery,6,15,002-004,NO LABELS MARYLAND,1,1,0,2,8
Montgomery,6,15,002-004,OTHER PARTIES,15,13,9,1,70
Montgomery,6,15,002-004,REPUBLICAN,193,164,69,21,605
Montgomery,6,15,002-004,UNAFFILIATED,347,237,214,46,1325
Montgomery,6,15,002-005,DEMOCRATIC,512,429,514,73,1931
Montgomery,6,15,002-005,GREEN,2,1,0,0,7
Montgomery,6,15,002-005,LIBERTARIAN,10,1,3,1,26
Montgomery,6,15,002-005,NO LABELS MARYLAND,2,1,1,0,7
Montgomery,6,15,002-005,OTHER PARTIES,2,7,3,0,29
Montgomery,6,15,002-005,REPUBLICAN,169,150,97,13,558
Montgomery,6,15,002-005,UNAFFILIATED,219,177,146,25,869
Montgomery,6,39,002-006,DEMOCRATIC,639,502,506,93,2233
Montgomery,6,39,002-006,GREEN,0,2,0,0,3
Montgomery,6,39,002-006,LIBERTARIAN,3,2,3,0,11
Montgomery,6,39,002-006,NO LABELS MARYLAND,2,1,2,1,6
Montgomery,6,39,002-006,OTHER PARTIES,5,10,5,3,36
Montgomery,6,39,002-006,REPUBLICAN,141,153,116,19,547
Montgomery,6,39,002-006,UNAFFILIATED,397,260,212,44,1312
Montgomery,6,09A,002-007,DEMOCRATIC,134,164,187,27,677
Montgomery,6,09A,002-007,GREEN,0,0,0,0,0
Montgomery,6,09A,002-007,LIBERTARIAN,2,1,0,1,7
Montgomery,6,09A,002-007,NO LABELS MARYLAND,0,0,0,0,0
Montgomery,6,09A,002-007,OTHER PARTIES,2,1,2,0,8
Montgomery,6,09A,002-007,REPUBLICAN,88,105,53,24,337
Montgomery,6,09A,002-007,UNAFFILIATED,95,79,66,23,380
Montgomery,6,15,002-008,DEMOCRATIC,920,790,672,105,3232
Montgomery,6,15,002-008,GREEN,0,2,1,0,6
Montgomery,6,15,002-008,LIBERTARIAN,10,3,4,3,28
Montgomery,6,15,002-008,NO LABELS MARYLAND,3,2,1,0,13
Montgomery,6,15,002-008,OTHER PARTIES,22,9,3,1,67
Montgomery,6,15,002-008,REPUBLICAN,257,202,153,44,850
Montgomery,6,15,002-008,UNAFFILIATED,496,331,290,81,1832
Montgomery,6,09A,002-010,DEMOCRATIC,424,311,277,49,1361
Montgomery,6,09A,002-010,GREEN,1,1,0,0,4
Montgomery,6,09A,002-010,LIBERTARIAN,3,2,1,0,9
Montgomery,6,09A,002-010,NO LABELS MARYLAND,1,1,1,1,4
Montgomery,6,09A,002-010,OTHER PARTIES,9,3,3,2,29
Montgomery,6,09A,002-010,REPUBLICAN,181,122,74,17,516
Montgomery,6,09A,002-010,UNAFFILIATED,259,125,110,20,788
Montgomery,6,15,002-011,DEMOCRATIC,630,503,410,62,2100
Montgomery,6,15,002-011,GREEN,0,0,1,0,3
Montgomery,6,15,002-011,LIBERTARIAN,1,3,0,1,9
Montgomery,6,15,002-011,NO LABELS MARYLAND,0,2,5,0,6
Montgomery,6,15,002-011,OTHER PARTIES,11,7,7,0,42
Montgomery,6,15,002-011,REPUBLICAN,214,154,119,14,675
Montgomery,6,15,002-011,UNAFFILIATED,384,202,219,39,1285
Montgomery,6,14,002-012,DEMOCRATIC,209,243,162,24,830
Montgomery,6,14,002-012,GREEN,2,1,0,0,5
Montgomery,6,14,002-012,LIBERTARIAN,0,1,0,0,3
Montgomery,6,14,002-012,NO LABELS MARYLAND,0,1,1,0,3
Montgomery,6,14,002-012,OTHER PARTIES,5,5,1,1,20
Montgomery,6,14,002-012,REPUBLICAN,75,94,41,4,273
Montgomery,6,14,002-012,UNAFFILIATED,150,119,94,16,575
Montgomery,6,15,003-001,DEMOCRATIC,492,183,401,42,1316
Montgomery,6,15,003-001,GREEN,1,0,2,0,3
Montgomery,6,15,003-001,LIBERTARIAN,5,4,3,1,19
Montgomery,6,15,003-001,NO LABELS MARYLAND,0,0,2,1,4
Montgomery,6,15,003-001,OTHER PARTIES,11,5,5,0,25
Montgomery,6,15,003-001,REPUBLICAN,399,181,114,20,873
Montgomery,6,15,003-001,UNAFFILIATED,360,98,184,18,889
Montgomery,6,15,003-002,DEMOCRATIC,403,114,331,32,1048
Montgomery,6,15,003-002,GREEN,1,1,0,0,3
Montgomery,6,15,003-002,LIBERTARIAN,5,1,1,0,11
Montgomery,6,15,003-002,NO LABELS MARYLAND,1,0,1,0,2
Montgomery,6,15,003-002,OTHER PARTIES,8,2,6,0,23
Montgomery,6,15,003-002,REPUBLICAN,377,117,108,11,735
Montgomery,6,15,003-002,UNAFFILIATED,299,75,104,15,688
Montgomery,8,17,004-001,DEMOCRATIC,543,491,612,91,2287
Montgomery,8,17,004-001,GREEN,1,2,0,0,8
Montgomery,8,17,004-001,LIBERTARIAN,4,7,2,1,20
Montgomery,8,17,004-001,NO LABELS MARYLAND,0,0,9,0,8
Montgomery,8,17,004-001,OTHER PARTIES,13,2,5,0,37
Montgomery,8,17,004-001,REPUBLICAN,127,117,67,25,471
Montgomery,8,17,004-001,UNAFFILIATED,229,149,156,41,992
Montgomery,8,17,004-002,DEMOCRATIC,427,524,806,88,2194
Montgomery,8,17,004-002,GREEN,1,1,0,0,4
Montgomery,8,17,004-002,LIBERTARIAN,6,2,2,0,14
Montgomery,8,17,004-002,NO LABELS MARYLAND,2,1,1,0,7
Montgomery,8,17,004-002,OTHER PARTIES,6,3,5,1,22
Montgomery,8,17,004-002,REPUBLICAN,125,102,101,9,459
Montgomery,8,17,004-002,UNAFFILIATED,192,187,221,47,903
Montgomery,8,17,004-003,DEMOCRATIC,464,615,1194,119,2798
Montgomery,8,17,004-003,GREEN,0,1,2,1,8
Montgomery,8,17,004-003,LIBERTARIAN,4,2,2,1,17
Montgomery,8,17,004-003,NO LABELS MARYLAND,2,0,1,1,4
Montgomery,8,17,004-003,OTHER PARTIES,7,5,10,5,41
Montgomery,8,17,004-003,REPUBLICAN,152,129,133,26,573
Montgomery,8,17,004-003,UNAFFILIATED,241,209,331,77,1167
Montgomery,8,18,004-004,DEMOCRATIC,355,245,442,59,1269
Montgomery,8,18,004-004,GREEN,1,0,1,0,5
Montgomery,8,18,004-004,LIBERTARIAN,0,1,0,0,4
Montgomery,8,18,004-004,NO LABELS MARYLAND,1,0,2,0,5
Montgomery,8,18,004-004,OTHER PARTIES,4,4,1,0,16
Montgomery,8,18,004-004,REPUBLICAN,85,46,41,14,234
Montgomery,8,18,004-004,UNAFFILIATED,139,91,141,31,531
Montgomery,8,17,004-005,DEMOCRATIC,367,353,503,73,1620
Montgomery,8,17,004-005,GREEN,0,1,0,0,3
Montgomery,8,17,004-005,LIBERTARIAN,3,0,1,0,8
Montgomery,8,17,004-005,NO LABELS MARYLAND,0,0,2,1,4
Montgomery,8,17,004-005,OTHER PARTIES,8,5,2,0,23
Montgomery,8,17,004-005,REPUBLICAN,117,106,77,21,416
Montgomery,8,17,004-005,UNAFFILIATED,214,153,122,36,830
Montgomery,8,17,004-006,DEMOCRATIC,369,289,362,32,1350
Montgomery,8,17,004-006,GREEN,1,2,1,0,5
Montgomery,8,17,004-006,LIBERTARIAN,3,2,3,0,14
Montgomery,8,17,004-006,NO LABELS MARYLAND,0,0,0,0,0
Montgomery,8,17,004-006,OTHER PARTIES,10,6,0,0,22
Montgomery,8,17,004-006,REPUBLICAN,115,107,55,10,396
Montgomery,8,17,004-006,UNAFFILIATED,176,103,98,18,593
Montgomery,8,17,004-007,DEMOCRATIC,524,345,519,93,1803
Montgomery,8,17,004-007,GREEN,1,1,0,3,7
Montgomery,8,17,004-007,LIBERTARIAN,2,2,2,2,11
Montgomery,8,17,004-007,NO LABELS MARYLAND,2,1,2,0,6
Montgomery,8,17,004-007,OTHER PARTIES,10,1,3,1,25
Montgomery,8,17,004-007,REPUBLICAN,118,83,80,16,367
Montgomery,8,17,004-007,UNAFFILIATED,230,108,159,46,784
Montgomery,8,18,004-008,DEMOCRATIC,641,566,1127,113,2800
Montgomery,8,18,004-008,GREEN,1,0,2,0,6
Montgomery,8,18,004-008,LIBERTARIAN,4,1,4,1,14
Montgomery,8,18,004-008,NO LABELS MARYLAND,1,0,1,0,6
Montgomery,8,18,004-008,OTHER PARTIES,4,10,7,3,46
Montgomery,8,18,004-008,REPUBLICAN,126,122,126,26,521
Montgomery,8,18,004-008,UNAFFILIATED,245,211,323,55,1133
Montgomery,8,17,004-009,DEMOCRATIC,287,202,290,41,948
Montgomery,8,17,004-009,GREEN,1,0,0,0,4
Montgomery,8,17,004-009,LIBERTARIAN,3,0,1,0,10
Montgomery,8,17,004-009,NO LABELS MARYLAND,0,0,2,0,4
Montgomery,8,17,004-009,OTHER PARTIES,9,1,1,0,22
Montgomery,8,17,004-009,REPUBLICAN,64,51,35,7,207
Montgomery,8,17,004-009,UNAFFILIATED,100,54,73,14,359
Montgomery,8,16,004-010,DEMOCRATIC,313,316,620,65,1525
Montgomery,8,16,004-010,GREEN,1,0,2,1,3
Montgomery,8,16,004-010,LIBERTARIAN,3,2,1,0,8
Montgomery,8,16,004-010,NO LABELS MARYLAND,1,0,2,0,3
Montgomery,8,16,004-010,OTHER PARTIES,4,5,2,4,21
Montgomery,8,16,004-010,REPUBLICAN,85,104,72,14,340
Montgomery,8,16,004-010,UNAFFILIATED,151,134,155,39,660
Montgomery,8,16,004-011,DEMOCRATIC,53,111,220,16,481
Montgomery,8,16,004-011,GREEN,0,0,0,0,0
Montgomery,8,16,004-011,LIBERTARIAN,0,0,1,0,2
Montgomery,8,16,004-011,NO LABELS MARYLAND,0,1,0,0,1
Montgomery,8,16,004-011,OTHER PARTIES,0,1,2,0,3
Montgomery,8,16,004-011,REPUBLICAN,22,43,36,8,128
Montgomery,8,16,004-011,UNAFFILIATED,19,32,50,6,165
Montgomery,8,15,004-012,DEMOCRATIC,490,494,633,54,1982
Montgomery,8,15,004-012,GREEN,2,0,2,0,4
Montgomery,8,15,004-012,LIBERTARIAN,1,1,0,0,8
Montgomery,8,15,004-012,NO LABELS MARYLAND,0,0,2,0,2
Montgomery,8,15,004-012,OTHER PARTIES,7,3,2,0,24
Montgomery,8,15,004-012,REPUBLICAN,159,141,123,7,552
Montgomery,8,15,004-012,UNAFFILIATED,259,181,195,31,1016
Montgomery,8,16,004-013,DEMOCRATIC,370,292,491,24,1319
Montgomery,8,16,004-013,GREEN,0,0,0,0,2
Montgomery,8,16,004-013,LIBERTARIAN,3,2,0,0,7
Montgomery,8,16,004-013,NO LABELS MARYLAND,0,1,0,0,2
Montgomery,8,16,004-013,OTHER PARTIES,3,2,2,1,10
Montgomery,8,16,004-013,REPUBLICAN,123,70,75,10,318
Montgomery,8,16,004-013,UNAFFILIATED,154,67,144,13,493
Montgomery,8,17,004-014,DEMOCRATIC,492,462,773,94,2254
Montgomery,8,17,004-014,GREEN,0,0,1,0,2
Montgomery,8,17,004-014,LIBERTARIAN,2,1,1,2,11
Montgomery,8,17,004-014,NO LABELS MARYLAND,2,0,2,0,7
Montgomery,8,17,004-014,OTHER PARTIES,7,4,5,3,26
Montgomery,8,17,004-014,REPUBLICAN,102,108,100,11,452
Montgomery,8,17,004-014,UNAFFILIATED,244,174,269,50,1062
Montgomery,8,18,004-015,DEMOCRATIC,259,169,219,48,926
Montgomery,8,18,004-015,GREEN,1,1,0,0,4
Montgomery,8,18,004-015,LIBERTARIAN,3,2,2,2,11
Montgomery,8,18,004-015,NO LABELS MARYLAND,1,1,1,0,4
Montgomery,8,18,004-015,OTHER PARTIES,8,2,1,1,24
Montgomery,8,18,004-015,REPUBLICAN,63,41,31,9,203
Montgomery,8,18,004-015,UNAFFILIATED,120,71,94,35,474
Montgomery,8,17,004-016,DEMOCRATIC,432,480,957,83,2359
Montgomery,8,17,004-016,GREEN,2,1,2,0,9
Montgomery,8,17,004-016,LIBERTARIAN,3,3,4,1,13
Montgomery,8,17,004-016,NO LABELS MARYLAND,0,1,4,0,8
Montgomery,8,17,004-016,OTHER PARTIES,8,8,5,1,34
Montgomery,8,17,004-016,REPUBLICAN,147,171,182,18,664
Montgomery,8,17,004-016,UNAFFILIATED,319,222,286,49,1249
Montgomery,8,16,004-017,DEMOCRATIC,369,383,848,97,1953
Montgomery,8,16,004-017,GREEN,2,0,3,0,5
Montgomery,8,16,004-017,LIBERTARIAN,6,2,3,3,15
Montgomery,8,16,004-017,NO LABELS MARYLAND,4,0,2,1,6
Montgomery,8,16,004-017,OTHER PARTIES,6,8,5,1,32
Montgomery,8,16,004-017,REPUBLICAN,85,62,98,23,330
Montgomery,8,16,004-017,UNAFFILIATED,170,140,241,44,773
Montgomery,8,16,004-018,DEMOCRATIC,461,433,627,45,1910
Montgomery,8,16,004-018,GREEN,0,1,0,0,2
Montgomery,8,16,004-018,LIBERTARIAN,6,1,1,0,11
Montgomery,8,16,004-018,NO LABELS MARYLAND,1,1,1,0,3
Montgomery,8,16,004-018,OTHER PARTIES,5,6,1,0,19
Montgomery,8,16,004-018,REPUBLICAN,146,110,106,17,507
Montgomery,8,16,004-018,UNAFFILIATED,257,106,170,26,797
Montgomery,8,19,004-019,DEMOCRATIC,233,229,335,44,1083
Montgomery,8,19,004-019,GREEN,1,0,0,0,2
Montgomery,8,19,004-019,LIBERTARIAN,0,2,1,1,5
Montgomery,8,19,004-019,NO LABELS MARYLAND,0,1,4,0,6
Montgomery,8,19,004-019,OTHER PARTIES,9,4,0,0,19
Montgomery,8,19,004-019,REPUBLICAN,79,74,64,12,285
Montgomery,8,19,004-019,UNAFFILIATED,130,116,149,18,580
Montgomery,8,15,004-020,DEMOCRATIC,371,534,882,61,2191
Montgomery,8,15,004-020,GREEN,2,0,0,0,4
Montgomery,8,15,004-020,LIBERTARIAN,5,1,3,0,12
Montgomery,8,15,004-020,NO LABELS MARYLAND,0,1,0,0,2
Montgomery,8,15,004-020,OTHER PARTIES,10,6,6,2,36
Montgomery,8,15,004-020,REPUBLICAN,168,207,150,19,678
Montgomery,8,15,004-020,UNAFFILIATED,233,241,283,42,1100
Montgomery,8,17,004-021,DEMOCRATIC,329,358,665,51,1609
Montgomery,8,17,004-021,GREEN,0,0,0,0,1
Montgomery,8,17,004-021,LIBERTARIAN,3,3,1,1,13
Montgomery,8,17,004-021,NO LABELS MARYLAND,0,0,0,0,0
Montgomery,8,17,004-021,OTHER PARTIES,2,3,2,0,17
Montgomery,8,17,004-021,REPUBLICAN,96,97,93,15,378
Montgomery,8,17,004-021,UNAFFILIATED,137,145,187,25,698
Montgomery,8,15,004-023,DEMOCRATIC,110,204,211,20,734
Montgomery,8,15,004-023,GREEN,0,0,0,0,0
Montgomery,8,15,004-023,LIBERTARIAN,1,1,0,0,2
Montgomery,8,15,004-023,NO LABELS MARYLAND,0,0,2,0,4
Montgomery,8,15,004-023,OTHER PARTIES,1,2,0,0,8
Montgomery,8,15,004-023,REPUBLICAN,58,77,45,5,263
Montgomery,8,15,004-023,UNAFFILIATED,103,130,125,21,609
Montgomery,8,15,004-024,DEMOCRATIC,311,388,500,55,1629
Montgomery,8,15,004-024,GREEN,2,0,0,0,4
Montgomery,8,15,004-024,LIBERTARIAN,4,2,1,2,12
Montgomery,8,15,004-024,NO LABELS MARYLAND,1,2,2,1,6
Montgomery,8,15,004-024,OTHER PARTIES,3,7,3,2,25
Montgomery,8,15,004-024,REPUBLICAN,113,106,93,28,475
Montgomery,8,15,004-024,UNAFFILIATED,230,209,195,50,1077
Montgomery,8,17,004-025,DEMOCRATIC,263,230,401,31,1087
Montgomery,8,17,004-025,GREEN,0,0,0,0,2
Montgomery,8,17,004-025,LIBERTARIAN,3,0,1,0,5
Montgomery,8,17,004-025,NO LABELS MARYLAND,0,0,0,0,0
Montgomery,8,17,004-025,OTHER PARTIES,3,2,2,1,12
Montgomery,8,17,004-025,REPUBLICAN,66,87,64,6,284
Montgomery,8,17,004-025,UNAFFILIATED,101,76,126,10,426
Montgomery,8,18,004-026,DEMOCRATIC,359,232,367,35,1290
Montgomery,8,18,004-026,GREEN,0,0,1,0,3
Montgomery,8,18,004-026,LIBERTARIAN,1,1,0,0,4
Montgomery,8,18,004-026,NO LABELS MARYLAND,0,0,1,0,2
Montgomery,8,18,004-026,OTHER PARTIES,5,2,2,0,16
Montgomery,8,18,004-026,REPUBLICAN,131,65,63,7,368
Montgomery,8,18,004-026,UNAFFILIATED,170,77,120,19,601
Montgomery,8,18,004-027,DEMOCRATIC,96,53,73,9,345
Montgomery,8,18,004-027,GREEN,0,0,0,0,0
Montgomery,8,18,004-027,LIBERTARIAN,2,0,0,0,4
Montgomery,8,18,004-027,NO LABELS MARYLAND,0,0,0,0,1
Montgomery,8,18,004-027,OTHER PARTIES,3,3,0,0,6
Montgomery,8,18,004-027,REPUBLICAN,17,7,2,1,47
Montgomery,8,18,004-027,UNAFFILIATED,43,23,11,5,158
Montgomery,8,16,004-028,DEMOCRATIC,172,118,318,55,777
Montgomery,8,16,004-028,GREEN,0,2,0,0,2
Montgomery,8,16,004-028,LIBERTARIAN,0,2,1,0,3
Montgomery,8,16,004-028,NO LABELS MARYLAND,1,0,0,1,1
Montgomery,8,16,004-028,OTHER PARTIES,8,3,4,1,21
Montgomery,8,16,004-028,REPUBLICAN,26,18,33,11,125
Montgomery,8,16,004-028,UNAFFILIATED,89,46,64,30,301
Montgomery,8,17,004-030,DEMOCRATIC,434,435,762,81,2091
Montgomery,8,17,004-030,GREEN,2,0,0,0,2
Montgomery,8,17,004-030,LIBERTARIAN,2,5,1,1,14
Montgomery,8,17,004-030,NO LABELS MARYLAND,1,0,0,0,3
Montgomery,8,17,004-030,OTHER PARTIES,6,4,4,2,25
Montgomery,8,17,004-030,REPUBLICAN,103,86,77,23,394
Montgomery,8,17,004-030,UNAFFILIATED,246,144,243,62,1008
Montgomery,8,16,004-031,DEMOCRATIC,416,384,640,95,1761
Montgomery,8,16,004-031,GREEN,0,0,0,0,4
Montgomery,8,16,004-031,LIBERTARIAN,2,3,1,0,12
Montgomery,8,16,004-031,NO LABELS MARYLAND,0,0,2,0,5
Montgomery,8,16,004-031,OTHER PARTIES,7,5,1,0,25
Montgomery,8,16,004-031,REPUBLICAN,99,57,90,17,325
Montgomery,8,16,004-031,UNAFFILIATED,213,146,182,59,768
Montgomery,8,15,004-032,DEMOCRATIC,191,230,280,15,848
Montgomery,8,15,004-032,GREEN,0,0,1,0,2
Montgomery,8,15,004-032,LIBERTARIAN,1,0,1,0,3
Montgomery,8,15,004-032,NO LABELS MARYLAND,0,0,2,0,2
Montgomery,8,15,004-032,OTHER PARTIES,3,2,2,0,13
Montgomery,8,15,004-032,REPUBLICAN,54,78,75,7,257
Montgomery,8,15,004-032,UNAFFILIATED,76,77,96,4,388
Montgomery,8,17,004-033,DEMOCRATIC,68,99,129,19,375
Montgomery,8,17,004-033,GREEN,0,0,0,0,1
Montgomery,8,17,004-033,LIBERTARIAN,1,1,0,0,3
Montgomery,8,17,004-033,NO LABELS MARYLAND,0,0,0,1,1
Montgomery,8,17,004-033,OTHER PARTIES,1,0,2,0,4
Montgomery,8,17,004-033,REPUBLICAN,9,9,3,1,33
Montgomery,8,17,004-033,UNAFFILIATED,34,18,36,9,166
Montgomery,8,19,004-034,DEMOCRATIC,259,216,308,22,983
Montgomery,8,19,004-034,GREEN,0,1,0,1,3
Montgomery,8,19,004-034,LIBERTARIAN,2,2,2,0,11
Montgomery,8,19,004-034,NO LABELS MARYLAND,1,1,0,0,2
Montgomery,8,19,004-034,OTHER PARTIES,4,1,2,0,11
Montgomery,8,19,004-034,REPUBLICAN,145,106,67,7,409
Montgomery,8,19,004-034,UNAFFILIATED,113,82,107,12,456
Montgomery,8,18,004-038,DEMOCRATIC,15,5,10,0,46
Montgomery,8,18,004-038,GREEN,0,0,0,0,1
Montgomery,8,18,004-038,LIBERTARIAN,0,0,0,0,1
Montgomery,8,18,004-038,NO LABELS MARYLAND,0,0,0,0,0
Montgomery,8,18,004-038,OTHER PARTIES,0,0,0,0,0
Montgomery,8,18,004-038,REPUBLICAN,5,2,2,2,15
Montgomery,8,18,004-038,UNAFFILIATED,7,3,6,0,24
Montgomery,8,17,004-042,DEMOCRATIC,0,4,0,0,6
Montgomery,8,17,004-042,GREEN,0,0,0,0,0
Montgomery,8,17,004-042,LIBERTARIAN,0,0,0,0,0
Montgomery,8,17,004-042,NO LABELS MARYLAND,0,0,0,0,0
Montgomery,8,17,004-042,OTHER PARTIES,0,0,0,0,0
Montgomery,8,17,004-042,REPUBLICAN,0,1,0,0,1
Montgomery,8,17,004-042,UNAFFILIATED,2,1,0,0,3
Montgomery,8,14,005-001,DEMOCRATIC,545,577,411,34,2164
Montgomery,8,14,005-001,GREEN,1,0,0,0,2
Montgomery,8,14,005-001,LIBERTARIAN,3,2,2,0,9
Montgomery,8,14,005-001,NO LABELS MARYLAND,0,0,4,0,8
Montgomery,8,14,005-001,OTHER PARTIES,7,9,6,1,38
Montgomery,8,14,005-001,REPUBLICAN,134,169,60,12,514
Montgomery,8,14,005-001,UNAFFILIATED,223,161,110,19,833
Montgomery,4,14,005-002,DEMOCRATIC,542,653,361,115,2217
Montgomery,4,14,005-002,GREEN,1,1,1,0,7
Montgomery,4,14,005-002,LIBERTARIAN,2,0,0,0,8
Montgomery,4,14,005-002,NO LABELS MARYLAND,4,4,2,0,14
Montgomery,4,14,005-002,OTHER PARTIES,9,4,3,2,43
Montgomery,4,14,005-002,REPUBLICAN,64,50,20,13,198
Montgomery,4,14,005-002,UNAFFILIATED,182,137,80,39,765
Montgomery,8,20,005-003,DEMOCRATIC,653,640,597,93,2661
Montgomery,8,20,005-003,GREEN,3,0,0,0,4
Montgomery,8,20,005-003,LIBERTARIAN,2,1,3,1,13
Montgomery,8,20,005-003,NO LABELS MARYLAND,0,1,4,1,7
Montgomery,8,20,005-003,OTHER PARTIES,9,6,2,1,48
Montgomery,8,20,005-003,REPUBLICAN,132,89,56,27,453
Montgomery,8,20,005-003,UNAFFILIATED,240,135,145,26,970
Montgomery,8,14,005-004,DEMOCRATIC,348,184,531,62,1378
Montgomery,8,14,005-004,GREEN,0,0,0,0,0
Montgomery,8,14,005-004,LIBERTARIAN,0,0,0,0,1
Montgomery,8,14,005-004,NO LABELS MARYLAND,0,1,0,0,2
Montgomery,8,14,005-004,OTHER PARTIES,7,3,7,2,31
Montgomery,8,14,005-004,REPUBLICAN,68,29,60,9,211
Montgomery,8,14,005-004,UNAFFILIATED,75,41,84,20,333
Montgomery,8,20,005-005,DEMOCRATIC,337,435,390,51,1488
Montgomery,8,20,005-005,GREEN,0,0,1,0,3
Montgomery,8,20,005-005,LIBERTARIAN,2,0,0,0,6
Montgomery,8,20,005-005,NO LABELS MARYLAND,1,1,3,0,5
Montgomery,8,20,005-005,OTHER PARTIES,12,5,3,1,35
Montgomery,8,20,005-005,REPUBLICAN,58,72,53,13,275
Montgomery,8,20,005-005,UNAFFILIATED,163,99,92,21,567
Montgomery,8,20,005-006,DEMOCRATIC,554,648,602,104,2540
Montgomery,8,20,005-006,GREEN,1,0,0,0,6
Montgomery,8,20,005-006,LIBERTARIAN,5,4,1,0,16
Montgomery,8,20,005-006,NO LABELS MARYLAND,5,1,2,0,8
Montgomery,8,20,005-006,OTHER PARTIES,11,4,6,2,51
Montgomery,8,20,005-006,REPUBLICAN,129,111,71,24,461
Montgomery,8,20,005-006,UNAFFILIATED,239,176,133,34,987
Montgomery,8,14,005-008,DEMOCRATIC,554,468,490,53,2019
Montgomery,8,14,005-008,GREEN,0,0,2,0,4
Montgomery,8,14,005-008,LIBERTARIAN,1,0,1,0,5
Montgomery,8,14,005-008,NO LABELS MARYLAND,2,1,2,1,8
Montgomery,8,14,005-008,OTHER PARTIES,9,9,2,1,31
Montgomery,8,14,005-008,REPUBLICAN,112,95,52,16,367
Montgomery,8,14,005-008,UNAFFILIATED,226,164,96,24,755
Montgomery,8,14,005-009,DEMOCRATIC,587,629,680,61,2472
Montgomery,8,14,005-009,GREEN,1,0,1,0,3
Montgomery,8,14,005-009,LIBERTARIAN,4,4,1,0,14
Montgomery,8,14,005-009,NO LABELS MARYLAND,1,1,1,0,4
Montgomery,8,14,005-009,OTHER PARTIES,8,6,4,1,27
Montgomery,8,14,005-009,REPUBLICAN,169,152,124,20,589
Montgomery,8,14,005-009,UNAFFILIATED,249,173,163,25,904
Montgomery,8,20,005-010,DEMOCRATIC,308,318,231,62,1373
Montgomery,8,20,005-010,GREEN,0,0,0,0,2
Montgomery,8,20,005-010,LIBERTARIAN,1,0,0,0,8
Montgomery,8,20,005-010,NO LABELS MARYLAND,0,0,0,0,5
Montgomery,8,20,005-010,OTHER PARTIES,4,6,2,2,26
Montgomery,8,20,005-010,REPUBLICAN,46,49,47,23,235
Montgomery,8,20,005-010,UNAFFILIATED,101,74,47,27,474
Montgomery,8,20,005-011,DEMOCRATIC,428,376,338,46,1622
Montgomery,8,20,005-011,GREEN,1,1,2,1,7
Montgomery,8,20,005-011,LIBERTARIAN,1,2,1,1,9
Montgomery,8,20,005-011,NO LABELS MARYLAND,2,1,0,1,5
Montgomery,8,20,005-011,OTHER PARTIES,9,9,1,1,31
Montgomery,8,20,005-011,REPUBLICAN,89,69,58,17,334
Montgomery,8,20,005-011,UNAFFILIATED,181,101,67,28,635
Montgomery,4,14,005-012,DEMOCRATIC,736,793,562,100,3019
Montgomery,4,14,005-012,GREEN,2,2,0,0,5
Montgomery,4,14,005-012,LIBERTARIAN,2,5,3,0,17
Montgomery,4,14,005-012,NO LABELS MARYLAND,3,2,0,1,11
Montgomery,4,14,005-012,OTHER PARTIES,9,2,4,4,52
Montgomery,4,14,005-012,REPUBLICAN,150,129,79,18,544
Montgomery,4,14,005-012,UNAFFILIATED,302,206,157,53,1200
Montgomery,8,20,005-013,DEMOCRATIC,674,804,380,231,2902
Montgomery,8,20,005-013,GREEN,0,0,0,0,3
Montgomery,8,20,005-013,LIBERTARIAN,4,0,1,1,20
Montgomery,8,20,005-013,NO LABELS MARYLAND,2,1,2,1,12
Montgomery,8,20,005-013,OTHER PARTIES,12,10,1,7,77
Montgomery,8,20,005-013,REPUBLICAN,75,84,46,36,341
Montgomery,8,20,005-013,UNAFFILIATED,218,159,108,67,1004
Montgomery,8,20,005-014,DEMOCRATIC,320,180,145,51,1037
Montgomery,8,20,005-014,GREEN,1,0,1,0,3
Montgomery,8,20,005-014,LIBERTARIAN,4,0,1,0,8
Montgomery,8,20,005-014,NO LABELS MARYLAND,0,0,3,1,4
Montgomery,8,20,005-014,OTHER PARTIES,8,4,2,0,36
Montgomery,8,20,005-014,REPUBLICAN,82,36,20,22,229
Montgomery,8,20,005-014,UNAFFILIATED,162,71,27,22,535
Montgomery,8,14,005-015,DEMOCRATIC,412,582,470,45,1975
Montgomery,8,14,005-015,GREEN,2,0,0,0,5
Montgomery,8,14,005-015,LIBERTARIAN,5,0,1,0,10
Montgomery,8,14,005-015,NO LABELS MARYLAND,0,0,3,0,8
Montgomery,8,14,005-015,OTHER PARTIES,2,7,4,1,22
Montgomery,8,14,005-015,REPUBLICAN,173,245,87,23,688
Montgomery,8,14,005-015,UNAFFILIATED,211,206,130,28,926
Montgomery,8,14,005-016,DEMOCRATIC,468,622,566,38,2052
Montgomery,8,14,005-016,GREEN,1,1,0,0,5
Montgomery,8,14,005-016,LIBERTARIAN,3,2,1,0,9
Montgomery,8,14,005-016,NO LABELS MARYLAND,1,0,4,0,5
Montgomery,8,14,005-016,OTHER PARTIES,6,3,3,0,21
Montgomery,8,14,005-016,REPUBLICAN,116,137,79,10,463
Montgomery,8,14,005-016,UNAFFILIATED,171,157,126,24,699
Montgomery,8,14,005-017,DEMOCRATIC,446,624,636,64,2411
Montgomery,8,14,005-017,GREEN,0,0,1,0,3
Montgomery,8,14,005-017,LIBERTARIAN,2,3,0,1,13
Montgomery,8,14,005-017,NO LABELS MARYLAND,1,0,2,0,4
Montgomery,8,14,005-017,OTHER PARTIES,8,4,3,2,37
Montgomery,8,14,005-017,REPUBLICAN,106,136,94,16,481
Montgomery,8,14,005-017,UNAFFILIATED,167,168,118,35,799
Montgomery,4,14,005-018,DEMOCRATIC,149,281,220,33,851
Montgomery,4,14,005-018,GREEN,1,1,0,0,3
Montgomery,4,14,005-018,LIBERTARIAN,0,0,1,0,2
Montgomery,4,14,005-018,NO LABELS MARYLAND,0,0,0,0,1
Montgomery,4,14,005-018,OTHER PARTIES,1,5,0,0,12
Montgomery,4,14,005-018,REPUBLICAN,109,133,49,10,425
Montgomery,4,14,005-018,UNAFFILIATED,93,113,68,15,435
Montgomery,4,14,005-019,DEMOCRATIC,311,676,448,60,1898
Montgomery,4,14,005-019,GREEN,0,1,0,0,2
Montgomery,4,14,005-019,LIBERTARIAN,2,4,1,0,16
Montgomery,4,14,005-019,NO LABELS MARYLAND,1,2,0,0,5
Montgomery,4,14,005-019,OTHER PARTIES,8,6,1,1,35
Montgomery,4,14,005-019,REPUBLICAN,135,223,94,14,610
Montgomery,4,14,005-019,UNAFFILIATED,196,193,123,12,808
Montgomery,4,14,005-021,DEMOCRATIC,568,789,341,149,2612
Montgomery,4,14,005-021,GREEN,0,0,1,1,3
Montgomery,4,14,005-021,LIBERTARIAN,2,5,2,0,21
Montgomery,4,14,005-021,NO LABELS MARYLAND,1,0,2,2,10
Montgomery,4,14,005-021,OTHER PARTIES,4,8,6,5,56
Montgomery,4,14,005-021,REPUBLICAN,65,47,27,18,265
Montgomery,4,14,005-021,UNAFFILIATED,181,160,84,39,889
Montgomery,8,20,005-022,DEMOCRATIC,217,239,325,30,983
Montgomery,8,20,005-022,GREEN,0,0,0,0,0
Montgomery,8,20,005-022,LIBERTARIAN,1,0,1,0,5
Montgomery,8,20,005-022,NO LABELS MARYLAND,0,1,0,0,2
Montgomery,8,20,005-022,OTHER PARTIES,6,0,5,0,16
Montgomery,8,20,005-022,REPUBLICAN,51,67,42,9,222
Montgomery,8,20,005-022,UNAFFILIATED,90,63,64,9,332
Montgomery,4,14,005-023,DEMOCRATIC,775,1303,537,298,3648
Montgomery,4,14,005-023,GREEN,1,3,1,0,9
Montgomery,4,14,005-023,LIBERTARIAN,2,3,2,3,12
Montgomery,4,14,005-023,NO LABELS MARYLAND,1,3,2,1,11
Montgomery,4,14,005-023,OTHER PARTIES,6,12,3,11,45
Montgomery,4,14,005-023,REPUBLICAN,115,135,77,63,477
Montgomery,4,14,005-023,UNAFFILIATED,270,311,148,121,1306
Montgomery,8,15,006-001,DEMOCRATIC,259,252,354,32,1074
Montgomery,8,15,006-001,GREEN,0,0,2,1,6
Montgomery,8,15,006-001,LIBERTARIAN,4,0,0,0,7
Montgomery,8,15,006-001,NO LABELS MARYLAND,0,0,2,0,3
Montgomery,8,15,006-001,OTHER PARTIES,4,2,5,0,18
Montgomery,8,15,006-001,REPUBLICAN,162,185,110,10,575
Montgomery,8,15,006-001,UNAFFILIATED,164,130,115,14,600
Montgomery,8,15,006-002,DEMOCRATIC,325,417,465,61,1705
Montgomery,8,15,006-002,GREEN,2,0,1,1,4
Montgomery,8,15,006-002,LIBERTARIAN,3,3,1,0,11
Montgomery,8,15,006-002,NO LABELS MARYLAND,1,0,0,2,3
Montgomery,8,15,006-002,OTHER PARTIES,4,6,4,0,27
Montgomery,8,15,006-002,REPUBLICAN,153,226,145,19,732
Montgomery,8,15,006-002,UNAFFILIATED,235,260,252,30,1264
Montgomery,6,39,006-003,DEMOCRATIC,314,299,407,43,1308
Montgomery,6,39,006-003,GREEN,0,0,3,0,6
Montgomery,6,39,006-003,LIBERTARIAN,5,2,0,0,9
Montgomery,6,39,006-003,NO LABELS MARYLAND,5,0,2,0,8
Montgomery,6,39,006-003,OTHER PARTIES,8,0,2,2,18
Montgomery,6,39,006-003,REPUBLICAN,159,120,85,17,482
Montgomery,6,39,006-003,UNAFFILIATED,214,125,139,13,677
Montgomery,8,15,006-004,DEMOCRATIC,276,331,443,30,1278
Montgomery,8,15,006-004,GREEN,1,0,0,1,2
Montgomery,8,15,006-004,LIBERTARIAN,3,1,0,0,8
Montgomery,8,15,006-004,NO LABELS MARYLAND,0,1,1,0,2
Montgomery,8,15,006-004,OTHER PARTIES,5,2,3,1,16
Montgomery,8,15,006-004,REPUBLICAN,79,85,60,10,291
Montgomery,8,15,006-004,UNAFFILIATED,160,126,165,25,652
Montgomery,8,15,006-005,DEMOCRATIC,501,470,605,67,1960
Montgomery,8,15,006-005,GREEN,2,0,3,1,5
Montgomery,8,15,006-005,LIBERTARIAN,4,2,2,0,13
Montgomery,8,15,006-005,NO LABELS MARYLAND,2,0,1,0,4
Montgomery,8,15,006-005,OTHER PARTIES,10,5,6,0,26
Montgomery,8,15,006-005,REPUBLICAN,233,218,117,23,719
Montgomery,8,15,006-005,UNAFFILIATED,259,175,232,51,990
Montgomery,8,15,006-006,DEMOCRATIC,296,376,460,51,1512
Montgomery,8,15,006-006,GREEN,1,0,1,1,3
Montgomery,8,15,006-006,LIBERTARIAN,2,3,2,0,10
Montgomery,8,15,006-006,NO LABELS MARYLAND,0,1,1,0,3
Montgomery,8,15,006-006,OTHER PARTIES,5,6,1,1,29
Montgomery,8,15,006-006,REPUBLICAN,139,143,100,20,508
Montgomery,8,15,006-006,UNAFFILIATED,247,224,212,44,1095
Montgomery,6,39,006-007,DEMOCRATIC,519,548,558,81,2217
Montgomery,6,39,006-007,GREEN,1,0,1,0,4
Montgomery,6,39,006-007,LIBERTARIAN,5,5,4,1,27
Montgomery,6,39,006-007,NO LABELS MARYLAND,1,0,3,0,6
Montgomery,6,39,006-007,OTHER PARTIES,9,6,5,1,38
Montgomery,6,39,006-007,REPUBLICAN,202,198,91,15,664
Montgomery,6,39,006-007,UNAFFILIATED,350,249,210,37,1368
Montgomery,8,15,006-008,DEMOCRATIC,182,301,334,100,1043
Montgomery,8,15,006-008,GREEN,1,0,0,0,3
Montgomery,8,15,006-008,LIBERTARIAN,0,1,0,2,4
Montgomery,8,15,006-008,NO LABELS MARYLAND,0,1,1,0,3
Montgomery,8,15,006-008,OTHER PARTIES,5,3,2,1,13
Montgomery,8,15,006-008,REPUBLICAN,58,96,59,30,277
Montgomery,8,15,006-008,UNAFFILIATED,132,162,118,70,638
Montgomery,8,15,006-009,DEMOCRATIC,291,349,473,38,1379
Montgomery,8,15,006-009,GREEN,0,0,2,0,7
Montgomery,8,15,006-009,LIBERTARIAN,4,0,1,0,15
Montgomery,8,15,006-009,NO LABELS MARYLAND,2,0,1,2,3
Montgomery,8,15,006-009,OTHER PARTIES,2,7,3,0,21
Montgomery,8,15,006-009,REPUBLICAN,197,256,146,25,768
Montgomery,8,15,006-009,UNAFFILIATED,222,209,221,28,969
Montgomery,6,39,006-010,DEMOCRATIC,568,481,349,66,1981
Montgomery,6,39,006-010,GREEN,0,0,0,0,1
Montgomery,6,39,006-010,LIBERTARIAN,5,1,2,0,22
Montgomery,6,39,006-010,NO LABELS MARYLAND,1,1,2,1,10
Montgomery,6,39,006-010,OTHER PARTIES,12,3,1,1,41
Montgomery,6,39,006-010,REPUBLICAN,111,94,66,12,400
Montgomery,6,39,006-010,UNAFFILIATED,243,169,114,38,939
Montgomery,6,15,006-011,DEMOCRATIC,5,9,19,23,45
Montgomery,6,15,006-011,GREEN,0,0,0,1,0
Montgomery,6,15,006-011,LIBERTARIAN,0,0,1,1,1
Montgomery,6,15,006-011,NO LABELS MARYLAND,0,0,0,0,0
Montgomery,6,15,006-011,OTHER PARTIES,0,0,0,1,0
Montgomery,6,15,006-011,REPUBLICAN,4,4,1,2,13
Montgomery,6,15,006-011,UNAFFILIATED,1,5,4,16,14
Montgomery,8,15,006-013,DEMOCRATIC,240,269,308,32,1028
Montgomery,8,15,006-013,GREEN,0,0,0,0,0
Montgomery,8,15,006-013,LIBERTARIAN,1,2,2,0,7
Montgomery,8,15,006-013,NO LABELS MARYLAND,3,0,2,0,6
Montgomery,8,15,006-013,OTHER PARTIES,5,1,3,1,16
Montgomery,8,15,006-013,REPUBLICAN,93,78,78,9,329
Montgomery,8,15,006-013,UNAFFILIATED,153,88,112,22,520
Montgomery,8,15,006-014,DEMOCRATIC,174,159,172,25,684
Montgomery,8,15,006-014,GREEN,0,1,0,0,1
Montgomery,8,15,006-014,LIBERTARIAN,0,0,4,0,7
Montgomery,8,15,006-014,NO LABELS MARYLAND,1,1,1,0,4
Montgomery,8,15,006-014,OTHER PARTIES,8,4,0,0,13
Montgomery,8,15,006-014,REPUBLICAN,55,59,26,5,193
Montgomery,8,15,006-014,UNAFFILIATED,151,96,87,15,518
Montgomery,6,15,006-015,DEMOCRATIC,507,593,530,34,2257
Montgomery,6,15,006-015,GREEN,2,0,1,0,5
Montgomery,6,15,006-015,LIBERTARIAN,6,2,0,0,14
Montgomery,6,15,006-015,NO LABELS MARYLAND,0,0,2,0,2
Montgomery,6,15,006-015,OTHER PARTIES,3,5,2,0,28
Montgomery,6,15,006-015,REPUBLICAN,178,218,118,10,708
Montgomery,6,15,006-015,UNAFFILIATED,318,348,250,30,1516
Montgomery,8,39,006-017,DEMOCRATIC,19,20,25,7,79
Montgomery,8,39,006-017,GREEN,0,0,0,0,0
Montgomery,8,39,006-017,LIBERTARIAN,0,0,0,0,1
Montgomery,8,39,006-017,NO LABELS MARYLAND,0,0,0,0,0
Montgomery,8,39,006-017,OTHER PARTIES,0,0,0,0,0
Montgomery,8,39,006-017,REPUBLICAN,10,5,2,1,25
Montgomery,8,39,006-017,UNAFFILIATED,14,10,13,1,63
Montgomery,8,18,007-001,DEMOCRATIC,244,286,357,89,1115
Montgomery,8,18,007-001,GREEN,2,0,0,1,2
Montgomery,8,18,007-001,LIBERTARIAN,3,0,1,1,5
Montgomery,8,18,007-001,NO LABELS MARYLAND,0,0,0,0,2
Montgomery,8,18,007-001,OTHER PARTIES,3,2,1,0,11
Montgomery,8,18,007-001,REPUBLICAN,42,37,46,18,184
Montgomery,8,18,007-001,UNAFFILIATED,98,62,96,50,383
Montgomery,8,18,007-002,DEMOCRATIC,323,314,512,50,1384
Montgomery,8,18,007-002,GREEN,0,0,0,0,1
Montgomery,8,18,007-002,LIBERTARIAN,1,1,2,1,5
Montgomery,8,18,007-002,NO LABELS MARYLAND,1,0,0,0,1
Montgomery,8,18,007-002,OTHER PARTIES,1,2,0,0,7
Montgomery,8,18,007-002,REPUBLICAN,137,69,80,14,365
Montgomery,8,18,007-002,UNAFFILIATED,135,65,112,16,426
Montgomery,8,16,007-003,DEMOCRATIC,448,363,797,58,1957
Montgomery,8,16,007-003,GREEN,2,1,1,0,5
Montgomery,8,16,007-003,LIBERTARIAN,2,0,1,0,8
Montgomery,8,16,007-003,NO LABELS MARYLAND,1,2,2,0,7
Montgomery,8,16,007-003,OTHER PARTIES,4,7,3,0,25
Montgomery,8,16,007-003,REPUBLICAN,112,68,84,14,353
Montgomery,8,16,007-003,UNAFFILIATED,182,105,188,40,691
Montgomery,8,16,007-004,DEMOCRATIC,644,850,1235,183,3359
Montgomery,8,16,007-004,GREEN,1,3,0,0,7
Montgomery,8,16,007-004,LIBERTARIAN,4,1,2,0,14
Montgomery,8,16,007-004,NO LABELS MARYLAND,4,1,5,0,12
Montgomery,8,16,007-004,OTHER PARTIES,7,4,3,1,31
Montgomery,8,16,007-004,REPUBLICAN,147,120,134,38,570
Montgomery,8,16,007-004,UNAFFILIATED,293,234,292,104,1149
Montgomery,8,18,007-005,DEMOCRATIC,296,400,566,41,1537
Montgomery,8,18,007-005,GREEN,1,0,0,0,1
Montgomery,8,18,007-005,LIBERTARIAN,2,1,0,0,6
Montgomery,8,18,007-005,NO LABELS MARYLAND,0,0,0,0,0
Montgomery,8,18,007-005,OTHER PARTIES,2,2,3,0,10
Montgomery,8,18,007-005,REPUBLICAN,87,64,62,8,270
Montgomery,8,18,007-005,UNAFFILIATED,107,104,120,8,451
Montgomery,8,18,007-006,DEMOCRATIC,251,560,576,49,1662
Montgomery,8,18,007-006,GREEN,0,0,0,0,3
Montgomery,8,18,007-006,LIBERTARIAN,0,1,0,0,2
Montgomery,8,18,007-006,NO LABELS MARYLAND,0,0,0,1,1
Montgomery,8,18,007-006,OTHER PARTIES,0,1,1,0,6
Montgomery,8,18,007-006,REPUBLICAN,66,91,53,9,263
Montgomery,8,18,007-006,UNAFFILIATED,114,141,115,28,511
Montgomery,8,16,007-007,DEMOCRATIC,413,269,544,35,1459
Montgomery,8,16,007-007,GREEN,1,0,0,0,2
Montgomery,8,16,007-007,LIBERTARIAN,2,3,0,0,6
Montgomery,8,16,007-007,NO LABELS MARYLAND,0,0,1,0,1
Montgomery,8,16,007-007,OTHER PARTIES,1,2,2,0,6
Montgomery,8,16,007-007,REPUBLICAN,76,39,36,2,200
Montgomery,8,16,007-007,UNAFFILIATED,138,63,111,18,440
Montgomery,8,16,007-008,DEMOCRATIC,462,621,991,123,2478
Montgomery,8,16,007-008,GREEN,0,2,1,0,4
Montgomery,8,16,007-008,LIBERTARIAN,5,3,4,1,13
Montgomery,8,16,007-008,NO LABELS MARYLAND,2,0,3,0,8
Montgomery,8,16,007-008,OTHER PARTIES,5,5,2,1,20
Montgomery,8,16,007-008,REPUBLICAN,78,99,78,13,347
Montgomery,8,16,007-008,UNAFFILIATED,231,177,258,62,977
Montgomery,8,16,007-009,DEMOCRATIC,376,419,563,56,1675
Montgomery,8,16,007-009,GREEN,0,0,0,0,2
Montgomery,8,16,007-009,LIBERTARIAN,5,0,1,0,9
Montgomery,8,16,007-009,NO LABELS MARYLAND,2,0,1,0,3
Montgomery,8,16,007-009,OTHER PARTIES,8,0,1,2,13
Montgomery,8,16,007-009,REPUBLICAN,87,76,53,21,297
Montgomery,8,16,007-009,UNAFFILIATED,180,92,126,36,611
Montgomery,8,16,007-010,DEMOCRATIC,434,390,814,102,2005
Montgomery,8,16,007-010,GREEN,2,0,1,0,4
Montgomery,8,16,007-010,LIBERTARIAN,2,1,3,0,8
Montgomery,8,16,007-010,NO LABELS MARYLAND,0,0,0,1,1
Montgomery,8,16,007-010,OTHER PARTIES,3,5,4,1,17
Montgomery,8,16,007-010,REPUBLICAN,122,71,107,18,410
Montgomery,8,16,007-010,UNAFFILIATED,214,115,213,38,753
Montgomery,8,16,007-011,DEMOCRATIC,493,475,850,75,2234
Montgomery,8,16,007-011,GREEN,0,0,0,0,0
Montgomery,8,16,007-011,LIBERTARIAN,3,2,1,0,8
Montgomery,8,16,007-011,NO LABELS MARYLAND,0,0,0,0,2
Montgomery,8,16,007-011,OTHER PARTIES,3,3,4,0,19
Montgomery,8,16,007-011,REPUBLICAN,78,60,75,12,297
Montgomery,8,16,007-011,UNAFFILIATED,187,120,181,31,708
Montgomery,8,16,007-012,DEMOCRATIC,420,468,715,102,1935
Montgomery,8,16,007-012,GREEN,1,0,2,0,4
Montgomery,8,16,007-012,LIBERTARIAN,3,0,3,0,7
Montgomery,8,16,007-012,NO LABELS MARYLAND,0,0,0,0,0
Montgomery,8,16,007-012,OTHER PARTIES,3,3,2,2,10
Montgomery,8,16,007-012,REPUBLICAN,82,81,74,26,299
Montgomery,8,16,007-012,UNAFFILIATED,158,130,172,38,665
Montgomery,8,16,007-013,DEMOCRATIC,415,441,739,64,1942
Montgomery,8,16,007-013,GREEN,1,1,0,1,4
Montgomery,8,16,007-013,LIBERTARIAN,2,2,3,0,12
Montgomery,8,16,007-013,NO LABELS MARYLAND,0,1,0,1,1
Montgomery,8,16,007-013,OTHER PARTIES,6,5,4,1,23
Montgomery,8,16,007-013,REPUBLICAN,160,122,128,16,526
Montgomery,8,16,007-013,UNAFFILIATED,199,128,208,32,748
Montgomery,8,16,007-015,DEMOCRATIC,453,390,904,64,2155
Montgomery,8,16,007-015,GREEN,0,0,0,0,1
Montgomery,8,16,007-015,LIBERTARIAN,2,0,0,0,7
Montgomery,8,16,007-015,NO LABELS MARYLAND,0,0,0,0,2
Montgomery,8,16,007-015,OTHER PARTIES,3,3,1,1,11
Montgomery,8,16,007-015,REPUBLICAN,138,137,148,15,582
Montgomery,8,16,007-015,UNAFFILIATED,201,152,267,39,917
Montgomery,8,18,007-016,DEMOCRATIC,429,337,513,60,1517
Montgomery,8,18,007-016,GREEN,0,0,0,0,2
Montgomery,8,18,007-016,LIBERTARIAN,2,2,1,0,6
Montgomery,8,18,007-016,NO LABELS MARYLAND,0,0,1,1,1
Montgomery,8,18,007-016,OTHER PARTIES,5,4,3,0,16
Montgomery,8,18,007-016,REPUBLICAN,87,71,50,13,288
Montgomery,8,18,007-016,UNAFFILIATED,137,105,113,36,509
Montgomery,8,16,007-018,DEMOCRATIC,518,311,697,55,1867
Montgomery,8,16,007-018,GREEN,1,1,0,0,3
Montgomery,8,16,007-018,LIBERTARIAN,2,0,2,1,6
Montgomery,8,16,007-018,NO LABELS MARYLAND,0,0,1,0,1
Montgomery,8,16,007-018,OTHER PARTIES,5,2,2,0,19
Montgomery,8,16,007-018,REPUBLICAN,100,40,56,9,261
Montgomery,8,16,007-018,UNAFFILIATED,170,76,156,16,555
Montgomery,8,16,007-019,DEMOCRATIC,648,550,1119,78,2768
Montgomery,8,16,007-019,GREEN,1,1,0,0,3
Montgomery,8,16,007-019,LIBERTARIAN,3,1,1,0,11
Montgomery,8,16,007-019,NO LABELS MARYLAND,2,0,3,0,6
Montgomery,8,16,007-019,OTHER PARTIES,5,3,1,0,10
Montgomery,8,16,007-019,REPUBLICAN,148,119,141,13,515
Montgomery,8,16,007-019,UNAFFILIATED,325,170,278,28,1072
Montgomery,8,16,007-020,DEMOCRATIC,450,291,550,53,1585
Montgomery,8,16,007-020,GREEN,0,0,0,0,4
Montgomery,8,16,007-020,LIBERTARIAN,4,3,0,0,12
Montgomery,8,16,007-020,NO LABELS MARYLAND,0,2,3,0,6
Montgomery,8,16,007-020,OTHER PARTIES,3,2,5,0,14
Montgomery,8,16,007-020,REPUBLICAN,145,62,60,20,372
Montgomery,8,16,007-020,UNAFFILIATED,237,120,152,32,728
Montgomery,8,18,007-021,DEMOCRATIC,246,224,259,22,850
Montgomery,8,18,007-021,GREEN,0,0,0,0,1
Montgomery,8,18,007-021,LIBERTARIAN,2,0,0,0,3
Montgomery,8,18,007-021,NO LABELS MARYLAND,1,0,1,0,2
Montgomery,8,18,007-021,OTHER PARTIES,1,1,0,0,2
Montgomery,8,18,007-021,REPUBLICAN,75,55,38,8,207
Montgomery,8,18,007-021,UNAFFILIATED,78,46,63,10,244
Montgomery,8,16,007-022,DEMOCRATIC,388,279,568,54,1473
Montgomery,8,16,007-022,GREEN,0,0,1,0,0
Montgomery,8,16,007-022,LIBERTARIAN,5,1,2,2,10
Montgomery,8,16,007-022,NO LABELS MARYLAND,0,1,4,0,6
Montgomery,8,16,007-022,OTHER PARTIES,3,3,0,0,11
Montgomery,8,16,007-022,REPUBLICAN,72,44,57,5,221
Montgomery,8,16,007-022,UNAFFILIATED,162,79,142,23,535
Montgomery,8,16,007-023,DEMOCRATIC,542,564,1006,80,2563
Montgomery,8,16,007-023,GREEN,0,0,0,0,1
Montgomery,8,16,007-023,LIBERTARIAN,1,0,3,1,9
Montgomery,8,16,007-023,NO LABELS MARYLAND,0,0,0,0,0
Montgomery,8,16,007-023,OTHER PARTIES,8,6,3,2,25
Montgomery,8,16,007-023,REPUBLICAN,157,121,179,15,597
Montgomery,8,16,007-023,UNAFFILIATED,257,158,305,41,1024
Montgomery,8,16,007-024,DEMOCRATIC,383,310,670,61,1602
Montgomery,8,16,007-024,GREEN,0,0,2,0,6
Montgomery,8,16,007-024,LIBERTARIAN,0,0,2,0,6
Montgomery,8,16,007-024,NO LABELS MARYLAND,0,0,0,0,3
Montgomery,8,16,007-024,OTHER PARTIES,1,1,1,1,8
Montgomery,8,16,007-024,REPUBLICAN,122,61,89,15,361
Montgomery,8,16,007-024,UNAFFILIATED,141,71,176,15,537
Montgomery,8,16,007-025,DEMOCRATIC,379,321,664,62,1682
Montgomery,8,16,007-025,GREEN,0,0,1,0,1
Montgomery,8,16,007-025,LIBERTARIAN,4,0,0,1,6
Montgomery,8,16,007-025,NO LABELS MARYLAND,1,0,2,0,4
Montgomery,8,16,007-025,OTHER PARTIES,3,5,0,0,16
Montgomery,8,16,007-025,REPUBLICAN,111,63,85,14,349
Montgomery,8,16,007-025,UNAFFILIATED,226,98,177,20,707
Montgomery,8,16,007-026,DEMOCRATIC,587,447,1136,141,2535
Montgomery,8,16,007-026,GREEN,0,0,2,1,5
Montgomery,8,16,007-026,LIBERTARIAN,4,1,1,1,10
Montgomery,8,16,007-026,NO LABELS MARYLAND,0,0,2,0,2
Montgomery,8,16,007-026,OTHER PARTIES,12,5,2,4,32
Montgomery,8,16,007-026,REPUBLICAN,90,75,122,17,367
Montgomery,8,16,007-026,UNAFFILIATED,239,116,255,53,801
Montgomery,8,16,007-027,DEMOCRATIC,327,196,439,43,1131
Montgomery,8,16,007-027,GREEN,0,0,1,0,2
Montgomery,8,16,007-027,LIBERTARIAN,2,0,0,0,2
Montgomery,8,16,007-027,NO LABELS MARYLAND,0,1,1,1,3
Montgomery,8,16,007-027,OTHER PARTIES,0,1,0,0,4
Montgomery,8,16,007-027,REPUBLICAN,84,60,66,11,263
Montgomery,8,16,007-027,UNAFFILIATED,110,91,131,18,427
Montgomery,8,16,007-028,DEMOCRATIC,238,242,433,34,1143
Montgomery,8,16,007-028,GREEN,0,0,0,0,0
Montgomery,8,16,007-028,LIBERTARIAN,1,0,0,1,5
Montgomery,8,16,007-028,NO LABELS MARYLAND,0,0,2,0,2
Montgomery,8,16,007-028,OTHER PARTIES,4,3,3,0,15
Montgomery,8,16,007-028,REPUBLICAN,85,55,57,3,280
Montgomery,8,16,007-028,UNAFFILIATED,124,89,141,15,513
Montgomery,8,16,007-031,DEMOCRATIC,267,62,182,28,636
Montgomery,8,16,007-031,GREEN,1,0,1,0,2
Montgomery,8,16,007-031,LIBERTARIAN,1,0,0,0,1
Montgomery,8,16,007-031,NO LABELS MARYLAND,0,0,0,1,1
Montgomery,8,16,007-031,OTHER PARTIES,3,0,0,1,5
Montgomery,8,16,007-031,REPUBLICAN,64,16,35,5,145
Montgomery,8,16,007-031,UNAFFILIATED,121,20,47,12,281
Montgomery,8,18,007-032,DEMOCRATIC,193,165,362,47,862
Montgomery,8,18,007-032,GREEN,0,0,0,0,0
Montgomery,8,18,007-032,LIBERTARIAN,2,0,0,0,2
Montgomery,8,18,007-032,NO LABELS MARYLAND,2,1,1,1,4
Montgomery,8,18,007-032,OTHER PARTIES,2,4,1,0,10
Montgomery,8,18,007-032,REPUBLICAN,99,85,70,25,329
Montgomery,8,18,007-032,UNAFFILIATED,81,57,101,28,331
Montgomery,8,14,008-001,DEMOCRATIC,496,581,589,74,2016
Montgomery,8,14,008-001,GREEN,0,0,2,0,2
Montgomery,8,14,008-001,LIBERTARIAN,7,1,3,0,19
Montgomery,8,14,008-001,NO LABELS MARYLAND,0,0,4,0,6
Montgomery,8,14,008-001,OTHER PARTIES,5,4,4,0,20
Montgomery,8,14,008-001,REPUBLICAN,226,231,113,28,731
Montgomery,8,14,008-001,UNAFFILIATED,228,175,157,24,853
Montgomery,8,14,008-002,DEMOCRATIC,214,297,338,29,1036
Montgomery,8,14,008-002,GREEN,0,0,0,0,1
Montgomery,8,14,008-002,LIBERTARIAN,0,2,0,0,5
Montgomery,8,14,008-002,NO LABELS MARYLAND,0,0,0,1,1
Montgomery,8,14,008-002,OTHER PARTIES,3,3,0,0,11
Montgomery,8,14,008-002,REPUBLICAN,111,137,85,12,416
Montgomery,8,14,008-002,UNAFFILIATED,118,89,115,12,479
Montgomery,8,19,008-003,DEMOCRATIC,339,416,568,38,1557
Montgomery,8,19,008-003,GREEN,1,0,1,0,3
Montgomery,8,19,008-003,LIBERTARIAN,7,1,1,0,10
Montgomery,8,19,008-003,NO LABELS MARYLAND,0,0,0,0,2
Montgomery,8,19,008-003,OTHER PARTIES,4,3,2,1,15
Montgomery,8,19,008-003,REPUBLICAN,240,175,116,22,675
Montgomery,8,19,008-003,UNAFFILIATED,172,176,147,15,688
Montgomery,8,19,008-004,DEMOCRATIC,179,144,195,16,662
Montgomery,8,19,008-004,GREEN,0,0,0,0,1
Montgomery,8,19,008-004,LIBERTARIAN,3,2,1,0,12
Montgomery,8,19,008-004,NO LABELS MARYLAND,0,1,2,0,3
Montgomery,8,19,008-004,OTHER PARTIES,1,0,0,0,5
Montgomery,8,19,008-004,REPUBLICAN,150,86,66,7,383
Montgomery,8,19,008-004,UNAFFILIATED,105,57,65,6,355
Montgomery,8,14,008-005,DEMOCRATIC,314,347,381,23,1260
Montgomery,8,14,008-005,GREEN,2,0,0,0,4
Montgomery,8,14,008-005,LIBERTARIAN,4,2,1,1,14
Montgomery,8,14,008-005,NO LABELS MARYLAND,1,0,0,0,2
Montgomery,8,14,008-005,OTHER PARTIES,7,4,1,0,17
Montgomery,8,14,008-005,REPUBLICAN,266,230,135,17,770
Montgomery,8,14,008-005,UNAFFILIATED,200,118,118,15,623
Montgomery,8,14,008-006,DEMOCRATIC,405,669,657,76,2204
Montgomery,8,14,008-006,GREEN,0,1,1,0,7
Montgomery,8,14,008-006,LIBERTARIAN,5,5,2,0,17
Montgomery,8,14,008-006,NO LABELS MARYLAND,0,4,3,1,10
Montgomery,8,14,008-006,OTHER PARTIES,8,9,4,3,33
Montgomery,8,14,008-006,REPUBLICAN,214,356,133,26,921
Montgomery,8,14,008-006,UNAFFILIATED,233,237,202,24,1007
Montgomery,8,14,008-007,DEMOCRATIC,129,177,217,33,650
Montgomery,8,14,008-007,GREEN,0,0,0,0,2
Montgomery,8,14,008-007,LIBERTARIAN,6,3,0,1,11
Montgomery,8,14,008-007,NO LABELS MARYLAND,0,0,1,0,1
Montgomery,8,14,008-007,OTHER PARTIES,1,3,3,2,13
Montgomery,8,14,008-007,REPUBLICAN,115,216,87,11,524
Montgomery,8,14,008-007,UNAFFILIATED,98,82,87,12,388
Montgomery,8,19,008-008,DEMOCRATIC,354,382,539,50,1586
Montgomery,8,19,008-008,GREEN,1,0,0,1,3
Montgomery,8,19,008-008,LIBERTARIAN,5,5,0,0,11
Montgomery,8,19,008-008,NO LABELS MARYLAND,1,0,2,1,4
Montgomery,8,19,008-008,OTHER PARTIES,7,4,1,0,16
Montgomery,8,19,008-008,REPUBLICAN,215,220,131,21,736
Montgomery,8,19,008-008,UNAFFILIATED,255,205,177,30,970
Montgomery,8,14,008-009,DEMOCRATIC,492,481,541,46,1864
Montgomery,8,14,008-009,GREEN,0,1,0,1,2
Montgomery,8,14,008-009,LIBERTARIAN,4,0,2,0,10
Montgomery,8,14,008-009,NO LABELS MARYLAND,0,1,0,0,1
Montgomery,8,14,008-009,OTHER PARTIES,3,5,4,0,24
Montgomery,8,14,008-009,REPUBLICAN,229,227,119,14,722
Montgomery,8,14,008-009,UNAFFILIATED,233,170,159,20,829
Montgomery,8,14,008-010,DEMOCRATIC,464,661,617,79,2332
Montgomery,8,14,008-010,GREEN,0,1,2,0,4
Montgomery,8,14,008-010,LIBERTARIAN,0,4,1,0,12
Montgomery,8,14,008-010,NO LABELS MARYLAND,1,1,6,0,9
Montgomery,8,14,008-010,OTHER PARTIES,8,7,6,1,46
Montgomery,8,14,008-010,REPUBLICAN,196,257,124,21,786
Montgomery,8,14,008-010,UNAFFILIATED,248,241,191,45,1082
Montgomery,8,14,008-011,DEMOCRATIC,420,384,382,59,1503
Montgomery,8,14,008-011,GREEN,0,0,1,1,4
Montgomery,8,14,008-011,LIBERTARIAN,4,1,2,0,11
Montgomery,8,14,008-011,NO LABELS MARYLAND,1,0,1,0,4
Montgomery,8,14,008-011,OTHER PARTIES,3,7,3,1,21
Montgomery,8,14,008-011,REPUBLICAN,146,153,52,14,481
Montgomery,8,14,008-011,UNAFFILIATED,213,124,96,21,657
Montgomery,8,14,008-012,DEMOCRATIC,348,446,436,33,1506
Montgomery,8,14,008-012,GREEN,1,0,0,0,2
Montgomery,8,14,008-012,LIBERTARIAN,5,1,2,0,13
Montgomery,8,14,008-012,NO LABELS MARYLAND,0,0,2,1,3
Montgomery,8,14,008-012,OTHER PARTIES,4,6,5,1,23
Montgomery,8,14,008-012,REPUBLICAN,178,223,123,13,673
Montgomery,8,14,008-012,UNAFFILIATED,204,178,133,18,776
Montgomery,8,14,008-016,DEMOCRATIC,291,364,394,37,1221
Montgomery,8,14,008-016,GREEN,0,1,0,0,1
Montgomery,8,14,008-016,LIBERTARIAN,4,3,2,0,12
Montgomery,8,14,008-016,NO LABELS MARYLAND,0,0,0,0,0
Montgomery,8,14,008-016,OTHER PARTIES,3,3,2,0,16
Montgomery,8,14,008-016,REPUBLICAN,145,158,88,15,509
Montgomery,8,14,008-016,UNAFFILIATED,128,111,89,15,480
Montgomery,4,14,008-017,DEMOCRATIC,4,4,4,0,16
Montgomery,4,14,008-017,GREEN,0,0,0,0,0
Montgomery,4,14,008-017,LIBERTARIAN,0,0,1,0,1
Montgomery,4,14,008-017,NO LABELS MARYLAND,0,0,0,0,0
Montgomery,4,14,008-017,OTHER PARTIES,1,0,0,0,1
Montgomery,4,14,008-017,REPUBLICAN,1,2,0,1,4
Montgomery,4,14,008-017,UNAFFILIATED,2,0,1,1,4
Montgomery,8,14,008-018,DEMOCRATIC,152,214,211,18,716
Montgomery,8,14,008-018,GREEN,0,0,0,1,2
Montgomery,8,14,008-018,LIBERTARIAN,0,2,0,0,3
Montgomery,8,14,008-018,NO LABELS MARYLAND,1,0,1,0,1
Montgomery,8,14,008-018,OTHER PARTIES,3,5,1,0,15
Montgomery,8,14,008-018,REPUBLICAN,49,79,34,11,222
Montgomery,8,14,008-018,UNAFFILIATED,75,66,54,9,285
Montgomery,6,17,009-001,DEMOCRATIC,584,509,420,99,2210
Montgomery,6,17,009-001,GREEN,2,0,3,0,10
Montgomery,6,17,009-001,LIBERTARIAN,7,9,0,0,27
Montgomery,6,17,009-001,NO LABELS MARYLAND,1,3,3,0,10
Montgomery,6,17,009-001,OTHER PARTIES,7,7,2,3,48
Montgomery,6,17,009-001,REPUBLICAN,130,101,64,31,449
Montgomery,6,17,009-001,UNAFFILIATED,246,186,156,53,1077
Montgomery,6,17,009-002,DEMOCRATIC,614,626,528,193,2619
Montgomery,6,17,009-002,GREEN,0,1,4,2,11
Montgomery,6,17,009-002,LIBERTARIAN,6,2,3,3,22
Montgomery,6,17,009-002,NO LABELS MARYLAND,2,0,0,1,6
Montgomery,6,17,009-002,OTHER PARTIES,13,7,3,3,59
Montgomery,6,17,009-002,REPUBLICAN,183,209,90,42,674
Montgomery,6,17,009-002,UNAFFILIATED,294,228,158,90,1204
Montgomery,6,17,009-003,DEMOCRATIC,272,244,270,56,1167
Montgomery,6,17,009-003,GREEN,2,0,0,0,3
Montgomery,6,17,009-003,LIBERTARIAN,4,2,0,0,14
Montgomery,6,17,009-003,NO LABELS MARYLAND,2,1,1,0,6
Montgomery,6,17,009-003,OTHER PARTIES,9,6,1,0,30
Montgomery,6,17,009-003,REPUBLICAN,99,75,49,23,320
Montgomery,6,17,009-003,UNAFFILIATED,173,102,103,37,645
Montgomery,8,19,009-004,DEMOCRATIC,452,270,339,41,1529
Montgomery,8,19,009-004,GREEN,1,0,1,0,5
Montgomery,8,19,009-004,LIBERTARIAN,2,1,2,0,12
Montgomery,8,19,009-004,NO LABELS MARYLAND,1,0,0,0,2
Montgomery,8,19,009-004,OTHER PARTIES,9,1,4,2,31
Montgomery,8,19,009-004,REPUBLICAN,141,83,71,8,428
Montgomery,8,19,009-004,UNAFFILIATED,205,85,132,18,735
Montgomery,6,39,009-005,DEMOCRATIC,319,215,352,47,1230
Montgomery,6,39,009-005,GREEN,2,0,0,1,3
Montgomery,6,39,009-005,LIBERTARIAN,2,1,0,1,7
Montgomery,6,39,009-005,NO LABELS MARYLAND,3,0,1,0,3
Montgomery,6,39,009-005,OTHER PARTIES,6,4,3,2,25
Montgomery,6,39,009-005,REPUBLICAN,94,86,74,9,333
Montgomery,6,39,009-005,UNAFFILIATED,129,77,83,28,498
Montgomery,6,17,009-006,DEMOCRATIC,516,477,590,106,2098
Montgomery,6,17,009-006,GREEN,0,2,1,1,5
Montgomery,6,17,009-006,LIBERTARIAN,6,3,1,0,18
Montgomery,6,17,009-006,NO LABELS MARYLAND,3,1,2,1,6
Montgomery,6,17,009-006,OTHER PARTIES,9,3,3,3,36
Montgomery,6,17,009-006,REPUBLICAN,152,100,80,12,491
Montgomery,6,17,009-006,UNAFFILIATED,278,183,181,36,1058
Montgomery,6,39,009-007,DEMOCRATIC,475,376,350,72,1905
Montgomery,6,39,009-007,GREEN,0,0,0,0,3
Montgomery,6,39,009-007,LIBERTARIAN,4,1,2,1,15
Montgomery,6,39,009-007,NO LABELS MARYLAND,1,0,4,0,8
Montgomery,6,39,009-007,OTHER PARTIES,10,10,3,0,54
Montgomery,6,39,009-007,REPUBLICAN,105,59,45,19,363
Montgomery,6,39,009-007,UNAFFILIATED,199,112,100,27,795
Montgomery,6,39,009-008,DEMOCRATIC,645,493,374,94,2269
Montgomery,6,39,009-008,GREEN,0,0,0,1,3
Montgomery,6,39,009-008,LIBERTARIAN,6,2,4,2,26
Montgomery,6,39,009-008,NO LABELS MARYLAND,0,1,2,0,8
Montgomery,6,39,009-008,OTHER PARTIES,4,4,6,2,45
Montgomery,6,39,009-008,REPUBLICAN,116,101,61,13,414
Montgomery,6,39,009-008,UNAFFILIATED,267,149,103,47,984
Montgomery,8,39,009-009,DEMOCRATIC,718,547,558,112,2708
Montgomery,8,39,009-009,GREEN,2,2,1,0,8
Montgomery,8,39,009-009,LIBERTARIAN,7,2,2,1,16
Montgomery,8,39,009-009,NO LABELS MARYLAND,5,2,2,0,12
Montgomery,8,39,009-009,OTHER PARTIES,18,8,6,1,64
Montgomery,8,39,009-009,REPUBLICAN,188,115,88,23,583
Montgomery,8,39,009-009,UNAFFILIATED,343,167,167,40,1216
Montgomery,6,19,009-010,DEMOCRATIC,90,55,60,16,275
Montgomery,6,19,009-010,GREEN,0,0,0,0,0
Montgomery,6,19,009-010,LIBERTARIAN,1,1,0,1,4
Montgomery,6,19,009-010,NO LABELS MARYLAND,0,0,0,0,0
Montgomery,6,19,009-010,OTHER PARTIES,4,4,0,1,16
Montgomery,6,19,009-010,REPUBLICAN,31,19,19,3,99
Montgomery,6,19,009-010,UNAFFILIATED,43,12,19,11,153
Montgomery,6,39,009-011,DEMOCRATIC,415,291,337,40,1457
Montgomery,6,39,009-011,GREEN,1,0,1,0,6
Montgomery,6,39,009-011,LIBERTARIAN,2,4,2,1,14
Montgomery,6,39,009-011,NO LABELS MARYLAND,2,0,0,0,7
Montgomery,6,39,009-011,OTHER PARTIES,6,1,3,0,26
Montgomery,6,39,009-011,REPUBLICAN,152,111,74,14,429
Montgomery,6,39,009-011,UNAFFILIATED,199,78,106,27,669
Montgomery,6,39,009-012,DEMOCRATIC,326,205,294,63,1127
Montgomery,6,39,009-012,GREEN,1,1,0,1,4
Montgomery,6,39,009-012,LIBERTARIAN,1,3,1,0,10
Montgomery,6,39,009-012,NO LABELS MARYLAND,1,1,1,0,5
Montgomery,6,39,009-012,OTHER PARTIES,6,2,1,1,17
Montgomery,6,39,009-012,REPUBLICAN,84,85,45,6,280
Montgomery,6,39,009-012,UNAFFILIATED,148,71,68,30,505
Montgomery,6,17,009-013,DEMOCRATIC,424,385,600,66,1799
Montgomery,6,17,009-013,GREEN,1,1,1,0,3
Montgomery,6,17,009-013,LIBERTARIAN,0,1,2,0,6
Montgomery,6,17,009-013,NO LABELS MARYLAND,2,0,4,0,8
Montgomery,6,17,009-013,OTHER PARTIES,8,6,4,1,26
Montgomery,6,17,009-013,REPUBLICAN,135,103,107,12,470
Montgomery,6,17,009-013,UNAFFILIATED,276,201,219,35,1050
Montgomery,8,19,009-014,DEMOCRATIC,507,375,547,71,1834
Montgomery,8,19,009-014,GREEN,0,1,1,0,5
Montgomery,8,19,009-014,LIBERTARIAN,4,2,0,1,12
Montgomery,8,19,009-014,NO LABELS MARYLAND,2,1,1,0,4
Montgomery,8,19,009-014,OTHER PARTIES,6,6,2,1,31
Montgomery,8,19,009-014,REPUBLICAN,164,109,88,27,484
Montgomery,8,19,009-014,UNAFFILIATED,249,167,182,44,902
Montgomery,6,17,009-015,DEMOCRATIC,408,345,348,80,1664
Montgomery,6,17,009-015,GREEN,2,1,1,0,7
Montgomery,6,17,009-015,LIBERTARIAN,2,2,3,1,16
Montgomery,6,17,009-015,NO LABELS MARYLAND,3,0,0,1,13
Montgomery,6,17,009-015,OTHER PARTIES,8,4,0,1,35
Montgomery,6,17,009-015,REPUBLICAN,108,96,37,22,342
Montgomery,6,17,009-015,UNAFFILIATED,184,121,79,33,715
Montgomery,6,17,009-016,DEMOCRATIC,378,283,268,48,1521
Montgomery,6,17,009-016,GREEN,0,1,0,0,3
Montgomery,6,17,009-016,LIBERTARIAN,4,3,2,0,17
Montgomery,6,17,009-016,NO LABELS MARYLAND,2,1,2,2,8
Montgomery,6,17,009-016,OTHER PARTIES,13,3,2,2,45
Montgomery,6,17,009-016,REPUBLICAN,83,72,41,13,307
Montgomery,6,17,009-016,UNAFFILIATED,156,117,79,17,722
Montgomery,6,39,009-018,DEMOCRATIC,485,288,284,79,1584
Montgomery,6,39,009-018,GREEN,0,0,1,0,2
Montgomery,6,39,009-018,LIBERTARIAN,7,0,1,3,17
Montgomery,6,39,009-018,NO LABELS MARYLAND,3,1,1,0,5
Montgomery,6,39,009-018,OTHER PARTIES,4,3,5,2,36
Montgomery,6,39,009-018,REPUBLICAN,149,85,48,14,405
Montgomery,6,39,009-018,UNAFFILIATED,195,84,92,28,745
Montgomery,6,39,009-020,DEMOCRATIC,298,315,251,57,1246
Montgomery,6,39,009-020,GREEN,2,0,0,0,4
Montgomery,6,39,009-020,LIBERTARIAN,5,1,0,0,8
Montgomery,6,39,009-020,NO LABELS MARYLAND,0,1,0,1,3
Montgomery,6,39,009-020,OTHER PARTIES,6,4,2,0,26
Montgomery,6,39,009-020,REPUBLICAN,84,88,51,12,329
Montgomery,6,39,009-020,UNAFFILIATED,140,97,83,23,572
Montgomery,8,39,009-021,DEMOCRATIC,310,283,317,36,1283
Montgomery,8,39,009-021,GREEN,3,1,0,0,7
Montgomery,8,39,009-021,LIBERTARIAN,4,2,1,0,15
Montgomery,8,39,009-021,NO LABELS MARYLAND,0,1,1,0,3
Montgomery,8,39,009-021,OTHER PARTIES,7,2,3,0,28
Montgomery,8,39,009-021,REPUBLICAN,128,123,59,13,418
Montgomery,8,39,009-021,UNAFFILIATED,166,129,96,13,631
Montgomery,8,39,009-022,DEMOCRATIC,652,402,427,43,2092
Montgomery,8,39,009-022,GREEN,0,1,0,0,5
Montgomery,8,39,009-022,LIBERTARIAN,6,1,1,0,20
Montgomery,8,39,009-022,NO LABELS MARYLAND,7,0,1,1,12
Montgomery,8,39,009-022,OTHER PARTIES,11,10,4,2,58
Montgomery,8,39,009-022,REPUBLICAN,148,120,71,15,498
Montgomery,8,39,009-022,UNAFFILIATED,269,125,127,17,908
Montgomery,6,39,009-024,DEMOCRATIC,303,230,196,52,1074
Montgomery,6,39,009-024,GREEN,0,0,0,0,2
Montgomery,6,39,009-024,LIBERTARIAN,4,1,0,1,10
Montgomery,6,39,009-024,NO LABELS MARYLAND,0,3,2,1,8
Montgomery,6,39,009-024,OTHER PARTIES,6,4,1,1,26
Montgomery,6,39,009-024,REPUBLICAN,86,56,45,10,268
Montgomery,6,39,009-024,UNAFFILIATED,157,97,97,28,598
Montgomery,6,39,009-025,DEMOCRATIC,401,285,231,38,1254
Montgomery,6,39,009-025,GREEN,0,0,0,0,0
Montgomery,6,39,009-025,LIBERTARIAN,5,2,2,0,13
Montgomery,6,39,009-025,NO LABELS MARYLAND,0,1,0,0,1
Montgomery,6,39,009-025,OTHER PARTIES,9,4,3,1,26
Montgomery,6,39,009-025,REPUBLICAN,131,112,40,22,394
Montgomery,6,39,009-025,UNAFFILIATED,236,132,83,31,704
Montgomery,6,39,009-026,DEMOCRATIC,519,416,255,54,1754
Montgomery,6,39,009-026,GREEN,1,1,2,1,12
Montgomery,6,39,009-026,LIBERTARIAN,2,3,4,0,19
Montgomery,6,39,009-026,NO LABELS MARYLAND,3,0,0,1,8
Montgomery,6,39,009-026,OTHER PARTIES,6,10,2,1,39
Montgomery,6,39,009-026,REPUBLICAN,122,80,44,16,363
Montgomery,6,39,009-026,UNAFFILIATED,224,122,77,18,791
Montgomery,6,17,009-027,DEMOCRATIC,495,395,784,62,2049
Montgomery,6,17,009-027,GREEN,1,1,0,0,4
Montgomery,6,17,009-027,LIBERTARIAN,3,5,2,1,17
Montgomery,6,17,009-027,NO LABELS MARYLAND,0,2,5,0,10
Montgomery,6,17,009-027,OTHER PARTIES,12,5,5,0,34
Montgomery,6,17,009-027,REPUBLICAN,205,136,145,15,668
Montgomery,6,17,009-027,UNAFFILIATED,273,160,256,37,991
Montgomery,6,17,009-028,DEMOCRATIC,110,20,479,29,686
Montgomery,6,17,009-028,GREEN,0,0,0,0,0
Montgomery,6,17,009-028,LIBERTARIAN,0,0,0,0,0
Montgomery,6,17,009-028,NO LABELS MARYLAND,0,0,0,0,0
Montgomery,6,17,009-028,OTHER PARTIES,3,0,1,0,6
Montgomery,6,17,009-028,REPUBLICAN,32,4,86,12,160
Montgomery,6,17,009-028,UNAFFILIATED,23,2,71,14,129
Montgomery,6,39,009-029,DEMOCRATIC,479,306,295,72,1475
Montgomery,6,39,009-029,GREEN,1,1,1,1,9
Montgomery,6,39,009-029,LIBERTARIAN,3,1,0,0,14
Montgomery,6,39,009-029,NO LABELS MARYLAND,5,0,1,2,10
Montgomery,6,39,009-029,OTHER PARTIES,13,1,1,2,34
Montgomery,6,39,009-029,REPUBLICAN,119,78,40,13,342
Montgomery,6,39,009-029,UNAFFILIATED,218,115,98,36,681
Montgomery,6,39,009-030,DEMOCRATIC,472,356,349,49,1654
Montgomery,6,39,009-030,GREEN,1,0,0,1,3
Montgomery,6,39,009-030,LIBERTARIAN,2,5,0,1,10
Montgomery,6,39,009-030,NO LABELS MARYLAND,0,1,4,0,7
Montgomery,6,39,009-030,OTHER PARTIES,5,5,3,1,28
Montgomery,6,39,009-030,REPUBLICAN,141,111,45,7,401
Montgomery,6,39,009-030,UNAFFILIATED,244,126,124,21,853
Montgomery,8,17,009-031,DEMOCRATIC,373,489,1087,96,2394
Montgomery,8,17,009-031,GREEN,4,0,0,0,7
Montgomery,8,17,009-031,LIBERTARIAN,3,4,1,1,11
Montgomery,8,17,009-031,NO LABELS MARYLAND,2,2,1,1,6
Montgomery,8,17,009-031,OTHER PARTIES,7,10,4,1,35
Montgomery,8,17,009-031,REPUBLICAN,102,86,142,10,451
Montgomery,8,17,009-031,UNAFFILIATED,198,166,261,51,964
Montgomery,8,39,009-032,DEMOCRATIC,83,47,38,5,281
Montgomery,8,39,009-032,GREEN,0,0,0,0,0
Montgomery,8,39,009-032,LIBERTARIAN,0,1,0,0,2
Montgomery,8,39,009-032,NO LABELS MARYLAND,0,0,0,0,0
Montgomery,8,39,009-032,OTHER PARTIES,1,0,0,1,8
Montgomery,8,39,009-032,REPUBLICAN,13,4,4,0,37
Montgomery,8,39,009-032,UNAFFILIATED,28,13,11,9,112
Montgomery,8,15,009-033,DEMOCRATIC,204,255,241,75,936
Montgomery,8,15,009-033,GREEN,0,0,0,0,0
Montgomery,8,15,009-033,LIBERTARIAN,2,0,0,1,6
Montgomery,8,15,009-033,NO LABELS MARYLAND,2,1,2,1,7
Montgomery,8,15,009-033,OTHER PARTIES,2,1,1,0,24
Montgomery,8,15,009-033,REPUBLICAN,52,29,27,15,153
Montgomery,8,15,009-033,UNAFFILIATED,98,71,64,46,419
Montgomery,6,39,009-034,DEMOCRATIC,549,413,328,77,1938
Montgomery,6,39,009-034,GREEN,1,1,0,1,3
Montgomery,6,39,009-034,LIBERTARIAN,2,2,1,1,15
Montgomery,6,39,009-034,NO LABELS MARYLAND,2,0,3,1,8
Montgomery,6,39,009-034,OTHER PARTIES,3,3,3,0,33
Montgomery,6,39,009-034,REPUBLICAN,112,93,58,11,383
Montgomery,6,39,009-034,UNAFFILIATED,221,135,110,49,903
Montgomery,6,17,009-035,DEMOCRATIC,602,615,842,68,2537
Montgomery,6,17,009-035,GREEN,1,0,0,0,2
Montgomery,6,17,009-035,LIBERTARIAN,4,1,4,1,13
Montgomery,6,17,009-035,NO LABELS MARYLAND,1,0,3,0,5
Montgomery,6,17,009-035,OTHER PARTIES,7,5,2,1,23
Montgomery,6,17,009-035,REPUBLICAN,206,189,174,20,756
Montgomery,6,17,009-035,UNAFFILIATED,326,228,259,38,1213
Montgomery,8,19,009-036,DEMOCRATIC,378,293,303,51,1331
Montgomery,8,19,009-036,GREEN,0,0,0,0,0
Montgomery,8,19,009-036,LIBERTARIAN,5,3,1,1,10
Montgomery,8,19,009-036,NO LABELS MARYLAND,2,0,0,0,5
Montgomery,8,19,009-036,OTHER PARTIES,10,4,3,2,36
Montgomery,8,19,009-036,REPUBLICAN,117,77,56,23,335
Montgomery,8,19,009-036,UNAFFILIATED,219,111,90,38,687
Montgomery,8,19,009-037,DEMOCRATIC,329,181,191,57,967
Montgomery,8,19,009-037,GREEN,1,1,1,1,4
Montgomery,8,19,009-037,LIBERTARIAN,4,1,0,0,11
Montgomery,8,19,009-037,NO LABELS MARYLAND,0,0,1,2,4
Montgomery,8,19,009-037,OTHER PARTIES,11,2,0,3,29
Montgomery,8,19,009-037,REPUBLICAN,83,63,40,14,284
Montgomery,8,19,009-037,UNAFFILIATED,163,56,67,29,481
Montgomery,8,39,009-038,DEMOCRATIC,123,40,79,6,281
Montgomery,8,39,009-038,GREEN,0,0,0,0,0
Montgomery,8,39,009-038,LIBERTARIAN,0,0,1,0,2
Montgomery,8,39,009-038,NO LABELS MARYLAND,0,0,0,0,0
Montgomery,8,39,009-038,OTHER PARTIES,0,2,0,0,2
Montgomery,8,39,009-038,REPUBLICAN,17,9,8,0,45
Montgomery,8,39,009-038,UNAFFILIATED,36,9,23,1,86
Montgomery,6,19,009-039,DEMOCRATIC,4,3,8,0,21
Montgomery,6,19,009-039,GREEN,0,0,0,0,0
Montgomery,6,19,009-039,LIBERTARIAN,0,0,0,0,0
Montgomery,6,19,009-039,NO LABELS MARYLAND,0,0,0,0,0
Montgomery,6,19,009-039,OTHER PARTIES,0,0,0,0,0
Montgomery,6,19,009-039,REPUBLICAN,1,0,2,0,5
Montgomery,6,19,009-039,UNAFFILIATED,2,7,0,0,18
Montgomery,6,17,009-040,DEMOCRATIC,430,516,575,86,2058
Montgomery,6,17,009-040,GREEN,0,0,0,1,0
Montgomery,6,17,009-040,LIBERTARIAN,10,2,4,1,22
Montgomery,6,17,009-040,NO LABELS MARYLAND,0,1,1,0,6
Montgomery,6,17,009-040,OTHER PARTIES,10,4,4,2,38
Montgomery,6,17,009-040,REPUBLICAN,156,126,94,29,571
Montgomery,6,17,009-040,UNAFFILIATED,248,222,197,59,1119
Montgomery,6,39,009-041,DEMOCRATIC,372,301,263,71,1355
Montgomery,6,39,009-041,GREEN,4,0,1,0,6
Montgomery,6,39,009-041,LIBERTARIAN,3,0,0,1,10
Montgomery,6,39,009-041,NO LABELS MARYLAND,0,0,2,0,5
Montgomery,6,39,009-041,OTHER PARTIES,8,2,4,0,32
Montgomery,6,39,009-041,REPUBLICAN,89,87,40,5,296
Montgomery,6,39,009-041,UNAFFILIATED,204,108,96,31,701
Montgomery,8,39,009-042,DEMOCRATIC,247,186,206,30,874
Montgomery,8,39,009-042,GREEN,0,0,1,0,2
Montgomery,8,39,009-042,LIBERTARIAN,0,2,0,0,5
Montgomery,8,39,009-042,NO LABELS MARYLAND,0,0,1,0,1
Montgomery,8,39,009-042,OTHER PARTIES,7,3,1,0,18
Montgomery,8,39,009-042,REPUBLICAN,63,37,28,3,173
Montgomery,8,39,009-042,UNAFFILIATED,84,48,47,4,341
Montgomery,8,19,009-043,DEMOCRATIC,33,42,32,5,139
Montgomery,8,19,009-043,GREEN,0,0,0,0,0
Montgomery,8,19,009-043,LIBERTARIAN,1,0,1,0,2
Montgomery,8,19,009-043,NO LABELS MARYLAND,2,1,0,0,3
Montgomery,8,19,009-043,OTHER PARTIES,2,1,0,0,3
Montgomery,8,19,009-043,REPUBLICAN,7,2,4,2,21
Montgomery,8,19,009-043,UNAFFILIATED,20,20,13,6,85
Montgomery,6,15,009-044,DEMOCRATIC,150,160,210,19,687
Montgomery,6,15,009-044,GREEN,0,0,1,0,1
Montgomery,6,15,009-044,LIBERTARIAN,3,0,1,0,8
Montgomery,6,15,009-044,NO LABELS MARYLAND,0,0,2,0,4
Montgomery,6,15,009-044,OTHER PARTIES,4,3,0,0,8
Montgomery,6,15,009-044,REPUBLICAN,42,66,26,5,189
Montgomery,6,15,009-044,UNAFFILIATED,79,59,54,13,323
Montgomery,8,39,009-045,DEMOCRATIC,25,24,18,6,96
Montgomery,8,39,009-045,GREEN,0,0,0,0,0
Montgomery,8,39,009-045,LIBERTARIAN,0,0,0,0,1
Montgomery,8,39,009-045,NO LABELS MARYLAND,0,1,0,0,1
Montgomery,8,39,009-045,OTHER PARTIES,0,0,0,0,2
Montgomery,8,39,009-045,REPUBLICAN,6,8,2,2,21
Montgomery,8,39,009-045,UNAFFILIATED,12,9,9,0,55
Montgomery,8,39,009-046,DEMOCRATIC,38,37,44,3,144
Montgomery,8,39,009-046,GREEN,0,0,0,0,0
Montgomery,8,39,009-046,LIBERTARIAN,1,0,0,0,1
Montgomery,8,39,009-046,NO LABELS MARYLAND,1,0,0,0,2
Montgomery,8,39,009-046,OTHER PARTIES,0,2,0,1,4
Montgomery,8,39,009-046,REPUBLICAN,10,11,10,0,38
Montgomery,8,39,009-046,UNAFFILIATED,7,8,12,5,49
Montgomery,8,39,009-047,DEMOCRATIC,31,19,17,4,97
Montgomery,8,39,009-047,GREEN,0,0,0,0,0
Montgomery,8,39,009-047,LIBERTARIAN,0,0,0,0,0
Montgomery,8,39,009-047,NO LABELS MARYLAND,1,0,0,0,1
Montgomery,8,39,009-047,OTHER PARTIES,1,0,2,0,5
Montgomery,8,39,009-047,REPUBLICAN,11,2,5,1,26
Montgomery,8,39,009-047,UNAFFILIATED,14,11,8,0,60
Montgomery,8,15,010-001,DEMOCRATIC,164,203,260,22,798
Montgomery,8,15,010-001,GREEN,0,0,0,0,0
Montgomery,8,15,010-001,LIBERTARIAN,1,2,3,0,8
Montgomery,8,15,010-001,NO LABELS MARYLAND,0,0,0,0,0
Montgomery,8,15,010-001,OTHER PARTIES,3,5,0,0,11
Montgomery,8,15,010-001,REPUBLICAN,82,125,86,13,402
Montgomery,8,15,010-001,UNAFFILIATED,91,90,100,15,440
Montgomery,8,16,010-002,DEMOCRATIC,189,329,414,45,1223
Montgomery,8,16,010-002,GREEN,0,0,0,1,1
Montgomery,8,16,010-002,LIBERTARIAN,0,0,1,0,3
Montgomery,8,16,010-002,NO LABELS MARYLAND,0,0,0,0,0
Montgomery,8,16,010-002,OTHER PARTIES,4,4,4,0,18
Montgomery,8,16,010-002,REPUBLICAN,171,230,166,15,754
Montgomery,8,16,010-002,UNAFFILIATED,165,155,162,33,767
Montgomery,8,16,010-003,DEMOCRATIC,303,267,505,45,1348
Montgomery,8,16,010-003,GREEN,1,1,0,0,2
Montgomery,8,16,010-003,LIBERTARIAN,2,2,1,2,13
Montgomery,8,16,010-003,NO LABELS MARYLAND,0,1,4,0,5
Montgomery,8,16,010-003,OTHER PARTIES,1,2,3,0,12
Montgomery,8,16,010-003,REPUBLICAN,155,120,132,21,518
Montgomery,8,16,010-003,UNAFFILIATED,190,142,154,24,684
Montgomery,8,15,010-004,DEMOCRATIC,187,238,315,19,900
Montgomery,8,15,010-004,GREEN,0,0,0,0,1
Montgomery,8,15,010-004,LIBERTARIAN,0,1,1,1,4
Montgomery,8,15,010-004,NO LABELS MARYLAND,1,0,1,0,2
Montgomery,8,15,010-004,OTHER PARTIES,3,3,1,0,12
Montgomery,8,15,010-004,REPUBLICAN,56,74,42,4,219
Montgomery,8,15,010-004,UNAFFILIATED,143,110,113,7,505
Montgomery,8,15,010-005,DEMOCRATIC,215,417,506,27,1400
Montgomery,8,15,010-005,GREEN,0,1,0,0,1
Montgomery,8,15,010-005,LIBERTARIAN,0,0,0,0,2
Montgomery,8,15,010-005,NO LABELS MARYLAND,1,0,2,0,3
Montgomery,8,15,010-005,OTHER PARTIES,1,4,1,0,6
Montgomery,8,15,010-005,REPUBLICAN,96,132,101,9,411
Montgomery,8,15,010-005,UNAFFILIATED,135,155,146,10,630
Montgomery,8,15,010-006,DEMOCRATIC,276,401,484,45,1441
Montgomery,8,15,010-006,GREEN,0,0,0,1,2
Montgomery,8,15,010-006,LIBERTARIAN,2,0,0,0,4
Montgomery,8,15,010-006,NO LABELS MARYLAND,1,0,1,0,4
Montgomery,8,15,010-006,OTHER PARTIES,5,2,2,1,14
Montgomery,8,15,010-006,REPUBLICAN,102,134,75,8,388
Montgomery,8,15,010-006,UNAFFILIATED,147,152,108,20,628
Montgomery,8,16,010-007,DEMOCRATIC,336,337,521,42,1538
Montgomery,8,16,010-007,GREEN,0,0,2,0,3
Montgomery,8,16,010-007,LIBERTARIAN,1,0,2,0,6
Montgomery,8,16,010-007,NO LABELS MARYLAND,0,0,0,0,0
Montgomery,8,16,010-007,OTHER PARTIES,3,3,1,0,8
Montgomery,8,16,010-007,REPUBLICAN,154,169,125,12,585
Montgomery,8,16,010-007,UNAFFILIATED,189,135,170,32,756
Montgomery,8,16,010-009,DEMOCRATIC,261,295,404,34,1220
Montgomery,8,16,010-009,GREEN,0,2,0,0,2
Montgomery,8,16,010-009,LIBERTARIAN,1,3,3,2,14
Montgomery,8,16,010-009,NO LABELS MARYLAND,1,0,1,1,3
Montgomery,8,16,010-009,OTHER PARTIES,3,4,3,0,20
Montgomery,8,16,010-009,REPUBLICAN,170,187,147,17,683
Montgomery,8,16,010-009,UNAFFILIATED,207,160,159,30,806
Montgomery,8,16,010-010,DEMOCRATIC,325,338,574,36,1547
Montgomery,8,16,010-010,GREEN,0,0,0,0,0
Montgomery,8,16,010-010,LIBERTARIAN,2,0,1,1,7
Montgomery,8,16,010-010,NO LABELS MARYLAND,0,0,2,0,3
Montgomery,8,16,010-010,OTHER PARTIES,4,4,2,0,11
Montgomery,8,16,010-010,REPUBLICAN,187,163,138,10,615
Montgomery,8,16,010-010,UNAFFILIATED,210,138,199,26,788
Montgomery,8,15,010-011,DEMOCRATIC,272,195,323,60,1168
Montgomery,8,15,010-011,GREEN,0,0,0,0,1
Montgomery,8,15,010-011,LIBERTARIAN,1,0,2,0,7
Montgomery,8,15,010-011,NO LABELS MARYLAND,2,0,0,0,3
Montgomery,8,15,010-011,OTHER PARTIES,5,5,4,1,28
Montgomery,8,15,010-011,REPUBLICAN,70,68,40,16,287
Montgomery,8,15,010-011,UNAFFILIATED,135,75,90,36,576
Montgomery,8,15,010-012,DEMOCRATIC,407,374,511,38,1643
Montgomery,8,15,010-012,GREEN,1,1,1,4,7
Montgomery,8,15,010-012,LIBERTARIAN,4,2,2,0,10
Montgomery,8,15,010-012,NO LABELS MARYLAND,0,0,1,0,4
Montgomery,8,15,010-012,OTHER PARTIES,8,6,4,0,30
Montgomery,8,15,010-012,REPUBLICAN,100,103,87,11,398
Montgomery,8,15,010-012,UNAFFILIATED,233,132,175,25,801
Montgomery,8,15,010-013,DEMOCRATIC,117,312,290,57,918
Montgomery,8,15,010-013,GREEN,0,0,1,0,1
Montgomery,8,15,010-013,LIBERTARIAN,1,3,5,0,10
Montgomery,8,15,010-013,NO LABELS MARYLAND,0,1,0,0,1
Montgomery,8,15,010-013,OTHER PARTIES,4,2,2,2,11
Montgomery,8,15,010-013,REPUBLICAN,52,82,51,23,233
Montgomery,8,15,010-013,UNAFFILIATED,124,118,106,47,526
Montgomery,6,15,011-000,DEMOCRATIC,311,117,251,18,791
Montgomery,6,15,011-000,GREEN,0,0,0,0,1
Montgomery,6,15,011-000,LIBERTARIAN,3,0,1,1,8
Montgomery,6,15,011-000,NO LABELS MARYLAND,1,0,0,0,1
Montgomery,6,15,011-000,OTHER PARTIES,4,1,3,1,15
Montgomery,6,15,011-000,REPUBLICAN,264,110,69,10,549
Montgomery,6,15,011-000,UNAFFILIATED,147,67,92,16,444
Montgomery,6,14,012-001,DEMOCRATIC,98,106,115,15,404
Montgomery,6,14,012-001,GREEN,0,0,0,0,0
Montgomery,6,14,012-001,LIBERTARIAN,1,1,0,0,5
Montgomery,6,14,012-001,NO LABELS MARYLAND,1,2,1,0,4
Montgomery,6,14,012-001,OTHER PARTIES,2,1,1,0,7
Montgomery,6,14,012-001,REPUBLICAN,106,185,51,10,425
Montgomery,6,14,012-001,UNAFFILIATED,92,87,62,7,361
Montgomery,6,09A,012-002,DEMOCRATIC,200,348,266,18,1004
Montgomery,6,09A,012-002,GREEN,0,0,0,0,0
Montgomery,6,09A,012-002,LIBERTARIAN,5,2,1,1,13
Montgomery,6,09A,012-002,NO LABELS MARYLAND,1,0,1,0,3
Montgomery,6,09A,012-002,OTHER PARTIES,5,3,2,0,19
Montgomery,6,09A,012-002,REPUBLICAN,219,404,150,15,960
Montgomery,6,09A,012-002,UNAFFILIATED,147,184,116,7,641
Montgomery,6,14,012-003,DEMOCRATIC,345,484,468,28,1578
Montgomery,6,14,012-003,GREEN,1,0,0,1,3
Montgomery,6,14,012-003,LIBERTARIAN,5,4,2,1,18
Montgomery,6,14,012-003,NO LABELS MARYLAND,0,0,1,0,3
Montgomery,6,14,012-003,OTHER PARTIES,3,4,2,1,17
Montgomery,6,14,012-003,REPUBLICAN,361,501,168,20,1241
Montgomery,6,14,012-003,UNAFFILIATED,226,221,143,22,919
Montgomery,6,14,012-004,DEMOCRATIC,203,323,309,24,996
Montgomery,6,14,012-004,GREEN,0,1,1,0,2
Montgomery,6,14,012-004,LIBERTARIAN,3,4,0,0,11
Montgomery,6,14,012-004,NO LABELS MARYLAND,1,1,1,0,4
Montgomery,6,14,012-004,OTHER PARTIES,6,6,3,0,23
Montgomery,6,14,012-004,REPUBLICAN,178,325,83,7,716
Montgomery,6,14,012-004,UNAFFILIATED,181,163,106,10,634
Montgomery,6,09A,012-005,DEMOCRATIC,493,533,326,38,1866
Montgomery,6,09A,012-005,GREEN,0,2,2,0,4
Montgomery,6,09A,012-005,LIBERTARIAN,8,7,3,0,24
Montgomery,6,09A,012-005,NO LABELS MARYLAND,2,1,1,0,6
Montgomery,6,09A,012-005,OTHER PARTIES,8,13,3,1,45
Montgomery,6,09A,012-005,REPUBLICAN,339,454,132,23,1158
Montgomery,6,09A,012-005,UNAFFILIATED,315,273,148,33,1182
Montgomery,8,14,012-006,DEMOCRATIC,24,22,38,1,101
Montgomery,8,14,012-006,GREEN,0,0,0,0,0
Montgomery,8,14,012-006,LIBERTARIAN,0,0,0,0,0
Montgomery,8,14,012-006,NO LABELS MARYLAND,0,0,0,0,0
Montgomery,8,14,012-006,OTHER PARTIES,2,3,0,0,7
Montgomery,8,14,012-006,REPUBLICAN,23,37,15,1,94
Montgomery,8,14,012-006,UNAFFILIATED,12,17,16,2,76
Montgomery,8,19,013-001,DEMOCRATIC,409,473,443,66,1758
Montgomery,8,19,013-001,GREEN,1,2,1,0,5
Montgomery,8,19,013-001,LIBERTARIAN,6,2,1,0,13
Montgomery,8,19,013-001,NO LABELS MARYLAND,1,0,0,0,1
Montgomery,8,19,013-001,OTHER PARTIES,5,7,3,1,26
Montgomery,8,19,013-001,REPUBLICAN,82,79,55,18,335
Montgomery,8,19,013-001,UNAFFILIATED,145,139,126,30,678
Montgomery,8,19,013-002,DEMOCRATIC,723,1128,857,121,3624
Montgomery,8,19,013-002,GREEN,1,2,0,0,8
Montgomery,8,19,013-002,LIBERTARIAN,6,2,2,0,17
Montgomery,8,19,013-002,NO LABELS MARYLAND,2,2,2,1,12
Montgomery,8,19,013-002,OTHER PARTIES,10,7,6,0,46
Montgomery,8,19,013-002,REPUBLICAN,144,204,124,29,682
Montgomery,8,19,013-002,UNAFFILIATED,328,327,234,61,1480
Montgomery,8,18,013-003,DEMOCRATIC,422,357,613,47,1628
Montgomery,8,18,013-003,GREEN,0,0,0,0,0
Montgomery,8,18,013-003,LIBERTARIAN,1,1,1,0,5
Montgomery,8,18,013-003,NO LABELS MARYLAND,1,0,1,0,2
Montgomery,8,18,013-003,OTHER PARTIES,5,4,4,3,18
Montgomery,8,18,013-003,REPUBLICAN,87,81,60,5,292
Montgomery,8,18,013-003,UNAFFILIATED,139,89,112,15,452
Montgomery,8,20,013-004,DEMOCRATIC,594,934,840,160,2966
Montgomery,8,20,013-004,GREEN,0,2,1,4,6
Montgomery,8,20,013-004,LIBERTARIAN,1,2,1,1,9
Montgomery,8,20,013-004,NO LABELS MARYLAND,1,1,2,0,7
Montgomery,8,20,013-004,OTHER PARTIES,3,1,0,0,21
Montgomery,8,20,013-004,REPUBLICAN,33,29,31,11,154
Montgomery,8,20,013-004,UNAFFILIATED,162,131,119,34,640
Montgomery,8,20,013-005,DEMOCRATIC,481,1033,801,387,2934
Montgomery,8,20,013-005,GREEN,0,1,3,1,10
Montgomery,8,20,013-005,LIBERTARIAN,2,2,2,1,12
Montgomery,8,20,013-005,NO LABELS MARYLAND,0,2,2,1,5
Montgomery,8,20,013-005,OTHER PARTIES,3,11,3,12,35
Montgomery,8,20,013-005,REPUBLICAN,39,51,39,53,201
Montgomery,8,20,013-005,UNAFFILIATED,157,195,153,97,802
Montgomery,8,20,013-006,DEMOCRATIC,526,425,805,90,2080
Montgomery,8,20,013-006,GREEN,1,1,3,0,7
Montgomery,8,20,013-006,LIBERTARIAN,1,0,1,0,6
Montgomery,8,20,013-006,NO LABELS MARYLAND,1,0,0,0,2
Montgomery,8,20,013-006,OTHER PARTIES,0,2,1,0,9
Montgomery,8,20,013-006,REPUBLICAN,12,12,8,8,61
Montgomery,8,20,013-006,UNAFFILIATED,95,49,93,21,327
Montgomery,8,18,013-007,DEMOCRATIC,390,566,691,57,1959
Montgomery,8,18,013-007,GREEN,1,2,1,0,5
Montgomery,8,18,013-007,LIBERTARIAN,1,1,5,0,7
Montgomery,8,18,013-007,NO LABELS MARYLAND,2,1,0,1,4
Montgomery,8,18,013-007,OTHER PARTIES,1,4,1,0,13
Montgomery,8,18,013-007,REPUBLICAN,45,58,45,10,191
Montgomery,8,18,013-007,UNAFFILIATED,101,85,109,21,414
Montgomery,8,20,013-008,DEMOCRATIC,429,508,475,95,1842
Montgomery,8,20,013-008,GREEN,3,0,1,0,7
Montgomery,8,20,013-008,LIBERTARIAN,1,1,2,0,5
Montgomery,8,20,013-008,NO LABELS MARYLAND,0,2,2,1,7
Montgomery,8,20,013-008,OTHER PARTIES,6,2,0,2,18
Montgomery,8,20,013-008,REPUBLICAN,36,33,13,6,146
Montgomery,8,20,013-008,UNAFFILIATED,125,75,84,21,464
Montgomery,8,20,013-010,DEMOCRATIC,201,350,277,56,1069
Montgomery,8,20,013-010,GREEN,0,1,1,0,3
Montgomery,8,20,013-010,LIBERTARIAN,1,0,0,0,10
Montgomery,8,20,013-010,NO LABELS MARYLAND,0,0,2,0,2
Montgomery,8,20,013-010,OTHER PARTIES,2,0,0,0,8
Montgomery,8,20,013-010,REPUBLICAN,15,21,10,6,82
Montgomery,8,20,013-010,UNAFFILIATED,70,93,67,17,341
Montgomery,8,19,013-011,DEMOCRATIC,611,558,583,56,2211
Montgomery,8,19,013-011,GREEN,3,1,1,0,7
Montgomery,8,19,013-011,LIBERTARIAN,1,1,2,0,7
Montgomery,8,19,013-011,NO LABELS MARYLAND,1,0,1,0,4
Montgomery,8,19,013-011,OTHER PARTIES,11,3,3,1,29
Montgomery,8,19,013-011,REPUBLICAN,111,59,65,15,353
Montgomery,8,19,013-011,UNAFFILIATED,225,114,116,18,721
Montgomery,8,20,013-013,DEMOCRATIC,474,525,509,74,1938
Montgomery,8,20,013-013,GREEN,2,1,0,0,3
Montgomery,8,20,013-013,LIBERTARIAN,0,2,1,0,6
Montgomery,8,20,013-013,NO LABELS MARYLAND,1,0,0,1,3
Montgomery,8,20,013-013,OTHER PARTIES,6,5,0,0,28
Montgomery,8,20,013-013,REPUBLICAN,47,32,24,11,162
Montgomery,8,20,013-013,UNAFFILIATED,124,109,87,30,550
Montgomery,8,20,013-014,DEMOCRATIC,427,641,806,54,2154
Montgomery,8,20,013-014,GREEN,0,0,0,0,2
Montgomery,8,20,013-014,LIBERTARIAN,0,0,2,0,4
Montgomery,8,20,013-014,NO LABELS MARYLAND,0,0,0,0,0
Montgomery,8,20,013-014,OTHER PARTIES,5,2,1,0,13
Montgomery,8,20,013-014,REPUBLICAN,53,55,40,1,200
Montgomery,8,20,013-014,UNAFFILIATED,122,95,134,24,500
Montgomery,8,20,013-015,DEMOCRATIC,748,701,713,105,3047
Montgomery,8,20,013-015,GREEN,0,0,2,0,5
Montgomery,8,20,013-015,LIBERTARIAN,3,1,0,1,7
Montgomery,8,20,013-015,NO LABELS MARYLAND,2,2,2,1,9
Montgomery,8,20,013-015,OTHER PARTIES,10,1,1,3,35
Montgomery,8,20,013-015,REPUBLICAN,105,78,60,20,407
Montgomery,8,20,013-015,UNAFFILIATED,212,157,139,33,877
Montgomery,8,18,013-016,DEMOCRATIC,446,328,375,64,1588
Montgomery,8,18,013-016,GREEN,1,0,2,0,6
Montgomery,8,18,013-016,LIBERTARIAN,2,1,2,0,8
Montgomery,8,18,013-016,NO LABELS MARYLAND,0,0,1,0,3
Montgomery,8,18,013-016,OTHER PARTIES,10,3,1,0,33
Montgomery,8,18,013-016,REPUBLICAN,59,17,21,11,151
Montgomery,8,18,013-016,UNAFFILIATED,129,49,70,16,474
Montgomery,8,20,013-018,DEMOCRATIC,485,431,455,50,1736
Montgomery,8,20,013-018,GREEN,1,1,0,0,3
Montgomery,8,20,013-018,LIBERTARIAN,3,0,1,1,7
Montgomery,8,20,013-018,NO LABELS MARYLAND,1,1,0,0,2
Montgomery,8,20,013-018,OTHER PARTIES,2,2,0,2,11
Montgomery,8,20,013-018,REPUBLICAN,51,36,20,8,163
Montgomery,8,20,013-018,UNAFFILIATED,115,67,58,15,413
Montgomery,8,20,013-019,DEMOCRATIC,473,366,441,48,1526
Montgomery,8,20,013-019,GREEN,0,0,2,0,4
Montgomery,8,20,013-019,LIBERTARIAN,2,0,1,0,6
Montgomery,8,20,013-019,NO LABELS MARYLAND,0,0,0,0,1
Montgomery,8,20,013-019,OTHER PARTIES,4,2,4,0,12
Montgomery,8,20,013-019,REPUBLICAN,90,48,52,7,239
Montgomery,8,20,013-019,UNAFFILIATED,178,74,79,19,456
Montgomery,8,19,013-020,DEMOCRATIC,268,317,403,36,1283
Montgomery,8,19,013-020,GREEN,0,0,0,0,0
Montgomery,8,19,013-020,LIBERTARIAN,1,1,1,0,6
Montgomery,8,19,013-020,NO LABELS MARYLAND,0,0,1,0,3
Montgomery,8,19,013-020,OTHER PARTIES,1,3,4,0,13
Montgomery,8,19,013-020,REPUBLICAN,110,153,156,15,590
Montgomery,8,19,013-020,UNAFFILIATED,102,100,97,8,491
Montgomery,8,20,013-021,DEMOCRATIC,714,532,721,109,2773
Montgomery,8,20,013-021,GREEN,1,0,2,3,12
Montgomery,8,20,013-021,LIBERTARIAN,4,1,4,0,12
Montgomery,8,20,013-021,NO LABELS MARYLAND,1,0,2,2,7
Montgomery,8,20,013-021,OTHER PARTIES,12,4,1,0,47
Montgomery,8,20,013-021,REPUBLICAN,61,20,33,13,187
Montgomery,8,20,013-021,UNAFFILIATED,155,85,104,31,640
Montgomery,8,20,013-022,DEMOCRATIC,565,399,417,90,2081
Montgomery,8,20,013-022,GREEN,2,3,0,0,9
Montgomery,8,20,013-022,LIBERTARIAN,1,0,2,0,9
Montgomery,8,20,013-022,NO LABELS MARYLAND,1,0,1,1,3
Montgomery,8,20,013-022,OTHER PARTIES,12,3,6,1,44
Montgomery,8,20,013-022,REPUBLICAN,54,27,20,8,185
Montgomery,8,20,013-022,UNAFFILIATED,162,98,62,26,688
Montgomery,8,20,013-023,DEMOCRATIC,520,420,565,41,1757
Montgomery,8,20,013-023,GREEN,0,1,1,1,4
Montgomery,8,20,013-023,LIBERTARIAN,2,0,0,0,5
Montgomery,8,20,013-023,NO LABELS MARYLAND,3,0,1,0,4
Montgomery,8,20,013-023,OTHER PARTIES,4,6,2,0,16
Montgomery,8,20,013-023,REPUBLICAN,150,91,81,8,392
Montgomery,8,20,013-023,UNAFFILIATED,186,78,102,14,524
Montgomery,8,18,013-024,DEMOCRATIC,404,457,506,56,1634
Montgomery,8,18,013-024,GREEN,1,0,1,0,2
Montgomery,8,18,013-024,LIBERTARIAN,1,2,3,0,9
Montgomery,8,18,013-024,NO LABELS MARYLAND,0,0,1,0,2
Montgomery,8,18,013-024,OTHER PARTIES,5,0,4,0,16
Montgomery,8,18,013-024,REPUBLICAN,55,45,33,6,199
Montgomery,8,18,013-024,UNAFFILIATED,144,61,94,18,423
Montgomery,8,18,013-025,DEMOCRATIC,640,377,354,44,2200
Montgomery,8,18,013-025,GREEN,1,2,0,0,8
Montgomery,8,18,013-025,LIBERTARIAN,3,0,3,2,16
Montgomery,8,18,013-025,NO LABELS MARYLAND,0,0,2,0,8
Montgomery,8,18,013-025,OTHER PARTIES,4,7,5,2,33
Montgomery,8,18,013-025,REPUBLICAN,138,79,58,16,436
Montgomery,8,18,013-025,UNAFFILIATED,235,117,83,38,891
Montgomery,8,18,013-027,DEMOCRATIC,533,474,602,97,2042
Montgomery,8,18,013-027,GREEN,1,2,1,0,4
Montgomery,8,18,013-027,LIBERTARIAN,4,3,1,1,10
Montgomery,8,18,013-027,NO LABELS MARYLAND,1,0,0,0,2
Montgomery,8,18,013-027,OTHER PARTIES,8,3,5,0,25
Montgomery,8,18,013-027,REPUBLICAN,138,86,48,31,372
Montgomery,8,18,013-027,UNAFFILIATED,224,125,137,38,748
Montgomery,8,18,013-028,DEMOCRATIC,882,627,435,124,3084
Montgomery,8,18,013-028,GREEN,0,5,1,0,12
Montgomery,8,18,013-028,LIBERTARIAN,6,4,2,0,24
Montgomery,8,18,013-028,NO LABELS MARYLAND,0,0,1,0,5
Montgomery,8,18,013-028,OTHER PARTIES,13,11,3,4,63
Montgomery,8,18,013-028,REPUBLICAN,193,110,71,28,577
Montgomery,8,18,013-028,UNAFFILIATED,306,182,97,50,1185
Montgomery,8,18,013-029,DEMOCRATIC,517,491,373,90,1995
Montgomery,8,18,013-029,GREEN,0,1,0,0,2
Montgomery,8,18,013-029,LIBERTARIAN,1,1,4,1,10
Montgomery,8,18,013-029,NO LABELS MARYLAND,1,0,0,1,3
Montgomery,8,18,013-029,OTHER PARTIES,6,5,1,1,37
Montgomery,8,18,013-029,REPUBLICAN,108,77,55,11,367
Montgomery,8,18,013-029,UNAFFILIATED,193,126,91,29,733
Montgomery,8,18,013-031,DEMOCRATIC,364,302,305,38,1223
Montgomery,8,18,013-031,GREEN,0,0,0,1,1
Montgomery,8,18,013-031,LIBERTARIAN,4,1,2,0,10
Montgomery,8,18,013-031,NO LABELS MARYLAND,0,0,2,0,2
Montgomery,8,18,013-031,OTHER PARTIES,3,5,2,0,14
Montgomery,8,18,013-031,REPUBLICAN,55,36,27,10,167
Montgomery,8,18,013-031,UNAFFILIATED,132,67,61,14,386
Montgomery,8,18,013-032,DEMOCRATIC,549,644,535,101,2406
Montgomery,8,18,013-032,GREEN,2,0,2,0,5
Montgomery,8,18,013-032,LIBERTARIAN,4,6,4,0,20
Montgomery,8,18,013-032,NO LABELS MARYLAND,2,0,0,0,3
Montgomery,8,18,013-032,OTHER PARTIES,9,4,3,2,35
Montgomery,8,18,013-032,REPUBLICAN,83,57,36,11,283
Montgomery,8,18,013-032,UNAFFILIATED,212,175,117,58,855
Montgomery,8,19,013-033,DEMOCRATIC,325,330,338,34,1272
Montgomery,8,19,013-033,GREEN,0,0,1,0,3
Montgomery,8,19,013-033,LIBERTARIAN,3,1,1,0,8
Montgomery,8,19,013-033,NO LABELS MARYLAND,1,2,0,0,3
Montgomery,8,19,013-033,OTHER PARTIES,2,3,0,1,13
Montgomery,8,19,013-033,REPUBLICAN,90,103,72,17,368
Montgomery,8,19,013-033,UNAFFILIATED,135,84,85,13,488
Montgomery,8,18,013-034,DEMOCRATIC,497,383,551,51,1764
Montgomery,8,18,013-034,GREEN,1,1,1,0,4
Montgomery,8,18,013-034,LIBERTARIAN,5,0,2,0,10
Montgomery,8,18,013-034,NO LABELS MARYLAND,2,1,1,0,5
Montgomery,8,18,013-034,OTHER PARTIES,7,1,7,2,19
Montgomery,8,18,013-034,REPUBLICAN,129,87,54,9,355
Montgomery,8,18,013-034,UNAFFILIATED,153,94,124,18,553
Montgomery,8,19,013-035,DEMOCRATIC,475,326,263,61,1702
Montgomery,8,19,013-035,GREEN,1,0,1,0,9
Montgomery,8,19,013-035,LIBERTARIAN,0,0,0,1,4
Montgomery,8,19,013-035,NO LABELS MARYLAND,3,0,1,1,9
Montgomery,8,19,013-035,OTHER PARTIES,5,4,3,2,27
Montgomery,8,19,013-035,REPUBLICAN,116,80,35,11,367
Montgomery,8,19,013-035,UNAFFILIATED,189,86,70,36,664
Montgomery,8,18,013-036,DEMOCRATIC,520,271,292,56,1608
Montgomery,8,18,013-036,GREEN,0,2,0,0,5
Montgomery,8,18,013-036,LIBERTARIAN,5,0,1,0,9
Montgomery,8,18,013-036,NO LABELS MARYLAND,2,0,1,1,8
Montgomery,8,18,013-036,OTHER PARTIES,5,4,2,2,29
Montgomery,8,18,013-036,REPUBLICAN,120,66,45,16,344
Montgomery,8,18,013-036,UNAFFILIATED,217,75,72,28,668
Montgomery,8,19,013-037,DEMOCRATIC,329,215,231,36,1142
Montgomery,8,19,013-037,GREEN,0,0,0,1,4
Montgomery,8,19,013-037,LIBERTARIAN,3,1,1,1,11
Montgomery,8,19,013-037,NO LABELS MARYLAND,2,0,0,1,3
Montgomery,8,19,013-037,OTHER PARTIES,4,3,1,0,19
Montgomery,8,19,013-037,REPUBLICAN,133,75,47,15,359
Montgomery,8,19,013-037,UNAFFILIATED,133,83,67,19,497
Montgomery,8,18,013-038,DEMOCRATIC,726,582,975,60,2628
Montgomery,8,18,013-038,GREEN,0,0,2,0,4
Montgomery,8,18,013-038,LIBERTARIAN,6,1,2,0,19
Montgomery,8,18,013-038,NO LABELS MARYLAND,0,0,0,0,0
Montgomery,8,18,013-038,OTHER PARTIES,7,9,8,0,37
Montgomery,8,18,013-038,REPUBLICAN,306,248,190,26,959
Montgomery,8,18,013-038,UNAFFILIATED,309,157,276,35,1005
Montgomery,8,18,013-039,DEMOCRATIC,455,406,579,53,1693
Montgomery,8,18,013-039,GREEN,0,0,0,0,2
Montgomery,8,18,013-039,LIBERTARIAN,2,1,2,1,5
Montgomery,8,18,013-039,NO LABELS MARYLAND,0,0,0,1,1
Montgomery,8,18,013-039,OTHER PARTIES,2,2,1,0,10
Montgomery,8,18,013-039,REPUBLICAN,48,31,25,3,136
Montgomery,8,18,013-039,UNAFFILIATED,122,86,102,19,432
Montgomery,8,18,013-040,DEMOCRATIC,378,232,354,44,1206
Montgomery,8,18,013-040,GREEN,2,0,0,1,3
Montgomery,8,18,013-040,LIBERTARIAN,1,0,1,0,3
Montgomery,8,18,013-040,NO LABELS MARYLAND,1,0,1,0,2
Montgomery,8,18,013-040,OTHER PARTIES,8,3,4,1,20
Montgomery,8,18,013-040,REPUBLICAN,87,48,39,5,233
Montgomery,8,18,013-040,UNAFFILIATED,150,68,81,26,439
Montgomery,8,20,013-042,DEMOCRATIC,323,244,222,19,980
Montgomery,8,20,013-042,GREEN,0,0,0,0,1
Montgomery,8,20,013-042,LIBERTARIAN,1,0,2,0,6
Montgomery,8,20,013-042,NO LABELS MARYLAND,0,0,1,0,1
Montgomery,8,20,013-042,OTHER PARTIES,4,0,1,0,13
Montgomery,8,20,013-042,REPUBLICAN,70,20,15,4,157
Montgomery,8,20,013-042,UNAFFILIATED,102,58,38,14,331
Montgomery,8,19,013-043,DEMOCRATIC,427,263,256,38,1377
Montgomery,8,19,013-043,GREEN,2,0,0,0,3
Montgomery,8,19,013-043,LIBERTARIAN,3,1,2,1,11
Montgomery,8,19,013-043,NO LABELS MARYLAND,0,0,0,0,2
Montgomery,8,19,013-043,OTHER PARTIES,9,0,0,1,26
Montgomery,8,19,013-043,REPUBLICAN,121,73,44,5,345
Montgomery,8,19,013-043,UNAFFILIATED,169,84,61,14,579
Montgomery,8,18,013-044,DEMOCRATIC,407,605,513,105,2125
Montgomery,8,18,013-044,GREEN,0,0,2,0,5
Montgomery,8,18,013-044,LIBERTARIAN,2,1,3,1,15
Montgomery,8,18,013-044,NO LABELS MARYLAND,1,1,1,0,9
Montgomery,8,18,013-044,OTHER PARTIES,8,7,2,4,41
Montgomery,8,18,013-044,REPUBLICAN,96,94,82,26,387
Montgomery,8,18,013-044,UNAFFILIATED,169,171,107,49,756
Montgomery,8,19,013-045,DEMOCRATIC,321,238,273,42,1144
Montgomery,8,19,013-045,GREEN,0,0,0,0,2
Montgomery,8,19,013-045,LIBERTARIAN,2,1,0,0,6
Montgomery,8,19,013-045,NO LABELS MARYLAND,1,1,0,0,6
Montgomery,8,19,013-045,OTHER PARTIES,6,1,0,0,14
Montgomery,8,19,013-045,REPUBLICAN,73,88,32,6,281
Montgomery,8,19,013-045,UNAFFILIATED,170,67,51,21,513
Montgomery,8,19,013-046,DEMOCRATIC,227,356,324,28,1163
Montgomery,8,19,013-046,GREEN,1,0,0,0,1
Montgomery,8,19,013-046,LIBERTARIAN,1,0,0,1,5
Montgomery,8,19,013-046,NO LABELS MARYLAND,1,0,2,0,3
Montgomery,8,19,013-046,OTHER PARTIES,4,6,3,1,19
Montgomery,8,19,013-046,REPUBLICAN,108,146,87,12,458
Montgomery,8,19,013-046,UNAFFILIATED,135,144,92,22,575
Montgomery,8,20,013-047,DEMOCRATIC,594,869,809,206,2895
Montgomery,8,20,013-047,GREEN,0,0,1,3,7
Montgomery,8,20,013-047,LIBERTARIAN,3,0,1,0,11
Montgomery,8,20,013-047,NO LABELS MARYLAND,0,2,2,1,7
Montgomery,8,20,013-047,OTHER PARTIES,9,3,1,4,31
Montgomery,8,20,013-047,REPUBLICAN,37,30,20,12,163
Montgomery,8,20,013-047,UNAFFILIATED,194,187,142,84,798
Montgomery,8,19,013-049,DEMOCRATIC,222,292,265,149,1160
Montgomery,8,19,013-049,GREEN,1,0,3,0,5
Montgomery,8,19,013-049,LIBERTARIAN,2,0,0,1,4
Montgomery,8,19,013-049,NO LABELS MARYLAND,0,1,1,2,3
Montgomery,8,19,013-049,OTHER PARTIES,3,2,0,4,17
Montgomery,8,19,013-049,REPUBLICAN,43,56,26,31,182
Montgomery,8,19,013-049,UNAFFILIATED,66,65,59,42,350
Montgomery,8,20,013-050,DEMOCRATIC,305,547,612,38,1687
Montgomery,8,20,013-050,GREEN,2,0,2,0,4
Montgomery,8,20,013-050,LIBERTARIAN,0,1,0,0,3
Montgomery,8,20,013-050,NO LABELS MARYLAND,1,0,0,0,1
Montgomery,8,20,013-050,OTHER PARTIES,0,1,0,0,8
Montgomery,8,20,013-050,REPUBLICAN,28,32,16,6,104
Montgomery,8,20,013-050,UNAFFILIATED,66,75,56,13,283
Montgomery,8,19,013-051,DEMOCRATIC,447,483,520,57,1760
Montgomery,8,19,013-051,GREEN,2,1,1,0,7
Montgomery,8,19,013-051,LIBERTARIAN,1,1,1,0,5
Montgomery,8,19,013-051,NO LABELS MARYLAND,0,0,2,0,3
Montgomery,8,19,013-051,OTHER PARTIES,6,4,3,0,22
Montgomery,8,19,013-051,REPUBLICAN,125,156,79,17,459
Montgomery,8,19,013-051,UNAFFILIATED,173,164,149,18,724
Montgomery,8,19,013-052,DEMOCRATIC,243,396,409,114,1276
Montgomery,8,19,013-052,GREEN,1,0,0,1,4
Montgomery,8,19,013-052,LIBERTARIAN,1,2,1,0,7
Montgomery,8,19,013-052,NO LABELS MARYLAND,1,0,1,1,4
Montgomery,8,19,013-052,OTHER PARTIES,1,1,2,1,10
Montgomery,8,19,013-052,REPUBLICAN,104,104,53,30,351
Montgomery,8,19,013-052,UNAFFILIATED,121,130,104,53,539
Montgomery,8,18,013-053,DEMOCRATIC,317,288,309,33,1146
Montgomery,8,18,013-053,GREEN,0,0,1,0,1
Montgomery,8,18,013-053,LIBERTARIAN,2,0,2,0,4
Montgomery,8,18,013-053,NO LABELS MARYLAND,0,1,0,0,1
Montgomery,8,18,013-053,OTHER PARTIES,3,3,2,0,14
Montgomery,8,18,013-053,REPUBLICAN,68,50,34,9,220
Montgomery,8,18,013-053,UNAFFILIATED,105,72,69,12,382
Montgomery,8,19,013-054,DEMOCRATIC,291,250,873,67,1702
Montgomery,8,19,013-054,GREEN,0,0,0,0,2
Montgomery,8,19,013-054,LIBERTARIAN,1,0,2,0,4
Montgomery,8,19,013-054,NO LABELS MARYLAND,0,0,2,0,2
Montgomery,8,19,013-054,OTHER PARTIES,6,3,8,0,30
Montgomery,8,19,013-054,REPUBLICAN,109,88,143,13,436
Montgomery,8,19,013-054,UNAFFILIATED,106,45,148,15,425
Montgomery,8,19,013-055,DEMOCRATIC,287,241,138,42,1115
Montgomery,8,19,013-055,GREEN,1,0,0,0,2
Montgomery,8,19,013-055,LIBERTARIAN,0,1,0,0,1
Montgomery,8,19,013-055,NO LABELS MARYLAND,1,0,0,0,3
Montgomery,8,19,013-055,OTHER PARTIES,2,1,3,0,23
Montgomery,8,19,013-055,REPUBLICAN,41,25,10,9,148
Montgomery,8,19,013-055,UNAFFILIATED,70,62,33,13,383
Montgomery,8,19,013-056,DEMOCRATIC,482,608,478,88,2191
Montgomery,8,19,013-056,GREEN,0,1,0,0,4
Montgomery,8,19,013-056,LIBERTARIAN,3,3,0,0,12
Montgomery,8,19,013-056,NO LABELS MARYLAND,0,0,2,0,5
Montgomery,8,19,013-056,OTHER PARTIES,7,4,5,1,26
Montgomery,8,19,013-056,REPUBLICAN,106,101,72,33,430
Montgomery,8,19,013-056,UNAFFILIATED,185,187,98,44,835
Montgomery,8,19,013-057,DEMOCRATIC,174,142,114,31,616
Montgomery,8,19,013-057,GREEN,0,1,0,0,2
Montgomery,8,19,013-057,LIBERTARIAN,2,0,0,0,4
Montgomery,8,19,013-057,NO LABELS MARYLAND,1,0,0,0,1
Montgomery,8,19,013-057,OTHER PARTIES,1,3,3,0,13
Montgomery,8,19,013-057,REPUBLICAN,48,32,21,10,151
Montgomery,8,19,013-057,UNAFFILIATED,61,27,28,14,221
Montgomery,8,18,013-058,DEMOCRATIC,597,627,803,79,2513
Montgomery,8,18,013-058,GREEN,2,0,2,1,6
Montgomery,8,18,013-058,LIBERTARIAN,5,1,2,0,14
Montgomery,8,18,013-058,NO LABELS MARYLAND,1,1,0,0,2
Montgomery,8,18,013-058,OTHER PARTIES,4,8,4,0,38
Montgomery,8,18,013-058,REPUBLICAN,109,88,68,7,387
Montgomery,8,18,013-058,UNAFFILIATED,202,155,152,21,760
Montgomery,8,18,013-059,DEMOCRATIC,348,271,374,44,1239
Montgomery,8,18,013-059,GREEN,0,0,0,0,1
Montgomery,8,18,013-059,LIBERTARIAN,3,0,1,1,6
Montgomery,8,18,013-059,NO LABELS MARYLAND,0,1,2,0,3
Montgomery,8,18,013-059,OTHER PARTIES,4,2,3,0,17
Montgomery,8,18,013-059,REPUBLICAN,74,49,29,7,195
Montgomery,8,18,013-059,UNAFFILIATED,96,72,73,23,359
Montgomery,8,19,013-061,DEMOCRATIC,638,957,735,89,3272
Montgomery,8,19,013-061,GREEN,1,0,2,0,6
Montgomery,8,19,013-061,LIBERTARIAN,5,7,2,0,28
Montgomery,8,19,013-061,NO LABELS MARYLAND,1,2,2,0,6
Montgomery,8,19,013-061,OTHER PARTIES,11,10,8,1,45
Montgomery,8,19,013-061,REPUBLICAN,180,192,90,19,694
Montgomery,8,19,013-061,UNAFFILIATED,295,273,212,37,1302
Montgomery,8,19,013-063,DEMOCRATIC,172,149,183,28,683
Montgomery,8,19,013-063,GREEN,1,2,0,0,3
Montgomery,8,19,013-063,LIBERTARIAN,1,0,0,0,2
Montgomery,8,19,013-063,NO LABELS MARYLAND,1,0,0,0,1
Montgomery,8,19,013-063,OTHER PARTIES,2,2,0,0,13
Montgomery,8,19,013-063,REPUBLICAN,38,24,35,9,141
Montgomery,8,19,013-063,UNAFFILIATED,90,43,57,9,303
Montgomery,8,19,013-064,DEMOCRATIC,480,453,239,120,1821
Montgomery,8,19,013-064,GREEN,2,0,0,0,5
Montgomery,8,19,013-064,LIBERTARIAN,5,0,0,1,9
Montgomery,8,19,013-064,NO LABELS MARYLAND,1,0,2,1,9
Montgomery,8,19,013-064,OTHER PARTIES,7,5,1,2,48
Montgomery,8,19,013-064,REPUBLICAN,69,43,27,24,232
Montgomery,8,19,013-064,UNAFFILIATED,158,86,68,39,633
Montgomery,8,20,013-065,DEMOCRATIC,196,245,162,67,958
Montgomery,8,20,013-065,GREEN,1,0,0,0,2
Montgomery,8,20,013-065,LIBERTARIAN,0,1,2,0,9
Montgomery,8,20,013-065,NO LABELS MARYLAND,1,0,3,0,5
Montgomery,8,20,013-065,OTHER PARTIES,1,1,1,1,14
Montgomery,8,20,013-065,REPUBLICAN,9,9,10,8,68
Montgomery,8,20,013-065,UNAFFILIATED,70,42,34,27,312
Montgomery,8,20,013-067,DEMOCRATIC,325,317,492,28,1375
Montgomery,8,20,013-067,GREEN,2,0,0,0,5
Montgomery,8,20,013-067,LIBERTARIAN,0,1,0,0,4
Montgomery,8,20,013-067,NO LABELS MARYLAND,1,1,0,0,2
Montgomery,8,20,013-067,OTHER PARTIES,3,5,2,0,18
Montgomery,8,20,013-067,REPUBLICAN,10,12,16,3,60
Montgomery,8,20,013-067,UNAFFILIATED,52,34,53,3,238
Montgomery,8,20,013-068,DEMOCRATIC,485,322,456,62,1622
Montgomery,8,20,013-068,GREEN,0,0,3,0,3
Montgomery,8,20,013-068,LIBERTARIAN,0,1,0,2,7
Montgomery,8,20,013-068,NO LABELS MARYLAND,0,0,0,0,1
Montgomery,8,20,013-068,OTHER PARTIES,7,1,3,0,16
Montgomery,8,20,013-068,REPUBLICAN,34,19,16,14,125
Montgomery,8,20,013-068,UNAFFILIATED,128,55,68,21,411
Montgomery,8,19,013-069,DEMOCRATIC,249,234,881,44,1539
Montgomery,8,19,013-069,GREEN,1,0,0,0,1
Montgomery,8,19,013-069,LIBERTARIAN,0,0,1,0,2
Montgomery,8,19,013-069,NO LABELS MARYLAND,1,0,0,0,2
Montgomery,8,19,013-069,OTHER PARTIES,5,7,3,0,20
Montgomery,8,19,013-069,REPUBLICAN,100,93,151,14,428
Montgomery,8,19,013-069,UNAFFILIATED,82,41,155,12,361
Montgomery,8,19,013-071,DEMOCRATIC,216,205,799,42,1422
Montgomery,8,19,013-071,GREEN,0,0,0,0,0
Montgomery,8,19,013-071,LIBERTARIAN,0,0,0,0,0
Montgomery,8,19,013-071,NO LABELS MARYLAND,1,0,3,0,4
Montgomery,8,19,013-071,OTHER PARTIES,3,2,3,0,14
Montgomery,8,19,013-071,REPUBLICAN,55,61,118,10,306
Montgomery,8,19,013-071,UNAFFILIATED,42,41,103,14,258
Montgomery,,,Unable to Determine,DEMOCRATIC,0,0,0,398,
Montgomery,,,Unable to Determine,GREEN,0,0,0,2,
Montgomery,,,Unable to Determine,LIBERTARIAN,0,0,0,0,
Montgomery,,,Unable to Determine,NO LABELS MARYLAND,0,0,0,1,
Montgomery,,,Unable to Determine,OTHER PARTIES,0,0,0,10,
Montgomery,,,Unable to Determine,REPUBLICAN,0,0,0,88,
Montgomery,,,Unable to Determine,UNAFFILIATED,0,0,0,155,
Prince George's,4,21,001-001,DEMOCRATIC,608,563,406,115,2472
Prince George's,4,21,001-001,GREEN,1,0,0,0,2
Prince George's,4,21,001-001,LIBERTARIAN,1,4,0,1,15
Prince George's,4,21,001-001,NO LABELS MARYLAND,2,0,1,0,5
Prince George's,4,21,001-001,OTHER PARTIES,10,13,3,0,78
Prince George's,4,21,001-001,REPUBLICAN,119,112,82,25,495
Prince George's,4,21,001-001,UNAFFILIATED,183,115,107,46,867
Prince George's,4,21,001-002,DEMOCRATIC,213,178,150,64,897
Prince George's,4,21,001-002,GREEN,0,1,0,0,3
Prince George's,4,21,001-002,LIBERTARIAN,0,1,3,0,10
Prince George's,4,21,001-002,NO LABELS MARYLAND,0,1,3,0,4
Prince George's,4,21,001-002,OTHER PARTIES,4,3,1,2,34
Prince George's,4,21,001-002,REPUBLICAN,62,27,36,13,208
Prince George's,4,21,001-002,UNAFFILIATED,115,42,40,29,388
Prince George's,4,21,001-003,DEMOCRATIC,557,389,272,171,2102
Prince George's,4,21,001-003,GREEN,0,0,1,1,4
Prince George's,4,21,001-003,LIBERTARIAN,0,0,1,1,8
Prince George's,4,21,001-003,NO LABELS MARYLAND,3,0,3,1,11
Prince George's,4,21,001-003,OTHER PARTIES,21,12,1,2,76
Prince George's,4,21,001-003,REPUBLICAN,74,38,19,20,232
Prince George's,4,21,001-003,UNAFFILIATED,144,64,60,47,626
Prince George's,4,21,001-004,DEMOCRATIC,436,273,229,56,1485
Prince George's,4,21,001-004,GREEN,0,0,0,0,3
Prince George's,4,21,001-004,LIBERTARIAN,5,2,0,1,13
Prince George's,4,21,001-004,NO LABELS MARYLAND,1,3,1,0,10
Prince George's,4,21,001-004,OTHER PARTIES,11,3,1,0,57
Prince George's,4,21,001-004,REPUBLICAN,119,79,53,13,427
Prince George's,4,21,001-004,UNAFFILIATED,150,73,59,21,594
Prince George's,4,21,001-005,DEMOCRATIC,408,304,243,74,1465
Prince George's,4,21,001-005,GREEN,0,0,1,0,5
Prince George's,4,21,001-005,LIBERTARIAN,1,0,0,1,9
Prince George's,4,21,001-005,NO LABELS MARYLAND,1,0,1,0,3
Prince George's,4,21,001-005,OTHER PARTIES,8,3,2,1,58
Prince George's,4,21,001-005,REPUBLICAN,127,66,56,17,391
Prince George's,4,21,001-005,UNAFFILIATED,145,74,72,30,568
Prince George's,4,21,001-006,DEMOCRATIC,278,318,202,39,1155
Prince George's,4,21,001-006,GREEN,0,0,0,0,1
Prince George's,4,21,001-006,LIBERTARIAN,2,1,0,0,6
Prince George's,4,21,001-006,NO LABELS MARYLAND,0,0,0,1,2
Prince George's,4,21,001-006,OTHER PARTIES,7,9,3,2,42
Prince George's,4,21,001-006,REPUBLICAN,49,29,11,7,140
Prince George's,4,21,001-006,UNAFFILIATED,98,47,39,14,313
Prince George's,4,21,001-007,DEMOCRATIC,309,88,559,46,1244
Prince George's,4,21,001-007,GREEN,2,0,0,0,2
Prince George's,4,21,001-007,LIBERTARIAN,0,0,0,0,3
Prince George's,4,21,001-007,NO LABELS MARYLAND,0,0,0,1,0
Prince George's,4,21,001-007,OTHER PARTIES,4,2,3,1,18
Prince George's,4,21,001-007,REPUBLICAN,52,16,86,9,243
Prince George's,4,21,001-007,UNAFFILIATED,33,16,62,11,169
Prince George's,4,21,001-008,DEMOCRATIC,82,83,68,18,400
Prince George's,4,21,001-008,GREEN,0,0,0,0,2
Prince George's,4,21,001-008,LIBERTARIAN,0,0,0,1,4
Prince George's,4,21,001-008,NO LABELS MARYLAND,0,0,0,0,3
Prince George's,4,21,001-008,OTHER PARTIES,0,0,0,0,15
Prince George's,4,21,001-008,REPUBLICAN,21,9,3,1,74
Prince George's,4,21,001-008,UNAFFILIATED,44,28,15,8,189
Prince George's,4,47A,002-001,DEMOCRATIC,277,176,169,66,1199
Prince George's,4,47A,002-001,GREEN,1,0,0,1,4
Prince George's,4,47A,002-001,LIBERTARIAN,0,1,0,1,4
Prince George's,4,47A,002-001,NO LABELS MARYLAND,2,1,0,1,6
Prince George's,4,47A,002-001,OTHER PARTIES,4,2,2,2,38
Prince George's,4,47A,002-001,REPUBLICAN,15,12,9,3,104
Prince George's,4,47A,002-001,UNAFFILIATED,45,30,25,19,276
Prince George's,4,47A,002-002,DEMOCRATIC,344,182,117,34,1021
Prince George's,4,47A,002-002,GREEN,1,0,2,0,5
Prince George's,4,47A,002-002,LIBERTARIAN,3,0,0,0,4
Prince George's,4,47A,002-002,NO LABELS MARYLAND,3,1,0,0,5
Prince George's,4,47A,002-002,OTHER PARTIES,10,2,2,0,39
Prince George's,4,47A,002-002,REPUBLICAN,37,15,6,4,97
Prince George's,4,47A,002-002,UNAFFILIATED,104,37,18,12,315
Prince George's,4,47A,002-003,DEMOCRATIC,416,436,399,53,1807
Prince George's,4,47A,002-003,GREEN,0,2,1,0,4
Prince George's,4,47A,002-003,LIBERTARIAN,1,0,2,0,4
Prince George's,4,47A,002-003,NO LABELS MARYLAND,2,1,1,0,4
Prince George's,4,47A,002-003,OTHER PARTIES,8,10,4,1,55
Prince George's,4,47A,002-003,REPUBLICAN,64,44,29,5,201
Prince George's,4,47A,002-003,UNAFFILIATED,106,61,60,6,389
Prince George's,4,47A,002-004,DEMOCRATIC,335,200,136,46,1125
Prince George's,4,47A,002-004,GREEN,1,0,0,0,1
Prince George's,4,47A,002-004,LIBERTARIAN,4,3,1,0,13
Prince George's,4,47A,002-004,NO LABELS MARYLAND,1,0,1,1,3
Prince George's,4,47A,002-004,OTHER PARTIES,8,3,2,2,49
Prince George's,4,47A,002-004,REPUBLICAN,33,18,11,8,115
Prince George's,4,47A,002-004,UNAFFILIATED,89,31,27,16,312
Prince George's,4,47A,002-005,DEMOCRATIC,283,156,115,21,1093
Prince George's,4,47A,002-005,GREEN,1,1,0,0,4
Prince George's,4,47A,002-005,LIBERTARIAN,3,0,0,0,7
Prince George's,4,47A,002-005,NO LABELS MARYLAND,0,1,1,1,3
Prince George's,4,47A,002-005,OTHER PARTIES,7,4,1,0,63
Prince George's,4,47A,002-005,REPUBLICAN,41,17,17,7,158
Prince George's,4,47A,002-005,UNAFFILIATED,63,17,25,16,301
Prince George's,4,22,002-006,DEMOCRATIC,598,358,283,75,2137
Prince George's,4,22,002-006,GREEN,0,0,0,0,5
Prince George's,4,22,002-006,LIBERTARIAN,2,1,0,0,5
Prince George's,4,22,002-006,NO LABELS MARYLAND,1,0,2,1,5
Prince George's,4,22,002-006,OTHER PARTIES,6,1,4,1,65
Prince George's,4,22,002-006,REPUBLICAN,64,21,26,9,188
Prince George's,4,22,002-006,UNAFFILIATED,129,49,39,48,546
Prince George's,4,47A,002-007,DEMOCRATIC,351,316,335,48,1365
Prince George's,4,47A,002-007,GREEN,1,0,0,0,1
Prince George's,4,47A,002-007,LIBERTARIAN,1,0,0,0,4
Prince George's,4,47A,002-007,NO LABELS MARYLAND,0,0,1,1,1
Prince George's,4,47A,002-007,OTHER PARTIES,1,2,0,0,26
Prince George's,4,47A,002-007,REPUBLICAN,61,43,49,10,227
Prince George's,4,47A,002-007,UNAFFILIATED,103,54,66,10,332
Prince George's,4,47A,002-008,DEMOCRATIC,717,437,345,117,2640
Prince George's,4,47A,002-008,GREEN,2,0,0,0,2
Prince George's,4,47A,002-008,LIBERTARIAN,2,0,0,0,12
Prince George's,4,47A,002-008,NO LABELS MARYLAND,2,0,1,0,6
Prince George's,4,47A,002-008,OTHER PARTIES,14,3,3,1,71
Prince George's,4,47A,002-008,REPUBLICAN,52,29,21,20,220
Prince George's,4,47A,002-008,UNAFFILIATED,137,53,30,31,616
Prince George's,4,47A,002-009,DEMOCRATIC,575,466,290,110,2295
Prince George's,4,47A,002-009,GREEN,1,0,0,1,3
Prince George's,4,47A,002-009,LIBERTARIAN,1,1,0,0,6
Prince George's,4,47A,002-009,NO LABELS MARYLAND,2,1,0,0,5
Prince George's,4,47A,002-009,OTHER PARTIES,8,2,2,2,62
Prince George's,4,47A,002-009,REPUBLICAN,52,22,15,9,171
Prince George's,4,47A,002-009,UNAFFILIATED,115,65,34,32,515
Prince George's,4,22,002-010,DEMOCRATIC,299,301,232,59,1530
Prince George's,4,22,002-010,GREEN,1,0,0,0,3
Prince George's,4,22,002-010,LIBERTARIAN,2,1,1,0,7
Prince George's,4,22,002-010,NO LABELS MARYLAND,1,1,0,2,6
Prince George's,4,22,002-010,OTHER PARTIES,12,7,0,0,48
Prince George's,4,22,002-010,REPUBLICAN,29,13,20,12,140
Prince George's,4,22,002-010,UNAFFILIATED,76,45,39,12,401
Prince George's,4,22,002-011,DEMOCRATIC,12,0,2,1,48
Prince George's,4,22,002-011,GREEN,0,0,0,0,0
Prince George's,4,22,002-011,LIBERTARIAN,0,0,0,0,0
Prince George's,4,22,002-011,NO LABELS MARYLAND,0,0,0,0,0
Prince George's,4,22,002-011,OTHER PARTIES,0,0,0,0,3
Prince George's,4,22,002-011,REPUBLICAN,2,0,0,1,8
Prince George's,4,22,002-011,UNAFFILIATED,7,1,1,1,28
Prince George's,5,23,003-001,DEMOCRATIC,171,266,132,33,847
Prince George's,5,23,003-001,GREEN,0,0,0,0,1
Prince George's,5,23,003-001,LIBERTARIAN,2,0,0,0,3
Prince George's,5,23,003-001,NO LABELS MARYLAND,1,0,0,1,4
Prince George's,5,23,003-001,OTHER PARTIES,5,1,5,0,29
Prince George's,5,23,003-001,REPUBLICAN,44,43,23,8,154
Prince George's,5,23,003-001,UNAFFILIATED,44,37,37,10,216
Prince George's,5,23,003-002,DEMOCRATIC,543,723,464,57,2484
Prince George's,5,23,003-002,GREEN,1,0,0,0,1
Prince George's,5,23,003-002,LIBERTARIAN,2,0,1,0,9
Prince George's,5,23,003-002,NO LABELS MARYLAND,1,1,1,0,3
Prince George's,5,23,003-002,OTHER PARTIES,4,4,0,1,42
Prince George's,5,23,003-002,REPUBLICAN,42,48,23,3,188
Prince George's,5,23,003-002,UNAFFILIATED,87,95,35,11,455
Prince George's,5,23,003-003,DEMOCRATIC,810,2065,1014,133,4982
Prince George's,5,23,003-003,GREEN,1,0,0,1,2
Prince George's,5,23,003-003,LIBERTARIAN,2,5,1,0,10
Prince George's,5,23,003-003,NO LABELS MARYLAND,1,3,3,1,12
Prince George's,5,23,003-003,OTHER PARTIES,9,9,10,1,55
Prince George's,5,23,003-003,REPUBLICAN,42,68,48,5,263
Prince George's,5,23,003-003,UNAFFILIATED,174,250,138,24,940
Prince George's,5,25,003-004,DEMOCRATIC,380,717,495,83,2169
Prince George's,5,25,003-004,GREEN,0,0,0,0,0
Prince George's,5,25,003-004,LIBERTARIAN,0,0,1,0,2
Prince George's,5,25,003-004,NO LABELS MARYLAND,1,0,2,0,5
Prince George's,5,25,003-004,OTHER PARTIES,5,4,4,0,48
Prince George's,5,25,003-004,REPUBLICAN,17,27,15,3,105
Prince George's,5,25,003-004,UNAFFILIATED,73,67,45,21,330
Prince George's,5,23,003-005,DEMOCRATIC,363,761,334,194,2061
Prince George's,5,23,003-005,GREEN,0,0,0,0,1
Prince George's,5,23,003-005,LIBERTARIAN,1,2,0,0,3
Prince George's,5,23,003-005,NO LABELS MARYLAND,0,1,4,2,6
Prince George's,5,23,003-005,OTHER PARTIES,6,4,1,4,36
Prince George's,5,23,003-005,REPUBLICAN,16,15,13,13,95
Prince George's,5,23,003-005,UNAFFILIATED,66,69,28,35,346
Prince George's,5,25,003-006,DEMOCRATIC,490,989,553,110,2720
Prince George's,5,25,003-006,GREEN,1,0,0,0,2
Prince George's,5,25,003-006,LIBERTARIAN,0,1,0,0,4
Prince George's,5,25,003-006,NO LABELS MARYLAND,0,0,1,2,5
Prince George's,5,25,003-006,OTHER PARTIES,9,4,1,1,38
Prince George's,5,25,003-006,REPUBLICAN,23,20,15,8,90
Prince George's,5,25,003-006,UNAFFILIATED,98,104,68,20,471
Prince George's,5,25,003-007,DEMOCRATIC,75,146,56,22,422
Prince George's,5,25,003-007,GREEN,0,1,0,0,1
Prince George's,5,25,003-007,LIBERTARIAN,0,1,0,0,1
Prince George's,5,25,003-007,NO LABELS MARYLAND,1,0,0,0,1
Prince George's,5,25,003-007,OTHER PARTIES,0,0,0,0,8
Prince George's,5,25,003-007,REPUBLICAN,3,4,0,2,16
Prince George's,5,25,003-007,UNAFFILIATED,21,16,9,7,77
Prince George's,5,23,003-008,DEMOCRATIC,17,43,48,5,143
Prince George's,5,23,003-008,GREEN,0,0,0,0,0
Prince George's,5,23,003-008,LIBERTARIAN,1,1,0,0,2
Prince George's,5,23,003-008,NO LABELS MARYLAND,0,0,0,0,0
Prince George's,5,23,003-008,OTHER PARTIES,0,0,1,0,6
Prince George's,5,23,003-008,REPUBLICAN,12,19,12,3,74
Prince George's,5,23,003-008,UNAFFILIATED,11,19,12,3,77
Prince George's,5,27B,004-001,DEMOCRATIC,131,233,131,44,696
Prince George's,5,27B,004-001,GREEN,0,0,0,0,0
Prince George's,5,27B,004-001,LIBERTARIAN,1,1,2,0,8
Prince George's,5,27B,004-001,NO LABELS MARYLAND,1,0,0,0,2
Prince George's,5,27B,004-001,OTHER PARTIES,3,2,0,0,21
Prince George's,5,27B,004-001,REPUBLICAN,63,115,36,12,322
Prince George's,5,27B,004-001,UNAFFILIATED,46,54,24,16,199
Prince George's,5,23,004-002,DEMOCRATIC,95,139,93,10,475
Prince George's,5,23,004-002,GREEN,0,0,0,0,0
Prince George's,5,23,004-002,LIBERTARIAN,0,0,1,0,4
Prince George's,5,23,004-002,NO LABELS MARYLAND,0,0,0,0,1
Prince George's,5,23,004-002,OTHER PARTIES,4,4,0,0,18
Prince George's,5,23,004-002,REPUBLICAN,44,75,27,1,208
Prince George's,5,23,004-002,UNAFFILIATED,34,34,26,2,146
Prince George's,5,27A,005-001,DEMOCRATIC,443,808,307,117,2087
Prince George's,5,27A,005-001,GREEN,1,0,0,0,3
Prince George's,5,27A,005-001,LIBERTARIAN,2,0,1,0,5
Prince George's,5,27A,005-001,NO LABELS MARYLAND,0,1,0,0,3
Prince George's,5,27A,005-001,OTHER PARTIES,3,5,0,1,19
Prince George's,5,27A,005-001,REPUBLICAN,28,48,17,10,141
Prince George's,5,27A,005-001,UNAFFILIATED,111,114,47,35,446
Prince George's,4,26,005-002,DEMOCRATIC,277,459,461,46,1563
Prince George's,4,26,005-002,GREEN,2,0,0,0,2
Prince George's,4,26,005-002,LIBERTARIAN,0,3,0,0,3
Prince George's,4,26,005-002,NO LABELS MARYLAND,1,1,1,0,3
Prince George's,4,26,005-002,OTHER PARTIES,5,6,1,0,31
Prince George's,4,26,005-002,REPUBLICAN,27,22,20,3,106
Prince George's,4,26,005-002,UNAFFILIATED,63,53,49,10,280
Prince George's,4,26,005-003,DEMOCRATIC,439,598,406,102,2069
Prince George's,4,26,005-003,GREEN,0,0,0,0,2
Prince George's,4,26,005-003,LIBERTARIAN,1,1,1,0,6
Prince George's,4,26,005-003,NO LABELS MARYLAND,1,0,1,3,4
Prince George's,4,26,005-003,OTHER PARTIES,8,4,0,0,39
Prince George's,4,26,005-003,REPUBLICAN,32,32,24,5,147
Prince George's,4,26,005-003,UNAFFILIATED,108,47,37,12,370
Prince George's,4,26,005-004,DEMOCRATIC,485,1003,586,69,2791
Prince George's,4,26,005-004,GREEN,0,0,1,0,4
Prince George's,4,26,005-004,LIBERTARIAN,2,1,1,0,4
Prince George's,4,26,005-004,NO LABELS MARYLAND,0,0,2,0,2
Prince George's,4,26,005-004,OTHER PARTIES,3,13,2,0,50
Prince George's,4,26,005-004,REPUBLICAN,27,31,23,6,150
Prince George's,4,26,005-004,UNAFFILIATED,70,83,52,21,415
Prince George's,4,26,005-005,DEMOCRATIC,640,779,595,107,2820
Prince George's,4,26,005-005,GREEN,0,0,0,1,0
Prince George's,4,26,005-005,LIBERTARIAN,3,1,1,0,11
Prince George's,4,26,005-005,NO LABELS MARYLAND,4,0,2,0,8
Prince George's,4,26,005-005,OTHER PARTIES,7,8,4,0,61
Prince George's,4,26,005-005,REPUBLICAN,47,49,27,9,227
Prince George's,4,26,005-005,UNAFFILIATED,146,108,75,21,551
Prince George's,4,26,005-006,DEMOCRATIC,445,775,625,62,2576
Prince George's,4,26,005-006,GREEN,1,1,0,0,5
Prince George's,4,26,005-006,LIBERTARIAN,1,1,2,1,9
Prince George's,4,26,005-006,NO LABELS MARYLAND,3,1,0,1,5
Prince George's,4,26,005-006,OTHER PARTIES,8,3,6,1,45
Prince George's,4,26,005-006,REPUBLICAN,46,35,23,9,180
Prince George's,4,26,005-006,UNAFFILIATED,109,84,61,21,494
Prince George's,4,26,005-007,DEMOCRATIC,511,769,616,73,2633
Prince George's,4,26,005-007,GREEN,0,0,2,0,5
Prince George's,4,26,005-007,LIBERTARIAN,2,2,1,1,9
Prince George's,4,26,005-007,NO LABELS MARYLAND,1,1,1,0,3
Prince George's,4,26,005-007,OTHER PARTIES,5,6,3,0,56
Prince George's,4,26,005-007,REPUBLICAN,58,47,48,9,242
Prince George's,4,26,005-007,UNAFFILIATED,129,90,74,14,533
Prince George's,5,26,005-008,DEMOCRATIC,233,432,293,28,1380
Prince George's,5,26,005-008,GREEN,0,0,1,0,3
Prince George's,5,26,005-008,LIBERTARIAN,3,4,2,0,10
Prince George's,5,26,005-008,NO LABELS MARYLAND,0,1,1,0,1
Prince George's,5,26,005-008,OTHER PARTIES,8,5,4,0,48
Prince George's,5,26,005-008,REPUBLICAN,71,94,31,7,309
Prince George's,5,26,005-008,UNAFFILIATED,96,63,50,10,399
Prince George's,4,26,005-009,DEMOCRATIC,88,122,70,14,418
Prince George's,4,26,005-009,GREEN,0,0,0,0,0
Prince George's,4,26,005-009,LIBERTARIAN,0,0,0,0,0
Prince George's,4,26,005-009,NO LABELS MARYLAND,3,0,0,0,4
Prince George's,4,26,005-009,OTHER PARTIES,1,2,0,0,9
Prince George's,4,26,005-009,REPUBLICAN,3,10,9,2,39
Prince George's,4,26,005-009,UNAFFILIATED,26,18,11,3,98
Prince George's,4,26,005-010,DEMOCRATIC,222,196,122,25,839
Prince George's,4,26,005-010,GREEN,0,0,0,0,0
Prince George's,4,26,005-010,LIBERTARIAN,0,1,1,1,3
Prince George's,4,26,005-010,NO LABELS MARYLAND,1,1,0,0,3
Prince George's,4,26,005-010,OTHER PARTIES,2,3,0,0,15
Prince George's,4,26,005-010,REPUBLICAN,17,23,8,2,94
Prince George's,4,26,005-010,UNAFFILIATED,48,25,24,5,199
Prince George's,4,26,005-011,DEMOCRATIC,352,506,325,44,1674
Prince George's,4,26,005-011,GREEN,1,0,0,0,1
Prince George's,4,26,005-011,LIBERTARIAN,1,1,0,0,4
Prince George's,4,26,005-011,NO LABELS MARYLAND,2,0,0,0,3
Prince George's,4,26,005-011,OTHER PARTIES,3,9,1,0,36
Prince George's,4,26,005-011,REPUBLICAN,28,20,15,6,108
Prince George's,4,26,005-011,UNAFFILIATED,87,46,41,13,293
Prince George's,5,26,005-012,DEMOCRATIC,529,1142,492,110,2813
Prince George's,5,26,005-012,GREEN,1,3,0,0,6
Prince George's,5,26,005-012,LIBERTARIAN,4,3,1,1,12
Prince George's,5,26,005-012,NO LABELS MARYLAND,1,3,2,0,7
Prince George's,5,26,005-012,OTHER PARTIES,2,2,5,3,30
Prince George's,5,26,005-012,REPUBLICAN,48,54,28,10,196
Prince George's,5,26,005-012,UNAFFILIATED,128,135,69,26,560
Prince George's,5,26,005-013,DEMOCRATIC,313,851,368,37,2113
Prince George's,5,26,005-013,GREEN,0,0,0,1,2
Prince George's,5,26,005-013,LIBERTARIAN,0,2,1,0,8
Prince George's,5,26,005-013,NO LABELS MARYLAND,0,0,0,2,2
Prince George's,5,26,005-013,OTHER PARTIES,5,8,1,0,45
Prince George's,5,26,005-013,REPUBLICAN,50,74,28,7,242
Prince George's,5,26,005-013,UNAFFILIATED,75,104,65,6,437
Prince George's,4,26,005-014,DEMOCRATIC,0,2,4,0,8
Prince George's,4,26,005-014,GREEN,0,0,0,0,0
Prince George's,4,26,005-014,LIBERTARIAN,0,0,0,0,0
Prince George's,4,26,005-014,NO LABELS MARYLAND,0,0,0,0,0
Prince George's,4,26,005-014,OTHER PARTIES,0,0,0,0,0
Prince George's,4,26,005-014,REPUBLICAN,0,0,0,0,1
Prince George's,4,26,005-014,UNAFFILIATED,0,0,0,0,2
Prince George's,4,25,006-001,DEMOCRATIC,471,628,406,90,2782
Prince George's,4,25,006-001,GREEN,1,0,2,0,7
Prince George's,4,25,006-001,LIBERTARIAN,1,0,1,0,9
Prince George's,4,25,006-001,NO LABELS MARYLAND,1,1,2,0,11
Prince George's,4,25,006-001,OTHER PARTIES,5,11,1,5,88
Prince George's,4,25,006-001,REPUBLICAN,16,20,14,3,155
Prince George's,4,25,006-001,UNAFFILIATED,64,53,35,11,404
Prince George's,4,26,006-002,DEMOCRATIC,204,254,187,59,953
Prince George's,4,26,006-002,GREEN,0,0,1,0,2
Prince George's,4,26,006-002,LIBERTARIAN,0,0,0,0,1
Prince George's,4,26,006-002,NO LABELS MARYLAND,1,0,0,0,2
Prince George's,4,26,006-002,OTHER PARTIES,2,3,0,0,26
Prince George's,4,26,006-002,REPUBLICAN,15,13,5,3,66
Prince George's,4,26,006-002,UNAFFILIATED,30,27,14,11,155
Prince George's,4,24,006-003,DEMOCRATIC,623,597,494,113,3181
Prince George's,4,24,006-003,GREEN,0,1,0,0,2
Prince George's,4,24,006-003,LIBERTARIAN,0,4,3,0,12
Prince George's,4,24,006-003,NO LABELS MARYLAND,3,2,2,0,11
Prince George's,4,24,006-003,OTHER PARTIES,13,3,1,3,88
Prince George's,4,24,006-003,REPUBLICAN,23,8,8,10,116
Prince George's,4,24,006-003,UNAFFILIATED,93,53,30,12,489
Prince George's,4,25,006-004,DEMOCRATIC,456,557,253,110,2484
Prince George's,4,25,006-004,GREEN,0,0,0,0,5
Prince George's,4,25,006-004,LIBERTARIAN,0,0,1,1,4
Prince George's,4,25,006-004,NO LABELS MARYLAND,3,0,0,1,7
Prince George's,4,25,006-004,OTHER PARTIES,4,3,3,1,54
Prince George's,4,25,006-004,REPUBLICAN,11,15,7,4,104
Prince George's,4,25,006-004,UNAFFILIATED,53,60,16,20,436
Prince George's,4,25,006-005,DEMOCRATIC,352,352,186,100,1570
Prince George's,4,25,006-005,GREEN,1,0,0,2,5
Prince George's,4,25,006-005,LIBERTARIAN,0,0,0,0,1
Prince George's,4,25,006-005,NO LABELS MARYLAND,1,0,0,1,2
Prince George's,4,25,006-005,OTHER PARTIES,4,5,1,1,38
Prince George's,4,25,006-005,REPUBLICAN,15,4,3,8,72
Prince George's,4,25,006-005,UNAFFILIATED,57,40,22,15,268
Prince George's,4,24,006-006,DEMOCRATIC,449,472,279,249,2354
Prince George's,4,24,006-006,GREEN,0,0,0,1,4
Prince George's,4,24,006-006,LIBERTARIAN,1,0,0,2,1
Prince George's,4,24,006-006,NO LABELS MARYLAND,0,1,0,3,6
Prince George's,4,24,006-006,OTHER PARTIES,5,3,1,6,56
Prince George's,4,24,006-006,REPUBLICAN,17,11,10,11,88
Prince George's,4,24,006-006,UNAFFILIATED,64,51,23,33,398
Prince George's,4,26,006-007,DEMOCRATIC,551,815,459,149,2766
Prince George's,4,26,006-007,GREEN,0,2,0,0,3
Prince George's,4,26,006-007,LIBERTARIAN,1,1,0,3,9
Prince George's,4,26,006-007,NO LABELS MARYLAND,1,2,0,0,6
Prince George's,4,26,006-007,OTHER PARTIES,8,7,1,2,58
Prince George's,4,26,006-007,REPUBLICAN,23,26,11,6,112
Prince George's,4,26,006-007,UNAFFILIATED,95,93,47,21,496
Prince George's,4,26,006-008,DEMOCRATIC,306,346,250,63,1526
Prince George's,4,26,006-008,GREEN,0,0,0,0,1
Prince George's,4,26,006-008,LIBERTARIAN,0,0,0,0,2
Prince George's,4,26,006-008,NO LABELS MARYLAND,1,0,0,0,5
Prince George's,4,26,006-008,OTHER PARTIES,5,1,1,0,44
Prince George's,4,26,006-008,REPUBLICAN,7,8,2,1,56
Prince George's,4,26,006-008,UNAFFILIATED,38,28,27,3,223
Prince George's,4,25,006-009,DEMOCRATIC,225,174,124,94,1077
Prince George's,4,25,006-009,GREEN,0,0,0,0,2
Prince George's,4,25,006-009,LIBERTARIAN,0,0,0,1,3
Prince George's,4,25,006-009,NO LABELS MARYLAND,1,0,0,0,5
Prince George's,4,25,006-009,OTHER PARTIES,4,0,2,1,32
Prince George's,4,25,006-009,REPUBLICAN,6,6,2,4,51
Prince George's,4,25,006-009,UNAFFILIATED,36,20,15,18,184
Prince George's,4,25,006-010,DEMOCRATIC,428,466,317,94,2300
Prince George's,4,25,006-010,GREEN,0,0,1,0,3
Prince George's,4,25,006-010,LIBERTARIAN,0,0,0,0,7
Prince George's,4,25,006-010,NO LABELS MARYLAND,0,0,0,1,4
Prince George's,4,25,006-010,OTHER PARTIES,6,6,2,0,58
Prince George's,4,25,006-010,REPUBLICAN,14,10,6,4,79
Prince George's,4,25,006-010,UNAFFILIATED,55,47,22,13,358
Prince George's,4,25,006-011,DEMOCRATIC,375,504,367,78,1945
Prince George's,4,25,006-011,GREEN,0,1,1,0,2
Prince George's,4,25,006-011,LIBERTARIAN,3,0,0,0,5
Prince George's,4,25,006-011,NO LABELS MARYLAND,2,0,1,0,6
Prince George's,4,25,006-011,OTHER PARTIES,5,5,1,1,31
Prince George's,4,25,006-011,REPUBLICAN,21,14,6,1,87
Prince George's,4,25,006-011,UNAFFILIATED,70,41,27,21,292
Prince George's,4,24,006-012,DEMOCRATIC,357,277,168,86,1514
Prince George's,4,24,006-012,GREEN,0,0,0,0,1
Prince George's,4,24,006-012,LIBERTARIAN,1,0,0,0,2
Prince George's,4,24,006-012,NO LABELS MARYLAND,1,0,0,1,6
Prince George's,4,24,006-012,OTHER PARTIES,5,3,0,1,36
Prince George's,4,24,006-012,REPUBLICAN,10,5,7,1,57
Prince George's,4,24,006-012,UNAFFILIATED,34,25,8,15,228
Prince George's,4,26,006-013,DEMOCRATIC,436,544,396,50,2014
Prince George's,4,26,006-013,GREEN,0,0,0,0,1
Prince George's,4,26,006-013,LIBERTARIAN,1,0,0,0,6
Prince George's,4,26,006-013,NO LABELS MARYLAND,2,0,0,1,3
Prince George's,4,26,006-013,OTHER PARTIES,6,6,0,2,44
Prince George's,4,26,006-013,REPUBLICAN,19,25,21,1,123
Prince George's,4,26,006-013,UNAFFILIATED,76,63,35,12,349
Prince George's,4,26,006-014,DEMOCRATIC,69,94,58,69,341
Prince George's,4,26,006-014,GREEN,0,0,0,0,0
Prince George's,4,26,006-014,LIBERTARIAN,2,0,0,0,3
Prince George's,4,26,006-014,NO LABELS MARYLAND,0,0,0,1,0
Prince George's,4,26,006-014,OTHER PARTIES,0,1,0,0,10
Prince George's,4,26,006-014,REPUBLICAN,6,3,0,5,14
Prince George's,4,26,006-014,UNAFFILIATED,10,4,7,7,43
Prince George's,4,24,006-015,DEMOCRATIC,458,522,313,81,2440
Prince George's,4,24,006-015,GREEN,0,1,1,0,3
Prince George's,4,24,006-015,LIBERTARIAN,1,0,0,1,8
Prince George's,4,24,006-015,NO LABELS MARYLAND,1,1,1,0,5
Prince George's,4,24,006-015,OTHER PARTIES,7,2,2,0,63
Prince George's,4,24,006-015,REPUBLICAN,13,12,8,6,97
Prince George's,4,24,006-015,UNAFFILIATED,64,44,28,13,377
Prince George's,4,25,006-016,DEMOCRATIC,382,587,262,139,2476
Prince George's,4,25,006-016,GREEN,0,0,0,0,0
Prince George's,4,25,006-016,LIBERTARIAN,1,0,2,0,7
Prince George's,4,25,006-016,NO LABELS MARYLAND,3,0,0,0,10
Prince George's,4,25,006-016,OTHER PARTIES,2,5,2,0,53
Prince George's,4,25,006-016,REPUBLICAN,14,16,12,4,97
Prince George's,4,25,006-016,UNAFFILIATED,62,46,29,15,403
Prince George's,4,26,006-017,DEMOCRATIC,602,556,406,138,2897
Prince George's,4,26,006-017,GREEN,0,0,0,0,1
Prince George's,4,26,006-017,LIBERTARIAN,2,2,0,0,13
Prince George's,4,26,006-017,NO LABELS MARYLAND,0,0,2,0,4
Prince George's,4,26,006-017,OTHER PARTIES,7,5,1,1,86
Prince George's,4,26,006-017,REPUBLICAN,18,13,3,7,94
Prince George's,4,26,006-017,UNAFFILIATED,75,59,41,14,497
Prince George's,4,26,006-018,DEMOCRATIC,365,381,258,71,1675
Prince George's,4,26,006-018,GREEN,0,0,0,0,2
Prince George's,4,26,006-018,LIBERTARIAN,0,0,1,0,3
Prince George's,4,26,006-018,NO LABELS MARYLAND,0,2,0,0,3
Prince George's,4,26,006-018,OTHER PARTIES,4,2,0,0,35
Prince George's,4,26,006-018,REPUBLICAN,18,11,28,2,115
Prince George's,4,26,006-018,UNAFFILIATED,64,35,20,16,313
Prince George's,4,24,006-019,DEMOCRATIC,294,367,273,61,1754
Prince George's,4,24,006-019,GREEN,0,0,0,0,2
Prince George's,4,24,006-019,LIBERTARIAN,1,1,0,1,3
Prince George's,4,24,006-019,NO LABELS MARYLAND,0,1,2,2,5
Prince George's,4,24,006-019,OTHER PARTIES,2,4,1,2,44
Prince George's,4,24,006-019,REPUBLICAN,10,5,5,1,62
Prince George's,4,24,006-019,UNAFFILIATED,52,37,16,8,316
Prince George's,4,25,006-020,DEMOCRATIC,525,769,552,81,2778
Prince George's,4,25,006-020,GREEN,0,0,0,1,1
Prince George's,4,25,006-020,LIBERTARIAN,2,0,1,0,6
Prince George's,4,25,006-020,NO LABELS MARYLAND,1,0,0,0,4
Prince George's,4,25,006-020,OTHER PARTIES,7,7,1,1,49
Prince George's,4,25,006-020,REPUBLICAN,21,16,11,3,89
Prince George's,4,25,006-020,UNAFFILIATED,82,63,52,10,434
Prince George's,4,24,006-021,DEMOCRATIC,145,216,123,41,707
Prince George's,4,24,006-021,GREEN,0,0,1,0,1
Prince George's,4,24,006-021,LIBERTARIAN,0,0,0,0,0
Prince George's,4,24,006-021,NO LABELS MARYLAND,0,0,0,0,3
Prince George's,4,24,006-021,OTHER PARTIES,3,3,2,0,18
Prince George's,4,24,006-021,REPUBLICAN,8,3,6,3,28
Prince George's,4,24,006-021,UNAFFILIATED,20,26,22,8,119
Prince George's,4,25,006-022,DEMOCRATIC,459,902,458,286,3134
Prince George's,4,25,006-022,GREEN,0,0,1,0,4
Prince George's,4,25,006-022,LIBERTARIAN,3,0,1,1,12
Prince George's,4,25,006-022,NO LABELS MARYLAND,1,2,3,1,11
Prince George's,4,25,006-022,OTHER PARTIES,8,8,1,1,73
Prince George's,4,25,006-022,REPUBLICAN,14,19,7,5,108
Prince George's,4,25,006-022,UNAFFILIATED,82,74,23,35,442
Prince George's,4,25,006-023,DEMOCRATIC,142,176,120,88,735
Prince George's,4,25,006-023,GREEN,0,0,0,2,1
Prince George's,4,25,006-023,LIBERTARIAN,1,0,0,0,2
Prince George's,4,25,006-023,NO LABELS MARYLAND,1,0,1,0,2
Prince George's,4,25,006-023,OTHER PARTIES,3,1,0,1,20
Prince George's,4,25,006-023,REPUBLICAN,11,6,7,2,42
Prince George's,4,25,006-023,UNAFFILIATED,18,15,10,19,106
Prince George's,4,25,006-024,DEMOCRATIC,122,212,109,18,752
Prince George's,4,25,006-024,GREEN,0,0,0,0,3
Prince George's,4,25,006-024,LIBERTARIAN,0,0,0,0,0
Prince George's,4,25,006-024,NO LABELS MARYLAND,0,0,0,0,0
Prince George's,4,25,006-024,OTHER PARTIES,1,1,0,0,14
Prince George's,4,25,006-024,REPUBLICAN,6,7,4,0,30
Prince George's,4,25,006-024,UNAFFILIATED,16,20,15,4,125
Prince George's,4,25,006-025,DEMOCRATIC,47,97,59,4,274
Prince George's,4,25,006-025,GREEN,0,0,0,0,0
Prince George's,4,25,006-025,LIBERTARIAN,0,0,0,0,0
Prince George's,4,25,006-025,NO LABELS MARYLAND,0,0,1,0,1
Prince George's,4,25,006-025,OTHER PARTIES,2,0,0,0,3
Prince George's,4,25,006-025,REPUBLICAN,2,1,0,0,6
Prince George's,4,25,006-025,UNAFFILIATED,6,4,2,0,23
Prince George's,4,24,006-026,DEMOCRATIC,185,263,155,47,1202
Prince George's,4,24,006-026,GREEN,0,1,0,0,3
Prince George's,4,24,006-026,LIBERTARIAN,0,0,1,0,5
Prince George's,4,24,006-026,NO LABELS MARYLAND,1,0,1,0,9
Prince George's,4,24,006-026,OTHER PARTIES,0,6,0,0,33
Prince George's,4,24,006-026,REPUBLICAN,6,7,4,1,48
Prince George's,4,24,006-026,UNAFFILIATED,36,24,7,7,205
Prince George's,4,25,006-027,DEMOCRATIC,221,216,96,31,959
Prince George's,4,25,006-027,GREEN,0,0,0,0,2
Prince George's,4,25,006-027,LIBERTARIAN,1,0,0,1,5
Prince George's,4,25,006-027,NO LABELS MARYLAND,0,0,0,1,2
Prince George's,4,25,006-027,OTHER PARTIES,4,3,0,0,29
Prince George's,4,25,006-027,REPUBLICAN,18,11,12,1,80
Prince George's,4,25,006-027,UNAFFILIATED,53,28,14,7,228
Prince George's,4,26,006-028,DEMOCRATIC,116,187,148,9,663
Prince George's,4,26,006-028,GREEN,0,0,0,0,2
Prince George's,4,26,006-028,LIBERTARIAN,0,0,0,0,0
Prince George's,4,26,006-028,NO LABELS MARYLAND,0,0,0,0,1
Prince George's,4,26,006-028,OTHER PARTIES,2,0,1,0,10
Prince George's,4,26,006-028,REPUBLICAN,10,10,7,4,43
Prince George's,4,26,006-028,UNAFFILIATED,30,16,20,1,125
Prince George's,4,25,006-029,DEMOCRATIC,106,158,157,7,658
Prince George's,4,25,006-029,GREEN,0,0,0,0,0
Prince George's,4,25,006-029,LIBERTARIAN,0,0,0,0,0
Prince George's,4,25,006-029,NO LABELS MARYLAND,0,0,0,0,1
Prince George's,4,25,006-029,OTHER PARTIES,2,1,0,0,10
Prince George's,4,25,006-029,REPUBLICAN,4,8,1,2,28
Prince George's,4,25,006-029,UNAFFILIATED,17,14,10,1,78
Prince George's,4,26,006-030,DEMOCRATIC,135,152,72,13,593
Prince George's,4,26,006-030,GREEN,0,0,0,0,0
Prince George's,4,26,006-030,LIBERTARIAN,0,0,0,0,1
Prince George's,4,26,006-030,NO LABELS MARYLAND,2,1,0,0,3
Prince George's,4,26,006-030,OTHER PARTIES,1,5,0,0,13
Prince George's,4,26,006-030,REPUBLICAN,6,3,0,0,22
Prince George's,4,26,006-030,UNAFFILIATED,28,17,5,3,106
Prince George's,5,25,006-031,DEMOCRATIC,1,0,1,0,3
Prince George's,5,25,006-031,GREEN,0,0,0,0,0
Prince George's,5,25,006-031,LIBERTARIAN,0,0,0,0,0
Prince George's,5,25,006-031,NO LABELS MARYLAND,0,0,0,0,0
Prince George's,5,25,006-031,OTHER PARTIES,0,0,0,0,0
Prince George's,5,25,006-031,REPUBLICAN,0,0,0,0,0
Prince George's,5,25,006-031,UNAFFILIATED,0,0,0,0,1
Prince George's,5,25,006-032,DEMOCRATIC,183,293,188,32,942
Prince George's,5,25,006-032,GREEN,0,0,0,0,0
Prince George's,5,25,006-032,LIBERTARIAN,1,3,0,0,5
Prince George's,5,25,006-032,NO LABELS MARYLAND,1,1,1,0,3
Prince George's,5,25,006-032,OTHER PARTIES,2,1,1,0,18
Prince George's,5,25,006-032,REPUBLICAN,9,7,10,1,48
Prince George's,5,25,006-032,UNAFFILIATED,23,26,21,5,133
Prince George's,5,23,007-001,DEMOCRATIC,162,307,214,47,882
Prince George's,5,23,007-001,GREEN,0,0,0,0,0
Prince George's,5,23,007-001,LIBERTARIAN,1,0,0,0,2
Prince George's,5,23,007-001,NO LABELS MARYLAND,0,0,1,0,1
Prince George's,5,23,007-001,OTHER PARTIES,2,5,0,0,20
Prince George's,5,23,007-001,REPUBLICAN,15,9,10,4,49
Prince George's,5,23,007-001,UNAFFILIATED,31,53,23,8,162
Prince George's,5,23,007-002,DEMOCRATIC,210,229,217,35,855
Prince George's,5,23,007-002,GREEN,1,0,0,0,2
Prince George's,5,23,007-002,LIBERTARIAN,5,1,2,0,11
Prince George's,5,23,007-002,NO LABELS MARYLAND,0,1,0,0,1
Prince George's,5,23,007-002,OTHER PARTIES,7,2,3,0,31
Prince George's,5,23,007-002,REPUBLICAN,108,87,44,8,310
Prince George's,5,23,007-002,UNAFFILIATED,92,61,60,16,343
Prince George's,5,23,007-003,DEMOCRATIC,306,300,272,28,1118
Prince George's,5,23,007-003,GREEN,0,0,1,4,4
Prince George's,5,23,007-003,LIBERTARIAN,6,1,1,0,11
Prince George's,5,23,007-003,NO LABELS MARYLAND,0,0,0,0,0
Prince George's,5,23,007-003,OTHER PARTIES,12,7,0,1,43
Prince George's,5,23,007-003,REPUBLICAN,137,104,68,11,390
Prince George's,5,23,007-003,UNAFFILIATED,143,73,58,15,426
Prince George's,5,23,007-004,DEMOCRATIC,353,332,274,61,1275
Prince George's,5,23,007-004,GREEN,0,0,0,0,1
Prince George's,5,23,007-004,LIBERTARIAN,3,3,3,1,12
Prince George's,5,23,007-004,NO LABELS MARYLAND,1,1,0,0,2
Prince George's,5,23,007-004,OTHER PARTIES,13,5,4,0,37
Prince George's,5,23,007-004,REPUBLICAN,140,132,68,5,444
Prince George's,5,23,007-004,UNAFFILIATED,137,95,89,22,496
Prince George's,5,23,007-005,DEMOCRATIC,394,441,317,49,1546
Prince George's,5,23,007-005,GREEN,0,0,0,1,1
Prince George's,5,23,007-005,LIBERTARIAN,2,3,0,0,14
Prince George's,5,23,007-005,NO LABELS MARYLAND,1,0,0,0,2
Prince George's,5,23,007-005,OTHER PARTIES,15,6,0,1,45
Prince George's,5,23,007-005,REPUBLICAN,162,125,78,9,476
Prince George's,5,23,007-005,UNAFFILIATED,154,102,75,11,505
Prince George's,5,23,007-006,DEMOCRATIC,481,662,387,92,2048
Prince George's,5,23,007-006,GREEN,1,1,0,1,3
Prince George's,5,23,007-006,LIBERTARIAN,3,1,1,0,8
Prince George's,5,23,007-006,NO LABELS MARYLAND,3,0,0,0,4
Prince George's,5,23,007-006,OTHER PARTIES,9,7,3,1,41
Prince George's,5,23,007-006,REPUBLICAN,83,75,33,10,283
Prince George's,5,23,007-006,UNAFFILIATED,126,86,79,25,510
Prince George's,5,23,007-007,DEMOCRATIC,434,779,399,66,2168
Prince George's,5,23,007-007,GREEN,1,0,1,0,4
Prince George's,5,23,007-007,LIBERTARIAN,3,2,3,1,10
Prince George's,5,23,007-007,NO LABELS MARYLAND,1,1,0,0,6
Prince George's,5,23,007-007,OTHER PARTIES,3,7,5,1,43
Prince George's,5,23,007-007,REPUBLICAN,77,85,52,9,324
Prince George's,5,23,007-007,UNAFFILIATED,157,133,78,26,621
Prince George's,5,23,007-008,DEMOCRATIC,380,543,251,57,1641
Prince George's,5,23,007-008,GREEN,0,0,0,0,2
Prince George's,5,23,007-008,LIBERTARIAN,3,0,2,0,5
Prince George's,5,23,007-008,NO LABELS MARYLAND,1,0,0,0,4
Prince George's,5,23,007-008,OTHER PARTIES,9,5,1,1,37
Prince George's,5,23,007-008,REPUBLICAN,46,49,24,4,179
Prince George's,5,23,007-008,UNAFFILIATED,112,80,52,14,426
Prince George's,5,23,007-009,DEMOCRATIC,656,1439,763,101,3588
Prince George's,5,23,007-009,GREEN,0,1,0,0,1
Prince George's,5,23,007-009,LIBERTARIAN,2,3,0,1,7
Prince George's,5,23,007-009,NO LABELS MARYLAND,0,0,3,2,5
Prince George's,5,23,007-009,OTHER PARTIES,11,18,1,3,61
Prince George's,5,23,007-009,REPUBLICAN,64,45,37,9,217
Prince George's,5,23,007-009,UNAFFILIATED,138,133,92,27,601
Prince George's,5,23,007-010,DEMOCRATIC,580,1109,545,104,3003
Prince George's,5,23,007-010,GREEN,0,1,2,0,5
Prince George's,5,23,007-010,LIBERTARIAN,3,1,2,0,13
Prince George's,5,23,007-010,NO LABELS MARYLAND,1,2,0,0,6
Prince George's,5,23,007-010,OTHER PARTIES,6,15,3,2,60
Prince George's,5,23,007-010,REPUBLICAN,69,73,32,4,255
Prince George's,5,23,007-010,UNAFFILIATED,131,152,96,23,672
Prince George's,5,23,007-011,DEMOCRATIC,514,1323,1150,83,3840
Prince George's,5,23,007-011,GREEN,0,0,1,0,1
Prince George's,5,23,007-011,LIBERTARIAN,0,2,0,0,5
Prince George's,5,23,007-011,NO LABELS MARYLAND,0,0,1,0,2
Prince George's,5,23,007-011,OTHER PARTIES,9,9,3,0,62
Prince George's,5,23,007-011,REPUBLICAN,38,30,23,3,140
Prince George's,5,23,007-011,UNAFFILIATED,96,106,76,25,495
Prince George's,5,25,007-012,DEMOCRATIC,369,703,530,42,2242
Prince George's,5,25,007-012,GREEN,0,0,1,1,1
Prince George's,5,25,007-012,LIBERTARIAN,2,0,0,0,3
Prince George's,5,25,007-012,NO LABELS MARYLAND,0,1,0,0,1
Prince George's,5,25,007-012,OTHER PARTIES,2,7,3,0,47
Prince George's,5,25,007-012,REPUBLICAN,13,12,9,0,67
Prince George's,5,25,007-012,UNAFFILIATED,70,68,41,14,334
Prince George's,5,24,007-013,DEMOCRATIC,361,618,499,52,2037
Prince George's,5,24,007-013,GREEN,3,1,0,0,4
Prince George's,5,24,007-013,LIBERTARIAN,0,0,0,1,3
Prince George's,5,24,007-013,NO LABELS MARYLAND,0,1,1,2,4
Prince George's,5,24,007-013,OTHER PARTIES,3,7,0,0,30
Prince George's,5,24,007-013,REPUBLICAN,19,25,15,2,102
Prince George's,5,24,007-013,UNAFFILIATED,76,68,51,8,345
Prince George's,5,23,007-014,DEMOCRATIC,339,428,279,55,1381
Prince George's,5,23,007-014,GREEN,0,0,0,0,1
Prince George's,5,23,007-014,LIBERTARIAN,1,1,2,0,6
Prince George's,5,23,007-014,NO LABELS MARYLAND,3,1,0,0,4
Prince George's,5,23,007-014,OTHER PARTIES,7,6,0,0,24
Prince George's,5,23,007-014,REPUBLICAN,80,52,27,4,213
Prince George's,5,23,007-014,UNAFFILIATED,118,66,69,20,410
Prince George's,5,23,007-015,DEMOCRATIC,351,539,289,41,1531
Prince George's,5,23,007-015,GREEN,0,0,0,0,0
Prince George's,5,23,007-015,LIBERTARIAN,3,1,0,0,5
Prince George's,5,23,007-015,NO LABELS MARYLAND,2,1,1,0,6
Prince George's,5,23,007-015,OTHER PARTIES,5,3,0,2,21
Prince George's,5,23,007-015,REPUBLICAN,20,11,8,1,51
Prince George's,5,23,007-015,UNAFFILIATED,66,45,27,8,248
Prince George's,5,23,007-016,DEMOCRATIC,205,376,214,74,1097
Prince George's,5,23,007-016,GREEN,0,0,0,0,0
Prince George's,5,23,007-016,LIBERTARIAN,0,0,1,1,1
Prince George's,5,23,007-016,NO LABELS MARYLAND,0,0,2,0,3
Prince George's,5,23,007-016,OTHER PARTIES,2,5,6,0,24
Prince George's,5,23,007-016,REPUBLICAN,43,68,38,14,206
Prince George's,5,23,007-016,UNAFFILIATED,64,53,45,16,289
Prince George's,5,23,007-017,DEMOCRATIC,239,391,258,53,1178
Prince George's,5,23,007-017,GREEN,1,0,0,0,2
Prince George's,5,23,007-017,LIBERTARIAN,2,0,0,0,3
Prince George's,5,23,007-017,NO LABELS MARYLAND,0,0,3,1,6
Prince George's,5,23,007-017,OTHER PARTIES,3,3,0,1,18
Prince George's,5,23,007-017,REPUBLICAN,30,27,23,5,110
Prince George's,5,23,007-017,UNAFFILIATED,42,50,39,11,231
Prince George's,5,23,007-018,DEMOCRATIC,162,290,140,11,743
Prince George's,5,23,007-018,GREEN,0,0,0,0,0
Prince George's,5,23,007-018,LIBERTARIAN,0,1,1,0,3
Prince George's,5,23,007-018,NO LABELS MARYLAND,0,0,0,0,0
Prince George's,5,23,007-018,OTHER PARTIES,1,3,1,0,12
Prince George's,5,23,007-018,REPUBLICAN,11,13,9,1,45
Prince George's,5,23,007-018,UNAFFILIATED,34,48,21,2,165
Prince George's,5,23,007-019,DEMOCRATIC,40,65,23,58,168
Prince George's,5,23,007-019,GREEN,0,0,0,0,0
Prince George's,5,23,007-019,LIBERTARIAN,0,0,0,0,0
Prince George's,5,23,007-019,NO LABELS MARYLAND,0,0,0,0,0
Prince George's,5,23,007-019,OTHER PARTIES,0,2,0,0,6
Prince George's,5,23,007-019,REPUBLICAN,3,5,3,9,20
Prince George's,5,23,007-019,UNAFFILIATED,4,9,3,16,29
Prince George's,5,23,007-020,DEMOCRATIC,43,84,71,6,258
Prince George's,5,23,007-020,GREEN,0,0,0,0,0
Prince George's,5,23,007-020,LIBERTARIAN,0,0,0,0,0
Prince George's,5,23,007-020,NO LABELS MARYLAND,0,0,0,0,0
Prince George's,5,23,007-020,OTHER PARTIES,1,0,0,0,7
Prince George's,5,23,007-020,REPUBLICAN,12,11,11,2,54
Prince George's,5,23,007-020,UNAFFILIATED,21,19,13,1,86
Prince George's,5,23,007-021,DEMOCRATIC,86,155,85,7,421
Prince George's,5,23,007-021,GREEN,0,0,0,1,1
Prince George's,5,23,007-021,LIBERTARIAN,0,1,0,0,2
Prince George's,5,23,007-021,NO LABELS MARYLAND,0,1,0,0,2
Prince George's,5,23,007-021,OTHER PARTIES,2,4,0,0,19
Prince George's,5,23,007-021,REPUBLICAN,29,37,9,1,108
Prince George's,5,23,007-021,UNAFFILIATED,36,33,22,3,130
Prince George's,4,24,007-022,DEMOCRATIC,693,1379,824,145,3799
Prince George's,4,24,007-022,GREEN,0,0,0,1,3
Prince George's,4,24,007-022,LIBERTARIAN,1,1,0,0,4
Prince George's,4,24,007-022,NO LABELS MARYLAND,2,1,3,0,9
Prince George's,4,24,007-022,OTHER PARTIES,14,9,4,1,59
Prince George's,4,24,007-022,REPUBLICAN,49,66,32,6,252
Prince George's,4,24,007-022,UNAFFILIATED,168,183,129,40,830
Prince George's,5,23,007-023,DEMOCRATIC,272,759,350,35,1703
Prince George's,5,23,007-023,GREEN,0,0,0,0,0
Prince George's,5,23,007-023,LIBERTARIAN,0,0,0,0,1
Prince George's,5,23,007-023,NO LABELS MARYLAND,0,0,0,0,0
Prince George's,5,23,007-023,OTHER PARTIES,2,4,4,0,18
Prince George's,5,23,007-023,REPUBLICAN,13,15,9,1,57
Prince George's,5,23,007-023,UNAFFILIATED,48,84,54,9,273
Prince George's,5,24,007-024,DEMOCRATIC,94,144,107,6,433
Prince George's,5,24,007-024,GREEN,0,0,0,0,0
Prince George's,5,24,007-024,LIBERTARIAN,0,0,0,0,3
Prince George's,5,24,007-024,NO LABELS MARYLAND,0,0,1,0,1
Prince George's,5,24,007-024,OTHER PARTIES,0,1,0,0,4
Prince George's,5,24,007-024,REPUBLICAN,20,6,16,2,58
Prince George's,5,24,007-024,UNAFFILIATED,27,30,28,2,131
Prince George's,5,24,007-025,DEMOCRATIC,39,97,71,6,275
Prince George's,5,24,007-025,GREEN,0,0,0,0,0
Prince George's,5,24,007-025,LIBERTARIAN,0,0,0,0,0
Prince George's,5,24,007-025,NO LABELS MARYLAND,0,0,0,0,0
Prince George's,5,24,007-025,OTHER PARTIES,0,1,0,0,4
Prince George's,5,24,007-025,REPUBLICAN,12,14,7,0,44
Prince George's,5,24,007-025,UNAFFILIATED,12,11,5,0,51
Prince George's,5,27B,008-001,DEMOCRATIC,197,236,158,47,885
Prince George's,5,27B,008-001,GREEN,0,0,0,0,1
Prince George's,5,27B,008-001,LIBERTARIAN,1,0,1,0,5
Prince George's,5,27B,008-001,NO LABELS MARYLAND,0,0,0,0,0
Prince George's,5,27B,008-001,OTHER PARTIES,3,7,2,2,37
Prince George's,5,27B,008-001,REPUBLICAN,100,115,29,18,341
Prince George's,5,27B,008-001,UNAFFILIATED,62,45,21,19,264
Prince George's,4,25,009-001,DEMOCRATIC,593,859,594,96,2942
Prince George's,4,25,009-001,GREEN,0,0,0,0,1
Prince George's,4,25,009-001,LIBERTARIAN,1,2,0,1,6
Prince George's,4,25,009-001,NO LABELS MARYLAND,1,0,1,0,7
Prince George's,4,25,009-001,OTHER PARTIES,9,7,3,0,75
Prince George's,4,25,009-001,REPUBLICAN,31,38,12,9,178
Prince George's,4,25,009-001,UNAFFILIATED,81,68,57,7,428
Prince George's,4,25,009-002,DEMOCRATIC,252,294,147,43,991
Prince George's,4,25,009-002,GREEN,1,0,0,0,1
Prince George's,4,25,009-002,LIBERTARIAN,0,1,0,1,1
Prince George's,4,25,009-002,NO LABELS MARYLAND,0,0,1,0,1
Prince George's,4,25,009-002,OTHER PARTIES,1,2,0,1,16
Prince George's,4,25,009-002,REPUBLICAN,10,12,10,1,54
Prince George's,4,25,009-002,UNAFFILIATED,32,27,23,4,167
Prince George's,5,25,009-003,DEMOCRATIC,49,49,38,41,256
Prince George's,5,25,009-003,GREEN,0,0,1,0,2
Prince George's,5,25,009-003,LIBERTARIAN,0,1,0,1,6
Prince George's,5,25,009-003,NO LABELS MARYLAND,0,0,0,0,0
Prince George's,5,25,009-003,OTHER PARTIES,2,0,0,0,12
Prince George's,5,25,009-003,REPUBLICAN,17,13,15,39,112
Prince George's,5,25,009-003,UNAFFILIATED,29,18,23,18,190
Prince George's,4,27A,009-004,DEMOCRATIC,236,280,241,61,1077
Prince George's,4,27A,009-004,GREEN,0,0,0,0,1
Prince George's,4,27A,009-004,LIBERTARIAN,2,0,0,0,2
Prince George's,4,27A,009-004,NO LABELS MARYLAND,0,0,1,0,2
Prince George's,4,27A,009-004,OTHER PARTIES,1,2,0,3,21
Prince George's,4,27A,009-004,REPUBLICAN,16,25,11,2,96
Prince George's,4,27A,009-004,UNAFFILIATED,32,21,20,10,159
Prince George's,4,26,009-005,DEMOCRATIC,446,638,435,80,2274
Prince George's,4,26,009-005,GREEN,1,2,0,0,4
Prince George's,4,26,009-005,LIBERTARIAN,0,1,1,0,6
Prince George's,4,26,009-005,NO LABELS MARYLAND,3,1,2,0,6
Prince George's,4,26,009-005,OTHER PARTIES,7,10,0,1,61
Prince George's,4,26,009-005,REPUBLICAN,23,17,19,4,117
Prince George's,4,26,009-005,UNAFFILIATED,80,76,39,13,395
Prince George's,5,25,009-006,DEMOCRATIC,605,899,583,70,2932
Prince George's,5,25,009-006,GREEN,1,0,0,0,2
Prince George's,5,25,009-006,LIBERTARIAN,1,2,2,1,11
Prince George's,5,25,009-006,NO LABELS MARYLAND,3,0,1,0,4
Prince George's,5,25,009-006,OTHER PARTIES,5,7,2,0,45
Prince George's,5,25,009-006,REPUBLICAN,40,38,20,4,163
Prince George's,5,25,009-006,UNAFFILIATED,89,63,48,15,412
Prince George's,4,27A,009-007,DEMOCRATIC,599,928,501,94,2953
Prince George's,4,27A,009-007,GREEN,0,0,0,0,3
Prince George's,4,27A,009-007,LIBERTARIAN,1,1,0,1,6
Prince George's,4,27A,009-007,NO LABELS MARYLAND,0,1,0,0,1
Prince George's,4,27A,009-007,OTHER PARTIES,7,2,1,0,49
Prince George's,4,27A,009-007,REPUBLICAN,30,43,18,8,157
Prince George's,4,27A,009-007,UNAFFILIATED,92,59,44,14,410
Prince George's,4,27B,009-008,DEMOCRATIC,714,1476,929,98,4471
Prince George's,4,27B,009-008,GREEN,0,0,0,0,2
Prince George's,4,27B,009-008,LIBERTARIAN,2,2,0,1,15
Prince George's,4,27B,009-008,NO LABELS MARYLAND,1,1,1,0,4
Prince George's,4,27B,009-008,OTHER PARTIES,7,7,7,4,74
Prince George's,4,27B,009-008,REPUBLICAN,36,48,26,1,216
Prince George's,4,27B,009-008,UNAFFILIATED,127,128,85,22,668
Prince George's,5,25,009-009,DEMOCRATIC,254,253,173,60,1042
Prince George's,5,25,009-009,GREEN,1,1,0,0,3
Prince George's,5,25,009-009,LIBERTARIAN,0,0,0,0,1
Prince George's,5,25,009-009,NO LABELS MARYLAND,0,0,0,0,2
Prince George's,5,25,009-009,OTHER PARTIES,1,3,2,2,30
Prince George's,5,25,009-009,REPUBLICAN,21,33,22,5,146
Prince George's,5,25,009-009,UNAFFILIATED,54,33,19,11,224
Prince George's,4,25,009-010,DEMOCRATIC,449,607,365,76,2073
Prince George's,4,25,009-010,GREEN,0,0,0,0,4
Prince George's,4,25,009-010,LIBERTARIAN,1,2,0,0,6
Prince George's,4,25,009-010,NO LABELS MARYLAND,1,3,0,1,4
Prince George's,4,25,009-010,OTHER PARTIES,9,4,0,1,45
Prince George's,4,25,009-010,REPUBLICAN,23,41,19,5,157
Prince George's,4,25,009-010,UNAFFILIATED,72,57,44,19,355
Prince George's,5,25,009-011,DEMOCRATIC,485,1054,607,90,3147
Prince George's,5,25,009-011,GREEN,0,0,0,1,4
Prince George's,5,25,009-011,LIBERTARIAN,1,3,2,0,12
Prince George's,5,25,009-011,NO LABELS MARYLAND,2,2,4,0,10
Prince George's,5,25,009-011,OTHER PARTIES,5,3,3,0,62
Prince George's,5,25,009-011,REPUBLICAN,39,47,24,3,218
Prince George's,5,25,009-011,UNAFFILIATED,103,110,60,13,535
Prince George's,4,26,009-012,DEMOCRATIC,26,42,44,6,170
Prince George's,4,26,009-012,GREEN,0,0,0,0,1
Prince George's,4,26,009-012,LIBERTARIAN,0,0,0,0,0
Prince George's,4,26,009-012,NO LABELS MARYLAND,0,0,0,0,0
Prince George's,4,26,009-012,OTHER PARTIES,0,0,0,0,2
Prince George's,4,26,009-012,REPUBLICAN,0,2,0,0,4
Prince George's,4,26,009-012,UNAFFILIATED,3,3,1,0,24
Prince George's,4,26,009-013,DEMOCRATIC,295,594,410,47,1984
Prince George's,4,26,009-013,GREEN,0,0,0,0,0
Prince George's,4,26,009-013,LIBERTARIAN,0,0,0,0,1
Prince George's,4,26,009-013,NO LABELS MARYLAND,0,1,0,0,3
Prince George's,4,26,009-013,OTHER PARTIES,5,2,2,0,49
Prince George's,4,26,009-013,REPUBLICAN,20,24,17,3,110
Prince George's,4,26,009-013,UNAFFILIATED,57,49,19,14,290
Prince George's,5,26,009-014,DEMOCRATIC,0,0,0,0,0
Prince George's,5,26,009-014,GREEN,0,0,0,0,0
Prince George's,5,26,009-014,LIBERTARIAN,0,0,0,0,0
Prince George's,5,26,009-014,NO LABELS MARYLAND,0,0,0,0,0
Prince George's,5,26,009-014,OTHER PARTIES,0,0,0,0,0
Prince George's,5,26,009-014,REPUBLICAN,0,0,0,0,0
Prince George's,5,26,009-014,UNAFFILIATED,0,1,0,1,0
Prince George's,5,25,009-015,DEMOCRATIC,0,0,0,0,0
Prince George's,5,25,009-015,GREEN,0,0,0,0,0
Prince George's,5,25,009-015,LIBERTARIAN,0,0,0,0,0
Prince George's,5,25,009-015,NO LABELS MARYLAND,0,0,0,0,0
Prince George's,5,25,009-015,OTHER PARTIES,0,0,0,0,0
Prince George's,5,25,009-015,REPUBLICAN,0,0,0,0,0
Prince George's,5,25,009-015,UNAFFILIATED,0,0,0,0,0
Prince George's,4,26,009-016,DEMOCRATIC,12,16,14,1,87
Prince George's,4,26,009-016,GREEN,0,0,0,0,0
Prince George's,4,26,009-016,LIBERTARIAN,0,0,0,0,1
Prince George's,4,26,009-016,NO LABELS MARYLAND,0,0,0,0,1
Prince George's,4,26,009-016,OTHER PARTIES,0,0,0,0,2
Prince George's,4,26,009-016,REPUBLICAN,1,3,6,0,14
Prince George's,4,26,009-016,UNAFFILIATED,2,1,1,1,19
Prince George's,4,25,009-017,DEMOCRATIC,196,182,163,38,813
Prince George's,4,25,009-017,GREEN,0,0,0,0,0
Prince George's,4,25,009-017,LIBERTARIAN,0,0,0,0,3
Prince George's,4,25,009-017,NO LABELS MARYLAND,0,0,0,1,1
Prince George's,4,25,009-017,OTHER PARTIES,2,1,1,1,20
Prince George's,4,25,009-017,REPUBLICAN,6,12,7,0,54
Prince George's,4,25,009-017,UNAFFILIATED,20,17,11,2,112
Prince George's,4,27B,009-018,DEMOCRATIC,41,53,40,3,172
Prince George's,4,27B,009-018,GREEN,0,0,0,0,0
Prince George's,4,27B,009-018,LIBERTARIAN,0,0,0,0,0
Prince George's,4,27B,009-018,NO LABELS MARYLAND,0,0,0,0,0
Prince George's,4,27B,009-018,OTHER PARTIES,0,0,0,0,3
Prince George's,4,27B,009-018,REPUBLICAN,2,2,2,0,11
Prince George's,4,27B,009-018,UNAFFILIATED,4,7,1,1,23
Prince George's,5,25,009-019,DEMOCRATIC,1,0,0,2,4
Prince George's,5,25,009-019,GREEN,0,0,0,0,0
Prince George's,5,25,009-019,LIBERTARIAN,0,0,0,0,0
Prince George's,5,25,009-019,NO LABELS MARYLAND,0,0,0,0,0
Prince George's,5,25,009-019,OTHER PARTIES,0,0,0,0,0
Prince George's,5,25,009-019,REPUBLICAN,2,0,0,1,2
Prince George's,5,25,009-019,UNAFFILIATED,0,0,0,0,2
Prince George's,5,27B,009-020,DEMOCRATIC,28,45,20,2,167
Prince George's,5,27B,009-020,GREEN,0,0,0,0,0
Prince George's,5,27B,009-020,LIBERTARIAN,0,0,0,0,0
Prince George's,5,27B,009-020,NO LABELS MARYLAND,0,0,0,0,0
Prince George's,5,27B,009-020,OTHER PARTIES,0,0,1,0,5
Prince George's,5,27B,009-020,REPUBLICAN,2,2,3,0,17
Prince George's,5,27B,009-020,UNAFFILIATED,8,2,5,0,35
Prince George's,4,21,010-001,DEMOCRATIC,272,252,142,37,1103
Prince George's,4,21,010-001,GREEN,1,0,0,1,2
Prince George's,4,21,010-001,LIBERTARIAN,2,1,0,0,8
Prince George's,4,21,010-001,NO LABELS MARYLAND,1,0,0,0,3
Prince George's,4,21,010-001,OTHER PARTIES,4,2,0,2,28
Prince George's,4,21,010-001,REPUBLICAN,49,25,13,6,147
Prince George's,4,21,010-001,UNAFFILIATED,75,35,26,13,316
Prince George's,4,21,010-002,DEMOCRATIC,630,721,342,96,2554
Prince George's,4,21,010-002,GREEN,2,1,1,0,7
Prince George's,4,21,010-002,LIBERTARIAN,3,1,0,0,14
Prince George's,4,21,010-002,NO LABELS MARYLAND,2,1,3,1,8
Prince George's,4,21,010-002,OTHER PARTIES,11,10,5,2,84
Prince George's,4,21,010-002,REPUBLICAN,118,112,42,29,444
Prince George's,4,21,010-002,UNAFFILIATED,214,125,93,31,880
Prince George's,4,21,010-003,DEMOCRATIC,311,274,222,40,1231
Prince George's,4,21,010-003,GREEN,1,0,0,0,2
Prince George's,4,21,010-003,LIBERTARIAN,0,0,1,0,7
Prince George's,4,21,010-003,NO LABELS MARYLAND,1,2,1,0,5
Prince George's,4,21,010-003,OTHER PARTIES,4,4,2,2,51
Prince George's,4,21,010-003,REPUBLICAN,67,67,31,9,266
Prince George's,4,21,010-003,UNAFFILIATED,112,66,46,21,457
Prince George's,4,21,010-004,DEMOCRATIC,502,536,250,297,2088
Prince George's,4,21,010-004,GREEN,0,2,0,1,4
Prince George's,4,21,010-004,LIBERTARIAN,0,1,0,2,7
Prince George's,4,21,010-004,NO LABELS MARYLAND,0,2,1,1,7
Prince George's,4,21,010-004,OTHER PARTIES,15,11,0,7,53
Prince George's,4,21,010-004,REPUBLICAN,66,36,21,40,210
Prince George's,4,21,010-004,UNAFFILIATED,150,91,76,69,659
Prince George's,4,21,010-005,DEMOCRATIC,551,563,430,27,2024
Prince George's,4,21,010-005,GREEN,2,1,0,0,4
Prince George's,4,21,010-005,LIBERTARIAN,5,4,4,1,21
Prince George's,4,21,010-005,NO LABELS MARYLAND,0,0,0,0,1
Prince George's,4,21,010-005,OTHER PARTIES,9,17,3,0,70
Prince George's,4,21,010-005,REPUBLICAN,209,181,102,12,682
Prince George's,4,21,010-005,UNAFFILIATED,242,142,146,5,836
Prince George's,4,23,010-006,DEMOCRATIC,718,1076,511,122,3377
Prince George's,4,23,010-006,GREEN,3,0,0,0,9
Prince George's,4,23,010-006,LIBERTARIAN,4,1,1,1,17
Prince George's,4,23,010-006,NO LABELS MARYLAND,2,0,1,1,8
Prince George's,4,23,010-006,OTHER PARTIES,19,13,2,1,107
Prince George's,4,23,010-006,REPUBLICAN,88,84,50,9,385
Prince George's,4,23,010-006,UNAFFILIATED,209,192,127,43,998
Prince George's,4,23,010-007,DEMOCRATIC,289,269,187,61,1214
Prince George's,4,23,010-007,GREEN,1,0,0,0,3
Prince George's,4,23,010-007,LIBERTARIAN,2,0,0,0,4
Prince George's,4,23,010-007,NO LABELS MARYLAND,1,0,1,0,4
Prince George's,4,23,010-007,OTHER PARTIES,15,6,2,1,50
Prince George's,4,23,010-007,REPUBLICAN,58,37,26,7,179
Prince George's,4,23,010-007,UNAFFILIATED,81,46,47,9,354
Prince George's,4,23,010-008,DEMOCRATIC,286,269,165,86,1207
Prince George's,4,23,010-008,GREEN,0,0,0,0,2
Prince George's,4,23,010-008,LIBERTARIAN,3,2,0,0,7
Prince George's,4,23,010-008,NO LABELS MARYLAND,1,1,1,0,4
Prince George's,4,23,010-008,OTHER PARTIES,10,1,0,7,52
Prince George's,4,23,010-008,REPUBLICAN,52,48,35,7,211
Prince George's,4,23,010-008,UNAFFILIATED,78,57,44,17,392
Prince George's,4,21,010-009,DEMOCRATIC,475,555,324,99,2302
Prince George's,4,21,010-009,GREEN,0,1,0,2,3
Prince George's,4,21,010-009,LIBERTARIAN,3,0,0,1,10
Prince George's,4,21,010-009,NO LABELS MARYLAND,3,0,1,1,7
Prince George's,4,21,010-009,OTHER PARTIES,5,9,2,2,52
Prince George's,4,21,010-009,REPUBLICAN,61,45,29,7,255
Prince George's,4,21,010-009,UNAFFILIATED,135,105,60,44,703
Prince George's,4,23,010-010,DEMOCRATIC,286,375,237,74,1291
Prince George's,4,23,010-010,GREEN,0,0,0,0,0
Prince George's,4,23,010-010,LIBERTARIAN,2,0,0,0,5
Prince George's,4,23,010-010,NO LABELS MARYLAND,1,0,0,1,1
Prince George's,4,23,010-010,OTHER PARTIES,3,2,3,0,34
Prince George's,4,23,010-010,REPUBLICAN,49,42,26,10,183
Prince George's,4,23,010-010,UNAFFILIATED,79,67,48,16,348
Prince George's,4,23,010-011,DEMOCRATIC,353,453,211,41,1589
Prince George's,4,23,010-011,GREEN,0,0,0,0,2
Prince George's,4,23,010-011,LIBERTARIAN,2,0,1,1,7
Prince George's,4,23,010-011,NO LABELS MARYLAND,1,0,0,2,5
Prince George's,4,23,010-011,OTHER PARTIES,7,3,1,0,46
Prince George's,4,23,010-011,REPUBLICAN,45,38,24,5,191
Prince George's,4,23,010-011,UNAFFILIATED,83,80,75,16,484
Prince George's,4,21,010-012,DEMOCRATIC,779,1160,571,139,3680
Prince George's,4,21,010-012,GREEN,2,0,0,1,3
Prince George's,4,21,010-012,LIBERTARIAN,7,5,4,0,21
Prince George's,4,21,010-012,NO LABELS MARYLAND,5,3,2,1,16
Prince George's,4,21,010-012,OTHER PARTIES,18,24,6,4,115
Prince George's,4,21,010-012,REPUBLICAN,85,131,61,22,456
Prince George's,4,21,010-012,UNAFFILIATED,242,212,134,57,1105
Prince George's,4,21,010-013,DEMOCRATIC,664,1383,709,215,3819
Prince George's,4,21,010-013,GREEN,0,0,2,0,7
Prince George's,4,21,010-013,LIBERTARIAN,4,3,0,5,14
Prince George's,4,21,010-013,NO LABELS MARYLAND,4,2,2,2,12
Prince George's,4,21,010-013,OTHER PARTIES,14,10,1,6,81
Prince George's,4,21,010-013,REPUBLICAN,95,149,72,32,502
Prince George's,4,21,010-013,UNAFFILIATED,226,239,119,92,1062
Prince George's,4,23,010-014,DEMOCRATIC,142,100,42,24,661
Prince George's,4,23,010-014,GREEN,0,0,0,0,0
Prince George's,4,23,010-014,LIBERTARIAN,0,0,1,0,2
Prince George's,4,23,010-014,NO LABELS MARYLAND,0,0,0,0,1
Prince George's,4,23,010-014,OTHER PARTIES,4,0,0,1,16
Prince George's,4,23,010-014,REPUBLICAN,7,3,2,3,43
Prince George's,4,23,010-014,UNAFFILIATED,27,15,6,5,191
Prince George's,5,27B,011-001,DEMOCRATIC,435,878,416,71,2421
Prince George's,5,27B,011-001,GREEN,0,0,0,0,4
Prince George's,5,27B,011-001,LIBERTARIAN,3,1,0,0,8
Prince George's,5,27B,011-001,NO LABELS MARYLAND,1,1,2,0,6
Prince George's,5,27B,011-001,OTHER PARTIES,6,6,2,0,58
Prince George's,5,27B,011-001,REPUBLICAN,45,81,23,7,280
Prince George's,5,27B,011-001,UNAFFILIATED,82,103,53,10,476
Prince George's,5,27B,011-002,DEMOCRATIC,279,622,292,49,1636
Prince George's,5,27B,011-002,GREEN,0,0,0,0,1
Prince George's,5,27B,011-002,LIBERTARIAN,1,2,1,1,8
Prince George's,5,27B,011-002,NO LABELS MARYLAND,0,0,0,1,1
Prince George's,5,27B,011-002,OTHER PARTIES,3,12,0,1,39
Prince George's,5,27B,011-002,REPUBLICAN,31,53,24,5,179
Prince George's,5,27B,011-002,UNAFFILIATED,54,50,47,7,284
Prince George's,5,23,011-003,DEMOCRATIC,516,923,502,54,2654
Prince George's,5,23,011-003,GREEN,1,0,1,0,3
Prince George's,5,23,011-003,LIBERTARIAN,0,1,1,1,4
Prince George's,5,23,011-003,NO LABELS MARYLAND,0,0,3,0,6
Prince George's,5,23,011-003,OTHER PARTIES,6,8,1,3,47
Prince George's,5,23,011-003,REPUBLICAN,36,33,23,3,181
Prince George's,5,23,011-003,UNAFFILIATED,85,92,56,16,436
Prince George's,5,27A,011-004,DEMOCRATIC,630,1575,558,199,3664
Prince George's,5,27A,011-004,GREEN,1,2,0,0,5
Prince George's,5,27A,011-004,LIBERTARIAN,4,0,0,0,7
Prince George's,5,27A,011-004,NO LABELS MARYLAND,2,2,3,0,9
Prince George's,5,27A,011-004,OTHER PARTIES,8,6,0,8,45
Prince George's,5,27A,011-004,REPUBLICAN,37,95,28,25,249
Prince George's,5,27A,011-004,UNAFFILIATED,133,206,77,32,716
Prince George's,5,25,011-005,DEMOCRATIC,65,121,99,27,409
Prince George's,5,25,011-005,GREEN,0,0,1,0,1
Prince George's,5,25,011-005,LIBERTARIAN,0,0,0,0,0
Prince George's,5,25,011-005,NO LABELS MARYLAND,0,0,0,0,1
Prince George's,5,25,011-005,OTHER PARTIES,0,3,0,1,7
Prince George's,5,25,011-005,REPUBLICAN,4,5,8,0,30
Prince George's,5,25,011-005,UNAFFILIATED,14,12,7,4,60
Prince George's,5,23,011-006,DEMOCRATIC,176,358,141,11,902
Prince George's,5,23,011-006,GREEN,0,0,0,0,1
Prince George's,5,23,011-006,LIBERTARIAN,1,1,0,0,3
Prince George's,5,23,011-006,NO LABELS MARYLAND,0,0,0,0,0
Prince George's,5,23,011-006,OTHER PARTIES,0,3,0,0,12
Prince George's,5,23,011-006,REPUBLICAN,11,12,7,1,54
Prince George's,5,23,011-006,UNAFFILIATED,32,37,21,6,151
Prince George's,5,25,011-007,DEMOCRATIC,109,231,131,16,580
Prince George's,5,25,011-007,GREEN,0,1,0,0,1
Prince George's,5,25,011-007,LIBERTARIAN,0,0,2,0,2
Prince George's,5,25,011-007,NO LABELS MARYLAND,0,0,0,0,0
Prince George's,5,25,011-007,OTHER PARTIES,0,2,1,0,6
Prince George's,5,25,011-007,REPUBLICAN,4,8,2,2,21
Prince George's,5,25,011-007,UNAFFILIATED,17,22,23,2,90
Prince George's,5,27B,011-008,DEMOCRATIC,416,944,385,75,2321
Prince George's,5,27B,011-008,GREEN,2,0,0,0,2
Prince George's,5,27B,011-008,LIBERTARIAN,1,3,0,0,8
Prince George's,5,27B,011-008,NO LABELS MARYLAND,1,1,1,1,6
Prince George's,5,27B,011-008,OTHER PARTIES,4,4,0,1,38
Prince George's,5,27B,011-008,REPUBLICAN,52,71,22,8,232
Prince George's,5,27B,011-008,UNAFFILIATED,114,115,51,12,500
Prince George's,4,26,012-001,DEMOCRATIC,278,244,183,103,1255
Prince George's,4,26,012-001,GREEN,2,0,0,1,4
Prince George's,4,26,012-001,LIBERTARIAN,0,1,0,1,2
Prince George's,4,26,012-001,NO LABELS MARYLAND,0,0,1,1,4
Prince George's,4,26,012-001,OTHER PARTIES,5,3,0,1,36
Prince George's,4,26,012-001,REPUBLICAN,31,39,22,12,177
Prince George's,4,26,012-001,UNAFFILIATED,66,26,23,17,286
Prince George's,4,26,012-002,DEMOCRATIC,275,284,193,50,1300
Prince George's,4,26,012-002,GREEN,1,1,1,0,4
Prince George's,4,26,012-002,LIBERTARIAN,0,0,0,1,5
Prince George's,4,26,012-002,NO LABELS MARYLAND,2,0,0,1,5
Prince George's,4,26,012-002,OTHER PARTIES,3,6,1,1,32
Prince George's,4,26,012-002,REPUBLICAN,21,14,8,3,87
Prince George's,4,26,012-002,UNAFFILIATED,72,32,14,6,271
Prince George's,4,25,012-003,DEMOCRATIC,350,444,240,80,1799
Prince George's,4,25,012-003,GREEN,0,0,0,0,1
Prince George's,4,25,012-003,LIBERTARIAN,1,1,1,0,6
Prince George's,4,25,012-003,NO LABELS MARYLAND,1,0,0,0,5
Prince George's,4,25,012-003,OTHER PARTIES,3,3,3,1,37
Prince George's,4,25,012-003,REPUBLICAN,8,4,7,6,60
Prince George's,4,25,012-003,UNAFFILIATED,50,31,10,10,288
Prince George's,4,26,012-004,DEMOCRATIC,536,631,416,117,2822
Prince George's,4,26,012-004,GREEN,0,0,0,0,2
Prince George's,4,26,012-004,LIBERTARIAN,3,1,2,0,11
Prince George's,4,26,012-004,NO LABELS MARYLAND,1,2,0,0,7
Prince George's,4,26,012-004,OTHER PARTIES,10,6,3,2,71
Prince George's,4,26,012-004,REPUBLICAN,28,20,18,12,147
Prince George's,4,26,012-004,UNAFFILIATED,98,43,38,18,481
Prince George's,4,26,012-005,DEMOCRATIC,448,512,357,68,2190
Prince George's,4,26,012-005,GREEN,1,1,0,1,5
Prince George's,4,26,012-005,LIBERTARIAN,5,1,1,0,12
Prince George's,4,26,012-005,NO LABELS MARYLAND,0,0,2,0,5
Prince George's,4,26,012-005,OTHER PARTIES,3,4,0,2,56
Prince George's,4,26,012-005,REPUBLICAN,40,35,22,10,192
Prince George's,4,26,012-005,UNAFFILIATED,113,63,55,9,524
Prince George's,4,26,012-006,DEMOCRATIC,532,467,307,128,2502
Prince George's,4,26,012-006,GREEN,0,0,0,0,2
Prince George's,4,26,012-006,LIBERTARIAN,1,0,0,0,7
Prince George's,4,26,012-006,NO LABELS MARYLAND,0,0,0,1,7
Prince George's,4,26,012-006,OTHER PARTIES,3,3,1,2,64
Prince George's,4,26,012-006,REPUBLICAN,17,12,4,4,91
Prince George's,4,26,012-006,UNAFFILIATED,74,38,20,11,419
Prince George's,4,26,012-007,DEMOCRATIC,424,396,269,86,1840
Prince George's,4,26,012-007,GREEN,0,0,0,0,1
Prince George's,4,26,012-007,LIBERTARIAN,0,0,0,1,0
Prince George's,4,26,012-007,NO LABELS MARYLAND,1,1,0,2,2
Prince George's,4,26,012-007,OTHER PARTIES,2,6,1,0,46
Prince George's,4,26,012-007,REPUBLICAN,28,19,9,3,99
Prince George's,4,26,012-007,UNAFFILIATED,67,42,19,15,320
Prince George's,4,26,012-008,DEMOCRATIC,277,533,354,145,1707
Prince George's,4,26,012-008,GREEN,0,0,0,0,2
Prince George's,4,26,012-008,LIBERTARIAN,0,0,0,2,3
Prince George's,4,26,012-008,NO LABELS MARYLAND,2,1,0,1,5
Prince George's,4,26,012-008,OTHER PARTIES,3,9,2,2,43
Prince George's,4,26,012-008,REPUBLICAN,15,18,11,12,85
Prince George's,4,26,012-008,UNAFFILIATED,53,44,39,27,291
Prince George's,4,26,012-009,DEMOCRATIC,468,359,246,141,2348
Prince George's,4,26,012-009,GREEN,0,1,0,0,2
Prince George's,4,26,012-009,LIBERTARIAN,2,1,1,1,10
Prince George's,4,26,012-009,NO LABELS MARYLAND,2,0,0,1,5
Prince George's,4,26,012-009,OTHER PARTIES,3,5,1,2,69
Prince George's,4,26,012-009,REPUBLICAN,14,16,5,8,92
Prince George's,4,26,012-009,UNAFFILIATED,78,34,29,21,451
Prince George's,4,26,012-010,DEMOCRATIC,436,475,367,47,1903
Prince George's,4,26,012-010,GREEN,1,0,0,0,2
Prince George's,4,26,012-010,LIBERTARIAN,0,0,1,0,6
Prince George's,4,26,012-010,NO LABELS MARYLAND,1,0,0,0,1
Prince George's,4,26,012-010,OTHER PARTIES,8,5,0,2,43
Prince George's,4,26,012-010,REPUBLICAN,37,27,16,2,151
Prince George's,4,26,012-010,UNAFFILIATED,104,51,40,13,410
Prince George's,4,26,012-011,DEMOCRATIC,592,815,552,119,3242
Prince George's,4,26,012-011,GREEN,0,0,1,0,3
Prince George's,4,26,012-011,LIBERTARIAN,3,1,0,0,10
Prince George's,4,26,012-011,NO LABELS MARYLAND,3,1,1,0,8
Prince George's,4,26,012-011,OTHER PARTIES,6,9,2,6,77
Prince George's,4,26,012-011,REPUBLICAN,37,39,18,11,181
Prince George's,4,26,012-011,UNAFFILIATED,125,89,48,18,585
Prince George's,4,26,012-012,DEMOCRATIC,326,625,411,89,2275
Prince George's,4,26,012-012,GREEN,0,0,0,0,0
Prince George's,4,26,012-012,LIBERTARIAN,3,2,0,1,12
Prince George's,4,26,012-012,NO LABELS MARYLAND,2,0,2,0,5
Prince George's,4,26,012-012,OTHER PARTIES,5,7,3,1,56
Prince George's,4,26,012-012,REPUBLICAN,20,24,11,3,111
Prince George's,4,26,012-012,UNAFFILIATED,58,55,45,22,401
Prince George's,4,26,012-013,DEMOCRATIC,504,669,551,64,2802
Prince George's,4,26,012-013,GREEN,0,0,1,0,2
Prince George's,4,26,012-013,LIBERTARIAN,2,1,2,1,9
Prince George's,4,26,012-013,NO LABELS MARYLAND,0,0,0,0,3
Prince George's,4,26,012-013,OTHER PARTIES,3,6,3,1,59
Prince George's,4,26,012-013,REPUBLICAN,14,10,15,1,87
Prince George's,4,26,012-013,UNAFFILIATED,60,42,39,9,353
Prince George's,4,26,012-014,DEMOCRATIC,416,445,393,50,1751
Prince George's,4,26,012-014,GREEN,1,0,0,0,1
Prince George's,4,26,012-014,LIBERTARIAN,2,0,2,1,9
Prince George's,4,26,012-014,NO LABELS MARYLAND,2,1,0,2,4
Prince George's,4,26,012-014,OTHER PARTIES,9,3,1,0,39
Prince George's,4,26,012-014,REPUBLICAN,60,24,18,7,168
Prince George's,4,26,012-014,UNAFFILIATED,110,56,38,20,357
Prince George's,4,26,012-015,DEMOCRATIC,406,630,398,107,2137
Prince George's,4,26,012-015,GREEN,0,0,1,1,3
Prince George's,4,26,012-015,LIBERTARIAN,1,0,0,0,5
Prince George's,4,26,012-015,NO LABELS MARYLAND,1,2,1,0,6
Prince George's,4,26,012-015,OTHER PARTIES,4,5,0,2,41
Prince George's,4,26,012-015,REPUBLICAN,20,18,20,11,113
Prince George's,4,26,012-015,UNAFFILIATED,70,58,35,19,343
Prince George's,4,25,012-016,DEMOCRATIC,347,403,203,80,1767
Prince George's,4,25,012-016,GREEN,0,0,0,0,1
Prince George's,4,25,012-016,LIBERTARIAN,2,0,0,1,5
Prince George's,4,25,012-016,NO LABELS MARYLAND,0,0,1,0,4
Prince George's,4,25,012-016,OTHER PARTIES,6,2,2,3,48
Prince George's,4,25,012-016,REPUBLICAN,10,8,6,0,60
Prince George's,4,25,012-016,UNAFFILIATED,71,28,20,8,309
Prince George's,4,26,012-017,DEMOCRATIC,81,82,86,26,363
Prince George's,4,26,012-017,GREEN,0,0,0,0,0
Prince George's,4,26,012-017,LIBERTARIAN,0,0,0,0,1
Prince George's,4,26,012-017,NO LABELS MARYLAND,0,0,0,0,1
Prince George's,4,26,012-017,OTHER PARTIES,2,1,0,0,4
Prince George's,4,26,012-017,REPUBLICAN,8,2,0,0,19
Prince George's,4,26,012-017,UNAFFILIATED,8,10,9,6,49
Prince George's,4,25,012-018,DEMOCRATIC,66,92,63,16,338
Prince George's,4,25,012-018,GREEN,0,0,0,0,0
Prince George's,4,25,012-018,LIBERTARIAN,0,0,0,0,1
Prince George's,4,25,012-018,NO LABELS MARYLAND,0,0,0,0,0
Prince George's,4,25,012-018,OTHER PARTIES,1,0,0,0,10
Prince George's,4,25,012-018,REPUBLICAN,3,3,4,2,23
Prince George's,4,25,012-018,UNAFFILIATED,11,6,7,3,65
Prince George's,4,26,012-019,DEMOCRATIC,216,463,376,71,1454
Prince George's,4,26,012-019,GREEN,0,1,0,1,2
Prince George's,4,26,012-019,LIBERTARIAN,1,2,2,0,7
Prince George's,4,26,012-019,NO LABELS MARYLAND,0,0,2,1,3
Prince George's,4,26,012-019,OTHER PARTIES,3,1,3,4,24
Prince George's,4,26,012-019,REPUBLICAN,29,36,40,6,178
Prince George's,4,26,012-019,UNAFFILIATED,75,97,99,20,474
Prince George's,4,24,013-001,DEMOCRATIC,97,87,83,34,476
Prince George's,4,24,013-001,GREEN,1,0,0,0,1
Prince George's,4,24,013-001,LIBERTARIAN,1,0,0,0,2
Prince George's,4,24,013-001,NO LABELS MARYLAND,0,0,1,0,2
Prince George's,4,24,013-001,OTHER PARTIES,2,1,0,1,12
Prince George's,4,24,013-001,REPUBLICAN,3,1,2,1,20
Prince George's,4,24,013-001,UNAFFILIATED,17,12,3,6,87
Prince George's,4,47A,013-002,DEMOCRATIC,370,428,208,280,1918
Prince George's,4,47A,013-002,GREEN,0,1,0,1,7
Prince George's,4,47A,013-002,LIBERTARIAN,3,0,0,0,4
Prince George's,4,47A,013-002,NO LABELS MARYLAND,2,0,1,0,7
Prince George's,4,47A,013-002,OTHER PARTIES,6,4,2,9,59
Prince George's,4,47A,013-002,REPUBLICAN,20,13,12,25,106
Prince George's,4,47A,013-002,UNAFFILIATED,81,45,22,61,388
Prince George's,4,24,013-003,DEMOCRATIC,324,330,236,39,1440
Prince George's,4,24,013-003,GREEN,0,0,0,0,1
Prince George's,4,24,013-003,LIBERTARIAN,0,1,0,0,4
Prince George's,4,24,013-003,NO LABELS MARYLAND,1,1,0,0,5
Prince George's,4,24,013-003,OTHER PARTIES,3,0,0,0,41
Prince George's,4,24,013-003,REPUBLICAN,17,7,9,4,63
Prince George's,4,24,013-003,UNAFFILIATED,65,35,23,9,251
Prince George's,5,25,013-004,DEMOCRATIC,329,382,251,60,1415
Prince George's,5,25,013-004,GREEN,0,0,0,0,1
Prince George's,5,25,013-004,LIBERTARIAN,1,1,0,0,2
Prince George's,5,25,013-004,NO LABELS MARYLAND,2,0,1,0,3
Prince George's,5,25,013-004,OTHER PARTIES,4,3,1,0,34
Prince George's,5,25,013-004,REPUBLICAN,11,13,11,3,62
Prince George's,5,25,013-004,UNAFFILIATED,52,40,20,7,225
Prince George's,5,24,013-005,DEMOCRATIC,435,792,900,85,2818
Prince George's,5,24,013-005,GREEN,0,2,0,0,2
Prince George's,5,24,013-005,LIBERTARIAN,0,0,2,0,3
Prince George's,5,24,013-005,NO LABELS MARYLAND,0,0,1,1,2
Prince George's,5,24,013-005,OTHER PARTIES,3,5,4,0,54
Prince George's,5,24,013-005,REPUBLICAN,23,29,29,2,139
Prince George's,5,24,013-005,UNAFFILIATED,112,89,92,17,488
Prince George's,5,25,013-006,DEMOCRATIC,499,631,528,147,2346
Prince George's,5,25,013-006,GREEN,1,0,0,0,2
Prince George's,5,25,013-006,LIBERTARIAN,1,1,1,0,5
Prince George's,5,25,013-006,NO LABELS MARYLAND,0,0,2,0,2
Prince George's,5,25,013-006,OTHER PARTIES,10,6,0,5,56
Prince George's,5,25,013-006,REPUBLICAN,22,20,10,7,86
Prince George's,5,25,013-006,UNAFFILIATED,71,71,45,30,345
Prince George's,4,24,013-007,DEMOCRATIC,775,1094,655,240,4451
Prince George's,4,24,013-007,GREEN,0,0,0,0,5
Prince George's,4,24,013-007,LIBERTARIAN,2,1,0,3,9
Prince George's,4,24,013-007,NO LABELS MARYLAND,2,0,3,2,16
Prince George's,4,24,013-007,OTHER PARTIES,12,5,1,2,103
Prince George's,4,24,013-007,REPUBLICAN,27,17,17,13,175
Prince George's,4,24,013-007,UNAFFILIATED,142,98,58,31,769
Prince George's,4,22,013-008,DEMOCRATIC,115,119,88,33,609
Prince George's,4,22,013-008,GREEN,0,0,0,0,1
Prince George's,4,22,013-008,LIBERTARIAN,0,0,0,0,2
Prince George's,4,22,013-008,NO LABELS MARYLAND,1,0,0,0,2
Prince George's,4,22,013-008,OTHER PARTIES,1,0,0,1,20
Prince George's,4,22,013-008,REPUBLICAN,4,2,1,6,27
Prince George's,4,22,013-008,UNAFFILIATED,18,12,5,3,111
Prince George's,5,25,013-009,DEMOCRATIC,473,806,557,93,2685
Prince George's,5,25,013-009,GREEN,0,0,0,0,0
Prince George's,5,25,013-009,LIBERTARIAN,0,1,0,1,3
Prince George's,5,25,013-009,NO LABELS MARYLAND,2,0,2,1,7
Prince George's,5,25,013-009,OTHER PARTIES,8,12,1,1,60
Prince George's,5,25,013-009,REPUBLICAN,20,21,20,2,103
Prince George's,5,25,013-009,UNAFFILIATED,94,83,50,21,453
Prince George's,5,25,013-010,DEMOCRATIC,437,665,384,117,2512
Prince George's,5,25,013-010,GREEN,0,0,1,0,1
Prince George's,5,25,013-010,LIBERTARIAN,1,1,1,0,7
Prince George's,5,25,013-010,NO LABELS MARYLAND,0,1,4,1,6
Prince George's,5,25,013-010,OTHER PARTIES,3,4,1,2,50
Prince George's,5,25,013-010,REPUBLICAN,18,20,11,9,109
Prince George's,5,25,013-010,UNAFFILIATED,71,72,45,21,458
Prince George's,5,25,013-011,DEMOCRATIC,334,434,295,93,1520
Prince George's,5,25,013-011,GREEN,0,0,0,0,3
Prince George's,5,25,013-011,LIBERTARIAN,2,0,0,0,3
Prince George's,5,25,013-011,NO LABELS MARYLAND,2,0,0,0,2
Prince George's,5,25,013-011,OTHER PARTIES,2,1,0,1,22
Prince George's,5,25,013-011,REPUBLICAN,16,7,11,7,65
Prince George's,5,25,013-011,UNAFFILIATED,49,49,21,17,257
Prince George's,5,24,013-012,DEMOCRATIC,551,806,684,94,2771
Prince George's,5,24,013-012,GREEN,0,0,0,0,1
Prince George's,5,24,013-012,LIBERTARIAN,4,0,1,0,9
Prince George's,5,24,013-012,NO LABELS MARYLAND,1,0,0,2,4
Prince George's,5,24,013-012,OTHER PARTIES,9,4,7,1,71
Prince George's,5,24,013-012,REPUBLICAN,20,16,17,2,106
Prince George's,5,24,013-012,UNAFFILIATED,91,96,57,12,446
Prince George's,5,25,013-013,DEMOCRATIC,281,559,442,32,1764
Prince George's,5,25,013-013,GREEN,0,0,0,0,0
Prince George's,5,25,013-013,LIBERTARIAN,0,0,0,0,0
Prince George's,5,25,013-013,NO LABELS MARYLAND,0,0,1,0,1
Prince George's,5,25,013-013,OTHER PARTIES,2,8,2,2,35
Prince George's,5,25,013-013,REPUBLICAN,15,11,7,1,56
Prince George's,5,25,013-013,UNAFFILIATED,48,59,42,8,286
Prince George's,4,24,013-014,DEMOCRATIC,507,849,550,126,2581
Prince George's,4,24,013-014,GREEN,0,0,1,0,3
Prince George's,4,24,013-014,LIBERTARIAN,2,0,0,2,4
Prince George's,4,24,013-014,NO LABELS MARYLAND,0,1,1,1,4
Prince George's,4,24,013-014,OTHER PARTIES,8,3,1,2,38
Prince George's,4,24,013-014,REPUBLICAN,19,19,15,2,105
Prince George's,4,24,013-014,UNAFFILIATED,116,94,72,33,457
Prince George's,4,24,013-015,DEMOCRATIC,300,462,325,80,1570
Prince George's,4,24,013-015,GREEN,1,0,0,0,2
Prince George's,4,24,013-015,LIBERTARIAN,1,1,1,0,6
Prince George's,4,24,013-015,NO LABELS MARYLAND,1,0,1,1,4
Prince George's,4,24,013-015,OTHER PARTIES,8,6,0,2,43
Prince George's,4,24,013-015,REPUBLICAN,20,19,10,7,106
Prince George's,4,24,013-015,UNAFFILIATED,79,55,57,15,363
Prince George's,4,24,013-016,DEMOCRATIC,486,670,399,112,2461
Prince George's,4,24,013-016,GREEN,0,0,0,0,0
Prince George's,4,24,013-016,LIBERTARIAN,2,0,0,0,6
Prince George's,4,24,013-016,NO LABELS MARYLAND,1,0,1,0,3
Prince George's,4,24,013-016,OTHER PARTIES,7,1,0,2,47
Prince George's,4,24,013-016,REPUBLICAN,18,9,6,9,79
Prince George's,4,24,013-016,UNAFFILIATED,80,63,32,21,398
Prince George's,4,47A,013-017,DEMOCRATIC,280,331,214,76,1418
Prince George's,4,47A,013-017,GREEN,0,0,1,0,1
Prince George's,4,47A,013-017,LIBERTARIAN,0,0,1,0,1
Prince George's,4,47A,013-017,NO LABELS MARYLAND,1,0,0,0,3
Prince George's,4,47A,013-017,OTHER PARTIES,4,4,2,1,45
Prince George's,4,47A,013-017,REPUBLICAN,18,17,5,7,80
Prince George's,4,47A,013-017,UNAFFILIATED,64,28,14,9,243
Prince George's,4,47A,013-018,DEMOCRATIC,171,249,182,39,1133
Prince George's,4,47A,013-018,GREEN,0,0,0,0,1
Prince George's,4,47A,013-018,LIBERTARIAN,5,0,0,0,8
Prince George's,4,47A,013-018,NO LABELS MARYLAND,0,0,0,0,3
Prince George's,4,47A,013-018,OTHER PARTIES,0,2,0,0,30
Prince George's,4,47A,013-018,REPUBLICAN,8,5,6,3,49
Prince George's,4,47A,013-018,UNAFFILIATED,18,24,15,7,193
Prince George's,4,47A,013-019,DEMOCRATIC,21,27,22,1,108
Prince George's,4,47A,013-019,GREEN,0,0,0,0,0
Prince George's,4,47A,013-019,LIBERTARIAN,0,0,0,0,0
Prince George's,4,47A,013-019,NO LABELS MARYLAND,0,0,0,0,0
Prince George's,4,47A,013-019,OTHER PARTIES,0,0,0,0,2
Prince George's,4,47A,013-019,REPUBLICAN,2,0,1,1,10
Prince George's,4,47A,013-019,UNAFFILIATED,6,4,0,0,29
Prince George's,4,22,013-020,DEMOCRATIC,116,108,84,48,492
Prince George's,4,22,013-020,GREEN,0,0,0,0,1
Prince George's,4,22,013-020,LIBERTARIAN,0,0,0,0,1
Prince George's,4,22,013-020,NO LABELS MARYLAND,1,1,0,0,2
Prince George's,4,22,013-020,OTHER PARTIES,0,1,0,0,14
Prince George's,4,22,013-020,REPUBLICAN,5,4,2,1,27
Prince George's,4,22,013-020,UNAFFILIATED,16,13,5,5,85
Prince George's,4,22,013-021,DEMOCRATIC,236,431,254,34,1258
Prince George's,4,22,013-021,GREEN,1,0,1,0,3
Prince George's,4,22,013-021,LIBERTARIAN,2,1,0,0,5
Prince George's,4,22,013-021,NO LABELS MARYLAND,1,0,2,0,3
Prince George's,4,22,013-021,OTHER PARTIES,4,2,1,0,25
Prince George's,4,22,013-021,REPUBLICAN,16,5,8,2,50
Prince George's,4,22,013-021,UNAFFILIATED,61,51,28,9,267
Prince George's,4,47A,013-022,DEMOCRATIC,96,147,67,11,666
Prince George's,4,47A,013-022,GREEN,0,0,0,0,0
Prince George's,4,47A,013-022,LIBERTARIAN,0,0,0,0,4
Prince George's,4,47A,013-022,NO LABELS MARYLAND,1,2,0,0,5
Prince George's,4,47A,013-022,OTHER PARTIES,1,0,0,0,21
Prince George's,4,47A,013-022,REPUBLICAN,7,5,2,0,39
Prince George's,4,47A,013-022,UNAFFILIATED,19,14,6,1,117
Prince George's,5,24,013-023,DEMOCRATIC,148,164,104,38,599
Prince George's,5,24,013-023,GREEN,0,0,0,0,0
Prince George's,5,24,013-023,LIBERTARIAN,0,0,1,0,1
Prince George's,5,24,013-023,NO LABELS MARYLAND,1,0,0,0,1
Prince George's,5,24,013-023,OTHER PARTIES,5,3,1,0,20
Prince George's,5,24,013-023,REPUBLICAN,8,0,1,3,24
Prince George's,5,24,013-023,UNAFFILIATED,18,16,5,14,81
Prince George's,5,24,013-024,DEMOCRATIC,194,258,165,38,869
Prince George's,5,24,013-024,GREEN,0,0,0,0,0
Prince George's,5,24,013-024,LIBERTARIAN,0,0,0,0,1
Prince George's,5,24,013-024,NO LABELS MARYLAND,1,0,1,2,4
Prince George's,5,24,013-024,OTHER PARTIES,7,0,1,0,24
Prince George's,5,24,013-024,REPUBLICAN,2,5,0,1,16
Prince George's,5,24,013-024,UNAFFILIATED,27,24,10,9,141
Prince George's,4,24,013-025,DEMOCRATIC,36,77,60,26,268
Prince George's,4,24,013-025,GREEN,0,0,0,0,0
Prince George's,4,24,013-025,LIBERTARIAN,0,0,0,0,1
Prince George's,4,24,013-025,NO LABELS MARYLAND,1,0,0,0,2
Prince George's,4,24,013-025,OTHER PARTIES,1,1,0,0,7
Prince George's,4,24,013-025,REPUBLICAN,2,3,1,4,23
Prince George's,4,24,013-025,UNAFFILIATED,8,4,4,2,40
Prince George's,4,47A,013-026,DEMOCRATIC,12,12,16,3,75
Prince George's,4,47A,013-026,GREEN,0,0,0,0,0
Prince George's,4,47A,013-026,LIBERTARIAN,0,0,0,0,0
Prince George's,4,47A,013-026,NO LABELS MARYLAND,0,0,0,0,0
Prince George's,4,47A,013-026,OTHER PARTIES,0,0,0,0,1
Prince George's,4,47A,013-026,REPUBLICAN,0,1,0,0,4
Prince George's,4,47A,013-026,UNAFFILIATED,0,1,0,0,2
Prince George's,4,24,013-027,DEMOCRATIC,2,0,0,0,4
Prince George's,4,24,013-027,GREEN,0,0,0,0,0
Prince George's,4,24,013-027,LIBERTARIAN,0,0,0,0,0
Prince George's,4,24,013-027,NO LABELS MARYLAND,0,0,0,0,0
Prince George's,4,24,013-027,OTHER PARTIES,0,0,0,0,0
Prince George's,4,24,013-027,REPUBLICAN,0,0,0,0,0
Prince George's,4,24,013-027,UNAFFILIATED,0,0,0,0,0
Prince George's,4,24,013-028,DEMOCRATIC,77,77,59,9,440
Prince George's,4,24,013-028,GREEN,0,0,0,1,1
Prince George's,4,24,013-028,LIBERTARIAN,0,0,0,0,0
Prince George's,4,24,013-028,NO LABELS MARYLAND,0,0,3,0,3
Prince George's,4,24,013-028,OTHER PARTIES,7,1,0,0,27
Prince George's,4,24,013-028,REPUBLICAN,2,2,1,1,13
Prince George's,4,24,013-028,UNAFFILIATED,14,10,8,1,96
Prince George's,4,25,013-029,DEMOCRATIC,1,4,0,0,11
Prince George's,4,25,013-029,GREEN,0,0,0,0,0
Prince George's,4,25,013-029,LIBERTARIAN,0,0,0,0,0
Prince George's,4,25,013-029,NO LABELS MARYLAND,0,0,0,0,0
Prince George's,4,25,013-029,OTHER PARTIES,0,0,0,0,0
Prince George's,4,25,013-029,REPUBLICAN,0,0,0,0,8
Prince George's,4,25,013-029,UNAFFILIATED,0,0,0,0,5
Prince George's,4,24,013-030,DEMOCRATIC,229,411,289,39,1473
Prince George's,4,24,013-030,GREEN,0,0,0,0,0
Prince George's,4,24,013-030,LIBERTARIAN,4,0,1,0,10
Prince George's,4,24,013-030,NO LABELS MARYLAND,0,0,1,0,4
Prince George's,4,24,013-030,OTHER PARTIES,1,5,3,0,38
Prince George's,4,24,013-030,REPUBLICAN,3,7,3,1,41
Prince George's,4,24,013-030,UNAFFILIATED,38,50,34,2,247
Prince George's,4,25,013-031,DEMOCRATIC,72,117,60,19,414
Prince George's,4,25,013-031,GREEN,0,0,0,0,0
Prince George's,4,25,013-031,LIBERTARIAN,0,0,0,0,0
Prince George's,4,25,013-031,NO LABELS MARYLAND,0,1,0,0,1
Prince George's,4,25,013-031,OTHER PARTIES,1,1,1,0,5
Prince George's,4,25,013-031,REPUBLICAN,1,4,4,0,13
Prince George's,4,25,013-031,UNAFFILIATED,14,25,8,2,93
Prince George's,5,24,013-032,DEMOCRATIC,130,220,143,6,722
Prince George's,5,24,013-032,GREEN,1,0,0,0,3
Prince George's,5,24,013-032,LIBERTARIAN,0,0,0,0,1
Prince George's,5,24,013-032,NO LABELS MARYLAND,0,0,0,0,0
Prince George's,5,24,013-032,OTHER PARTIES,2,3,1,0,26
Prince George's,5,24,013-032,REPUBLICAN,2,1,2,0,18
Prince George's,5,24,013-032,UNAFFILIATED,30,40,9,0,119
Prince George's,5,24,013-033,DEMOCRATIC,351,512,330,40,1545
Prince George's,5,24,013-033,GREEN,0,0,1,0,2
Prince George's,5,24,013-033,LIBERTARIAN,1,1,0,0,2
Prince George's,5,24,013-033,NO LABELS MARYLAND,0,0,0,1,3
Prince George's,5,24,013-033,OTHER PARTIES,0,0,1,1,10
Prince George's,5,24,013-033,REPUBLICAN,6,5,10,2,39
Prince George's,5,24,013-033,UNAFFILIATED,77,69,45,10,323
Prince George's,5,24,013-034,DEMOCRATIC,240,466,349,17,1344
Prince George's,5,24,013-034,GREEN,0,0,0,0,0
Prince George's,5,24,013-034,LIBERTARIAN,1,0,0,0,2
Prince George's,5,24,013-034,NO LABELS MARYLAND,2,0,2,0,5
Prince George's,5,24,013-034,OTHER PARTIES,2,2,0,1,23
Prince George's,5,24,013-034,REPUBLICAN,12,18,16,0,71
Prince George's,5,24,013-034,UNAFFILIATED,51,41,24,8,205
Prince George's,4,24,013-035,DEMOCRATIC,9,9,8,0,53
Prince George's,4,24,013-035,GREEN,0,0,0,0,0
Prince George's,4,24,013-035,LIBERTARIAN,0,0,0,0,0
Prince George's,4,24,013-035,NO LABELS MARYLAND,0,0,0,0,0
Prince George's,4,24,013-035,OTHER PARTIES,1,0,0,0,2
Prince George's,4,24,013-035,REPUBLICAN,0,0,0,0,2
Prince George's,4,24,013-035,UNAFFILIATED,2,0,1,0,4
Prince George's,5,25,013-036,DEMOCRATIC,0,1,0,0,5
Prince George's,5,25,013-036,GREEN,0,0,0,0,0
Prince George's,5,25,013-036,LIBERTARIAN,0,0,0,0,0
Prince George's,5,25,013-036,NO LABELS MARYLAND,0,0,0,0,0
Prince George's,5,25,013-036,OTHER PARTIES,0,0,0,0,0
Prince George's,5,25,013-036,REPUBLICAN,0,0,0,0,2
Prince George's,5,25,013-036,UNAFFILIATED,0,0,0,0,0
Prince George's,5,24,014-001,DEMOCRATIC,265,281,236,93,1062
Prince George's,5,24,014-001,GREEN,0,0,0,0,3
Prince George's,5,24,014-001,LIBERTARIAN,0,3,1,0,6
Prince George's,5,24,014-001,NO LABELS MARYLAND,0,0,0,1,0
Prince George's,5,24,014-001,OTHER PARTIES,7,2,2,3,37
Prince George's,5,24,014-001,REPUBLICAN,53,46,31,8,207
Prince George's,5,24,014-001,UNAFFILIATED,66,61,56,28,299
Prince George's,4,22,014-002,DEMOCRATIC,698,577,316,287,2699
Prince George's,4,22,014-002,GREEN,1,1,1,2,3
Prince George's,4,22,014-002,LIBERTARIAN,1,1,0,1,6
Prince George's,4,22,014-002,NO LABELS MARYLAND,1,1,1,0,6
Prince George's,4,22,014-002,OTHER PARTIES,8,4,2,5,77
Prince George's,4,22,014-002,REPUBLICAN,36,29,21,32,175
Prince George's,4,22,014-002,UNAFFILIATED,103,71,50,57,579
Prince George's,5,23,014-003,DEMOCRATIC,306,366,288,77,1229
Prince George's,5,23,014-003,GREEN,0,0,0,1,0
Prince George's,5,23,014-003,LIBERTARIAN,4,1,1,0,14
Prince George's,5,23,014-003,NO LABELS MARYLAND,0,0,0,1,1
Prince George's,5,23,014-003,OTHER PARTIES,5,8,4,4,49
Prince George's,5,23,014-003,REPUBLICAN,124,105,85,14,420
Prince George's,5,23,014-003,UNAFFILIATED,132,79,88,24,463
Prince George's,5,23,014-004,DEMOCRATIC,369,256,258,24,1160
Prince George's,5,23,014-004,GREEN,0,0,0,0,1
Prince George's,5,23,014-004,LIBERTARIAN,5,2,1,0,11
Prince George's,5,23,014-004,NO LABELS MARYLAND,3,1,1,0,7
Prince George's,5,23,014-004,OTHER PARTIES,9,8,2,0,36
Prince George's,5,23,014-004,REPUBLICAN,130,70,59,6,383
Prince George's,5,23,014-004,UNAFFILIATED,130,71,71,11,439
Prince George's,5,23,014-005,DEMOCRATIC,257,203,243,50,929
Prince George's,5,23,014-005,GREEN,0,0,2,0,3
Prince George's,5,23,014-005,LIBERTARIAN,1,1,1,0,5
Prince George's,5,23,014-005,NO LABELS MARYLAND,0,1,2,0,4
Prince George's,5,23,014-005,OTHER PARTIES,5,6,3,1,33
Prince George's,5,23,014-005,REPUBLICAN,113,81,47,4,320
Prince George's,5,23,014-005,UNAFFILIATED,102,62,72,18,370
Prince George's,5,23,014-006,DEMOCRATIC,231,202,195,41,816
Prince George's,5,23,014-006,GREEN,0,0,0,1,0
Prince George's,5,23,014-006,LIBERTARIAN,3,1,0,1,6
Prince George's,5,23,014-006,NO LABELS MARYLAND,0,0,2,0,4
Prince George's,5,23,014-006,OTHER PARTIES,6,2,2,0,33
Prince George's,5,23,014-006,REPUBLICAN,111,79,37,10,325
Prince George's,5,23,014-006,UNAFFILIATED,101,52,67,10,344
Prince George's,4,24,014-007,DEMOCRATIC,515,788,510,79,2422
Prince George's,4,24,014-007,GREEN,0,0,1,0,1
Prince George's,4,24,014-007,LIBERTARIAN,1,0,1,1,4
Prince George's,4,24,014-007,NO LABELS MARYLAND,0,0,0,0,1
Prince George's,4,24,014-007,OTHER PARTIES,9,12,6,1,66
Prince George's,4,24,014-007,REPUBLICAN,58,53,46,12,253
Prince George's,4,24,014-007,UNAFFILIATED,111,88,77,12,480
Prince George's,4,22,014-008,DEMOCRATIC,412,422,298,74,1802
Prince George's,4,22,014-008,GREEN,0,0,0,0,2
Prince George's,4,22,014-008,LIBERTARIAN,1,0,0,0,6
Prince George's,4,22,014-008,NO LABELS MARYLAND,1,4,1,0,9
Prince George's,4,22,014-008,OTHER PARTIES,9,10,2,2,62
Prince George's,4,22,014-008,REPUBLICAN,40,23,27,7,166
Prince George's,4,22,014-008,UNAFFILIATED,119,70,74,16,517
Prince George's,5,23,014-009,DEMOCRATIC,416,808,494,230,2401
Prince George's,5,23,014-009,GREEN,1,0,1,0,4
Prince George's,5,23,014-009,LIBERTARIAN,0,0,3,3,9
Prince George's,5,23,014-009,NO LABELS MARYLAND,0,1,1,2,2
Prince George's,5,23,014-009,OTHER PARTIES,6,9,5,2,59
Prince George's,5,23,014-009,REPUBLICAN,67,77,54,5,322
Prince George's,5,23,014-009,UNAFFILIATED,113,122,101,62,615
Prince George's,5,23,014-010,DEMOCRATIC,162,278,137,31,780
Prince George's,5,23,014-010,GREEN,0,0,0,0,0
Prince George's,5,23,014-010,LIBERTARIAN,0,0,0,0,1
Prince George's,5,23,014-010,NO LABELS MARYLAND,0,0,0,0,0
Prince George's,5,23,014-010,OTHER PARTIES,2,5,2,0,20
Prince George's,5,23,014-010,REPUBLICAN,14,12,8,5,63
Prince George's,5,23,014-010,UNAFFILIATED,38,42,20,7,160
Prince George's,5,23,014-011,DEMOCRATIC,118,185,136,34,630
Prince George's,5,23,014-011,GREEN,0,0,0,0,1
Prince George's,5,23,014-011,LIBERTARIAN,2,3,0,0,6
Prince George's,5,23,014-011,NO LABELS MARYLAND,0,0,0,0,0
Prince George's,5,23,014-011,OTHER PARTIES,2,3,2,0,24
Prince George's,5,23,014-011,REPUBLICAN,30,56,31,0,154
Prince George's,5,23,014-011,UNAFFILIATED,30,34,41,6,169
Prince George's,4,24,014-012,DEMOCRATIC,294,510,368,87,1554
Prince George's,4,24,014-012,GREEN,0,1,0,0,3
Prince George's,4,24,014-012,LIBERTARIAN,1,2,1,0,8
Prince George's,4,24,014-012,NO LABELS MARYLAND,0,1,0,2,2
Prince George's,4,24,014-012,OTHER PARTIES,5,6,3,0,46
Prince George's,4,24,014-012,REPUBLICAN,65,42,45,8,243
Prince George's,4,24,014-012,UNAFFILIATED,97,71,63,20,378
Prince George's,5,23,014-013,DEMOCRATIC,160,348,175,54,916
Prince George's,5,23,014-013,GREEN,0,0,0,0,0
Prince George's,5,23,014-013,LIBERTARIAN,1,2,2,0,6
Prince George's,5,23,014-013,NO LABELS MARYLAND,0,1,2,0,3
Prince George's,5,23,014-013,OTHER PARTIES,1,2,0,1,13
Prince George's,5,23,014-013,REPUBLICAN,37,36,12,5,135
Prince George's,5,23,014-013,UNAFFILIATED,64,58,48,15,269
Prince George's,5,23,014-014,DEMOCRATIC,2,0,3,1,10
Prince George's,5,23,014-014,GREEN,0,0,0,0,0
Prince George's,5,23,014-014,LIBERTARIAN,0,0,0,0,0
Prince George's,5,23,014-014,NO LABELS MARYLAND,0,0,0,0,0
Prince George's,5,23,014-014,OTHER PARTIES,0,0,0,0,0
Prince George's,5,23,014-014,REPUBLICAN,0,1,0,0,3
Prince George's,5,23,014-014,UNAFFILIATED,0,0,0,0,4
Prince George's,5,24,014-015,DEMOCRATIC,79,89,63,4,338
Prince George's,5,24,014-015,GREEN,0,0,0,0,0
Prince George's,5,24,014-015,LIBERTARIAN,0,0,0,0,0
Prince George's,5,24,014-015,NO LABELS MARYLAND,0,0,0,0,0
Prince George's,5,24,014-015,OTHER PARTIES,1,0,0,0,6
Prince George's,5,24,014-015,REPUBLICAN,7,12,10,1,49
Prince George's,5,24,014-015,UNAFFILIATED,20,10,10,1,68
Prince George's,4,23,014-016,DEMOCRATIC,21,28,15,2,103
Prince George's,4,23,014-016,GREEN,0,0,0,0,0
Prince George's,4,23,014-016,LIBERTARIAN,2,0,0,0,2
Prince George's,4,23,014-016,NO LABELS MARYLAND,0,0,0,0,0
Prince George's,4,23,014-016,OTHER PARTIES,0,0,0,0,3
Prince George's,4,23,014-016,REPUBLICAN,4,5,5,0,23
Prince George's,4,23,014-016,UNAFFILIATED,12,7,5,0,45
Prince George's,4,24,014-017,DEMOCRATIC,3,2,1,0,9
Prince George's,4,24,014-017,GREEN,0,0,0,0,0
Prince George's,4,24,014-017,LIBERTARIAN,0,0,0,0,0
Prince George's,4,24,014-017,NO LABELS MARYLAND,0,0,0,0,0
Prince George's,4,24,014-017,OTHER PARTIES,0,0,0,0,0
Prince George's,4,24,014-017,REPUBLICAN,1,0,0,0,2
Prince George's,4,24,014-017,UNAFFILIATED,3,0,1,0,4
Prince George's,5,23,014-018,DEMOCRATIC,134,229,157,9,656
Prince George's,5,23,014-018,GREEN,0,1,0,0,1
Prince George's,5,23,014-018,LIBERTARIAN,1,0,0,0,3
Prince George's,5,23,014-018,NO LABELS MARYLAND,0,0,1,0,1
Prince George's,5,23,014-018,OTHER PARTIES,4,2,2,0,16
Prince George's,5,23,014-018,REPUBLICAN,16,8,6,4,44
Prince George's,5,23,014-018,UNAFFILIATED,35,26,25,0,132
Prince George's,5,23,014-019,DEMOCRATIC,20,37,46,8,141
Prince George's,5,23,014-019,GREEN,0,0,0,0,0
Prince George's,5,23,014-019,LIBERTARIAN,0,0,0,0,2
Prince George's,5,23,014-019,NO LABELS MARYLAND,0,0,0,0,0
Prince George's,5,23,014-019,OTHER PARTIES,0,0,0,0,3
Prince George's,5,23,014-019,REPUBLICAN,11,13,8,0,39
Prince George's,5,23,014-019,UNAFFILIATED,14,9,8,2,48
Prince George's,4,24,014-020,DEMOCRATIC,13,14,8,1,53
Prince George's,4,24,014-020,GREEN,0,0,0,0,0
Prince George's,4,24,014-020,LIBERTARIAN,0,0,0,0,0
Prince George's,4,24,014-020,NO LABELS MARYLAND,0,0,0,0,0
Prince George's,4,24,014-020,OTHER PARTIES,0,0,0,0,0
Prince George's,4,24,014-020,REPUBLICAN,2,5,0,1,8
Prince George's,4,24,014-020,UNAFFILIATED,5,4,3,0,18
Prince George's,4,24,014-021,DEMOCRATIC,79,88,55,7,370
Prince George's,4,24,014-021,GREEN,0,0,1,0,2
Prince George's,4,24,014-021,LIBERTARIAN,0,0,0,0,2
Prince George's,4,24,014-021,NO LABELS MARYLAND,0,0,0,0,1
Prince George's,4,24,014-021,OTHER PARTIES,2,2,2,0,15
Prince George's,4,24,014-021,REPUBLICAN,6,2,4,0,27
Prince George's,4,24,014-021,UNAFFILIATED,20,8,4,0,82
Prince George's,5,24,014-022,DEMOCRATIC,3,2,13,0,26
Prince George's,5,24,014-022,GREEN,0,0,0,0,0
Prince George's,5,24,014-022,LIBERTARIAN,0,0,0,0,0
Prince George's,5,24,014-022,NO LABELS MARYLAND,0,0,0,0,0
Prince George's,5,24,014-022,OTHER PARTIES,0,0,0,0,0
Prince George's,5,24,014-022,REPUBLICAN,3,6,1,1,15
Prince George's,5,24,014-022,UNAFFILIATED,0,0,4,0,7
Prince George's,5,24,014-023,DEMOCRATIC,10,17,16,0,60
Prince George's,5,24,014-023,GREEN,0,0,0,0,1
Prince George's,5,24,014-023,LIBERTARIAN,0,0,0,0,0
Prince George's,5,24,014-023,NO LABELS MARYLAND,0,0,0,0,0
Prince George's,5,24,014-023,OTHER PARTIES,0,0,0,0,2
Prince George's,5,24,014-023,REPUBLICAN,1,2,2,0,12
Prince George's,5,24,014-023,UNAFFILIATED,7,1,1,1,15
Prince George's,5,24,014-024,DEMOCRATIC,97,111,77,7,379
Prince George's,5,24,014-024,GREEN,0,1,0,0,2
Prince George's,5,24,014-024,LIBERTARIAN,0,0,1,0,2
Prince George's,5,24,014-024,NO LABELS MARYLAND,0,0,0,0,0
Prince George's,5,24,014-024,OTHER PARTIES,3,3,1,0,13
Prince George's,5,24,014-024,REPUBLICAN,15,23,13,4,80
Prince George's,5,24,014-024,UNAFFILIATED,36,30,25,3,132
Prince George's,5,24,014-025,DEMOCRATIC,45,67,48,2,209
Prince George's,5,24,014-025,GREEN,0,0,0,0,0
Prince George's,5,24,014-025,LIBERTARIAN,1,1,0,0,3
Prince George's,5,24,014-025,NO LABELS MARYLAND,0,0,0,0,0
Prince George's,5,24,014-025,OTHER PARTIES,0,3,1,0,11
Prince George's,5,24,014-025,REPUBLICAN,12,16,18,0,69
Prince George's,5,24,014-025,UNAFFILIATED,27,12,8,1,96
Prince George's,4,24,014-026,DEMOCRATIC,15,17,13,0,65
Prince George's,4,24,014-026,GREEN,0,0,0,0,0
Prince George's,4,24,014-026,LIBERTARIAN,0,0,0,0,0
Prince George's,4,24,014-026,NO LABELS MARYLAND,0,0,1,0,2
Prince George's,4,24,014-026,OTHER PARTIES,0,1,0,0,3
Prince George's,4,24,014-026,REPUBLICAN,2,1,1,0,7
Prince George's,4,24,014-026,UNAFFILIATED,5,1,2,0,19
Prince George's,5,23,015-001,DEMOCRATIC,682,1095,527,111,3259
Prince George's,5,23,015-001,GREEN,1,0,1,2,5
Prince George's,5,23,015-001,LIBERTARIAN,1,2,1,0,7
Prince George's,5,23,015-001,NO LABELS MARYLAND,2,0,0,1,7
Prince George's,5,23,015-001,OTHER PARTIES,8,8,7,0,75
Prince George's,5,23,015-001,REPUBLICAN,39,55,32,4,243
Prince George's,5,23,015-001,UNAFFILIATED,127,109,84,21,605
Prince George's,5,25,015-002,DEMOCRATIC,693,1512,683,193,3718
Prince George's,5,25,015-002,GREEN,1,1,0,0,2
Prince George's,5,25,015-002,LIBERTARIAN,5,6,1,1,17
Prince George's,5,25,015-002,NO LABELS MARYLAND,0,0,2,0,8
Prince George's,5,25,015-002,OTHER PARTIES,9,14,9,1,66
Prince George's,5,25,015-002,REPUBLICAN,36,43,22,9,173
Prince George's,5,25,015-002,UNAFFILIATED,180,203,91,28,837
Prince George's,5,23,015-003,DEMOCRATIC,317,825,408,59,2089
Prince George's,5,23,015-003,GREEN,0,1,0,0,1
Prince George's,5,23,015-003,LIBERTARIAN,1,1,0,0,1
Prince George's,5,23,015-003,NO LABELS MARYLAND,0,2,0,0,3
Prince George's,5,23,015-003,OTHER PARTIES,2,4,1,0,29
Prince George's,5,23,015-003,REPUBLICAN,13,26,18,2,113
Prince George's,5,23,015-003,UNAFFILIATED,62,70,39,7,308
Prince George's,5,23,015-004,DEMOCRATIC,615,1166,527,60,3137
Prince George's,5,23,015-004,GREEN,0,0,0,0,2
Prince George's,5,23,015-004,LIBERTARIAN,3,2,1,0,10
Prince George's,5,23,015-004,NO LABELS MARYLAND,0,2,2,0,6
Prince George's,5,23,015-004,OTHER PARTIES,7,14,3,1,66
Prince George's,5,23,015-004,REPUBLICAN,35,54,21,5,200
Prince George's,5,23,015-004,UNAFFILIATED,93,110,62,12,509
Prince George's,5,25,015-005,DEMOCRATIC,1143,2672,1217,190,6407
Prince George's,5,25,015-005,GREEN,1,0,0,1,4
Prince George's,5,25,015-005,LIBERTARIAN,1,2,0,2,13
Prince George's,5,25,015-005,NO LABELS MARYLAND,3,2,4,1,13
Prince George's,5,25,015-005,OTHER PARTIES,8,11,2,5,64
Prince George's,5,25,015-005,REPUBLICAN,46,76,51,6,266
Prince George's,5,25,015-005,UNAFFILIATED,217,268,132,37,1033
Prince George's,5,23,015-006,DEMOCRATIC,172,395,263,34,1136
Prince George's,5,23,015-006,GREEN,0,0,0,1,2
Prince George's,5,23,015-006,LIBERTARIAN,0,3,1,1,5
Prince George's,5,23,015-006,NO LABELS MARYLAND,0,0,2,0,4
Prince George's,5,23,015-006,OTHER PARTIES,4,7,1,1,28
Prince George's,5,23,015-006,REPUBLICAN,21,29,18,6,110
Prince George's,5,23,015-006,UNAFFILIATED,39,50,47,8,246
Prince George's,4,25,015-007,DEMOCRATIC,96,166,89,9,541
Prince George's,4,25,015-007,GREEN,1,0,0,0,1
Prince George's,4,25,015-007,LIBERTARIAN,0,1,0,0,1
Prince George's,4,25,015-007,NO LABELS MARYLAND,0,0,0,0,1
Prince George's,4,25,015-007,OTHER PARTIES,1,2,1,0,13
Prince George's,4,25,015-007,REPUBLICAN,2,2,3,0,12
Prince George's,4,25,015-007,UNAFFILIATED,18,10,4,0,87
Prince George's,5,25,015-008,DEMOCRATIC,207,611,412,23,1639
Prince George's,5,25,015-008,GREEN,0,0,0,0,0
Prince George's,5,25,015-008,LIBERTARIAN,0,0,0,0,3
Prince George's,5,25,015-008,NO LABELS MARYLAND,1,1,0,0,2
Prince George's,5,25,015-008,OTHER PARTIES,5,0,0,1,12
Prince George's,5,25,015-008,REPUBLICAN,16,21,17,3,88
Prince George's,5,25,015-008,UNAFFILIATED,47,62,25,2,241
Prince George's,4,22,016-001,DEMOCRATIC,160,80,48,12,446
Prince George's,4,22,016-001,GREEN,1,0,0,1,2
Prince George's,4,22,016-001,LIBERTARIAN,0,0,1,0,2
Prince George's,4,22,016-001,NO LABELS MARYLAND,1,0,0,0,1
Prince George's,4,22,016-001,OTHER PARTIES,2,1,0,0,12
Prince George's,4,22,016-001,REPUBLICAN,22,8,9,1,62
Prince George's,4,22,016-001,UNAFFILIATED,42,15,7,9,155
Prince George's,4,22,016-002,DEMOCRATIC,156,124,126,29,550
Prince George's,4,22,016-002,GREEN,1,0,0,0,1
Prince George's,4,22,016-002,LIBERTARIAN,1,0,1,0,5
Prince George's,4,22,016-002,NO LABELS MARYLAND,0,0,1,0,0
Prince George's,4,22,016-002,OTHER PARTIES,3,1,0,1,14
Prince George's,4,22,016-002,REPUBLICAN,29,22,17,4,99
Prince George's,4,22,016-002,UNAFFILIATED,53,27,22,9,196
Prince George's,4,22,016-003,DEMOCRATIC,743,696,898,119,3285
Prince George's,4,22,016-003,GREEN,2,0,1,0,8
Prince George's,4,22,016-003,LIBERTARIAN,4,0,0,1,14
Prince George's,4,22,016-003,NO LABELS MARYLAND,0,1,2,0,5
Prince George's,4,22,016-003,OTHER PARTIES,11,8,9,3,92
Prince George's,4,22,016-003,REPUBLICAN,113,63,52,19,371
Prince George's,4,22,016-003,UNAFFILIATED,166,119,150,49,775
Prince George's,4,22,016-004,DEMOCRATIC,483,355,357,110,2024
Prince George's,4,22,016-004,GREEN,2,0,0,0,6
Prince George's,4,22,016-004,LIBERTARIAN,5,3,1,0,17
Prince George's,4,22,016-004,NO LABELS MARYLAND,2,1,0,0,6
Prince George's,4,22,016-004,OTHER PARTIES,12,6,4,3,83
Prince George's,4,22,016-004,REPUBLICAN,61,36,31,10,233
Prince George's,4,22,016-004,UNAFFILIATED,132,72,41,22,565
Prince George's,4,22,016-005,DEMOCRATIC,27,10,12,3,79
Prince George's,4,22,016-005,GREEN,0,0,0,0,0
Prince George's,4,22,016-005,LIBERTARIAN,0,1,1,0,2
Prince George's,4,22,016-005,NO LABELS MARYLAND,0,0,0,0,0
Prince George's,4,22,016-005,OTHER PARTIES,1,1,0,0,2
Prince George's,4,22,016-005,REPUBLICAN,2,6,1,0,12
Prince George's,4,22,016-005,UNAFFILIATED,12,3,1,0,25
Prince George's,4,47A,017-001,DEMOCRATIC,604,499,456,104,2273
Prince George's,4,47A,017-001,GREEN,5,0,4,1,11
Prince George's,4,47A,017-001,LIBERTARIAN,3,0,1,1,9
Prince George's,4,47A,017-001,NO LABELS MARYLAND,1,1,0,1,5
Prince George's,4,47A,017-001,OTHER PARTIES,10,8,2,1,44
Prince George's,4,47A,017-001,REPUBLICAN,37,22,11,6,140
Prince George's,4,47A,017-001,UNAFFILIATED,110,67,62,30,497
Prince George's,4,47A,017-002,DEMOCRATIC,450,248,202,78,1409
Prince George's,4,47A,017-002,GREEN,1,0,0,0,4
Prince George's,4,47A,017-002,LIBERTARIAN,3,0,0,1,6
Prince George's,4,47A,017-002,NO LABELS MARYLAND,0,0,0,0,1
Prince George's,4,47A,017-002,OTHER PARTIES,11,3,0,2,38
Prince George's,4,47A,017-002,REPUBLICAN,35,20,14,5,117
Prince George's,4,47A,017-002,UNAFFILIATED,91,40,37,23,319
Prince George's,4,47B,017-003,DEMOCRATIC,354,182,142,68,1437
Prince George's,4,47B,017-003,GREEN,0,1,2,0,6
Prince George's,4,47B,017-003,LIBERTARIAN,1,1,0,1,9
Prince George's,4,47B,017-003,NO LABELS MARYLAND,1,0,0,2,8
Prince George's,4,47B,017-003,OTHER PARTIES,8,5,2,0,93
Prince George's,4,47B,017-003,REPUBLICAN,38,22,12,5,185
Prince George's,4,47B,017-003,UNAFFILIATED,89,33,30,13,526
Prince George's,4,47A,017-004,DEMOCRATIC,315,360,293,59,1676
Prince George's,4,47A,017-004,GREEN,0,1,1,0,4
Prince George's,4,47A,017-004,LIBERTARIAN,2,1,0,2,11
Prince George's,4,47A,017-004,NO LABELS MARYLAND,0,1,1,1,4
Prince George's,4,47A,017-004,OTHER PARTIES,9,3,3,1,47
Prince George's,4,47A,017-004,REPUBLICAN,24,13,9,7,100
Prince George's,4,47A,017-004,UNAFFILIATED,83,42,35,17,372
Prince George's,4,47B,017-005,DEMOCRATIC,133,113,91,32,527
Prince George's,4,47B,017-005,GREEN,0,0,0,1,3
Prince George's,4,47B,017-005,LIBERTARIAN,1,0,0,0,2
Prince George's,4,47B,017-005,NO LABELS MARYLAND,0,0,0,0,1
Prince George's,4,47B,017-005,OTHER PARTIES,0,1,0,0,17
Prince George's,4,47B,017-005,REPUBLICAN,10,6,7,0,41
Prince George's,4,47B,017-005,UNAFFILIATED,41,11,16,9,124
Prince George's,4,47A,017-006,DEMOCRATIC,239,259,155,65,1102
Prince George's,4,47A,017-006,GREEN,1,0,1,0,3
Prince George's,4,47A,017-006,LIBERTARIAN,3,0,0,0,7
Prince George's,4,47A,017-006,NO LABELS MARYLAND,0,0,0,1,2
Prince George's,4,47A,017-006,OTHER PARTIES,6,3,1,0,39
Prince George's,4,47A,017-006,REPUBLICAN,32,17,14,15,109
Prince George's,4,47A,017-006,UNAFFILIATED,79,29,37,33,333
Prince George's,4,47A,017-007,DEMOCRATIC,445,590,417,152,2518
Prince George's,4,47A,017-007,GREEN,1,1,1,1,4
Prince George's,4,47A,017-007,LIBERTARIAN,1,1,0,1,8
Prince George's,4,47A,017-007,NO LABELS MARYLAND,0,0,1,0,3
Prince George's,4,47A,017-007,OTHER PARTIES,9,8,1,4,65
Prince George's,4,47A,017-007,REPUBLICAN,48,26,16,29,175
Prince George's,4,47A,017-007,UNAFFILIATED,97,62,46,49,506
Prince George's,4,47B,017-008,DEMOCRATIC,210,287,193,215,1029
Prince George's,4,47B,017-008,GREEN,0,0,0,0,1
Prince George's,4,47B,017-008,LIBERTARIAN,2,1,0,0,3
Prince George's,4,47B,017-008,NO LABELS MARYLAND,2,1,0,0,7
Prince George's,4,47B,017-008,OTHER PARTIES,3,3,1,1,15
Prince George's,4,47B,017-008,REPUBLICAN,9,7,11,11,52
Prince George's,4,47B,017-008,UNAFFILIATED,67,63,31,48,302
Prince George's,4,21,017-009,DEMOCRATIC,198,206,168,47,1058
Prince George's,4,21,017-009,GREEN,0,0,1,0,3
Prince George's,4,21,017-009,LIBERTARIAN,3,2,0,0,9
Prince George's,4,21,017-009,NO LABELS MARYLAND,0,0,0,0,1
Prince George's,4,21,017-009,OTHER PARTIES,7,2,0,0,53
Prince George's,4,21,017-009,REPUBLICAN,36,24,15,10,167
Prince George's,4,21,017-009,UNAFFILIATED,52,35,31,13,318
Prince George's,4,47B,017-010,DEMOCRATIC,604,488,263,79,2486
Prince George's,4,47B,017-010,GREEN,1,1,0,0,7
Prince George's,4,47B,017-010,LIBERTARIAN,4,1,1,1,18
Prince George's,4,47B,017-010,NO LABELS MARYLAND,2,1,2,0,9
Prince George's,4,47B,017-010,OTHER PARTIES,12,5,3,0,102
Prince George's,4,47B,017-010,REPUBLICAN,60,29,25,15,245
Prince George's,4,47B,017-010,UNAFFILIATED,132,52,35,30,619
Prince George's,4,47A,017-011,DEMOCRATIC,409,361,320,64,2008
Prince George's,4,47A,017-011,GREEN,0,0,1,0,5
Prince George's,4,47A,017-011,LIBERTARIAN,0,0,1,0,6
Prince George's,4,47A,017-011,NO LABELS MARYLAND,1,0,1,1,4
Prince George's,4,47A,017-011,OTHER PARTIES,11,0,3,0,79
Prince George's,4,47A,017-011,REPUBLICAN,40,41,14,10,181
Prince George's,4,47A,017-011,UNAFFILIATED,111,47,44,18,523
Prince George's,4,47B,017-012,DEMOCRATIC,255,266,238,110,1555
Prince George's,4,47B,017-012,GREEN,0,0,0,1,3
Prince George's,4,47B,017-012,LIBERTARIAN,2,0,0,0,12
Prince George's,4,47B,017-012,NO LABELS MARYLAND,2,1,0,1,10
Prince George's,4,47B,017-012,OTHER PARTIES,7,5,2,3,58
Prince George's,4,47B,017-012,REPUBLICAN,34,14,22,15,181
Prince George's,4,47B,017-012,UNAFFILIATED,83,47,51,32,493
Prince George's,4,47B,017-013,DEMOCRATIC,16,16,18,1,113
Prince George's,4,47B,017-013,GREEN,0,0,0,0,0
Prince George's,4,47B,017-013,LIBERTARIAN,1,0,1,0,2
Prince George's,4,47B,017-013,NO LABELS MARYLAND,0,0,0,0,0
Prince George's,4,47B,017-013,OTHER PARTIES,0,3,1,0,8
Prince George's,4,47B,017-013,REPUBLICAN,3,2,1,0,13
Prince George's,4,47B,017-013,UNAFFILIATED,6,2,3,1,38
Prince George's,4,22,017-014,DEMOCRATIC,309,276,245,108,1620
Prince George's,4,22,017-014,GREEN,1,0,0,0,3
Prince George's,4,22,017-014,LIBERTARIAN,1,1,2,1,7
Prince George's,4,22,017-014,NO LABELS MARYLAND,1,0,3,0,4
Prince George's,4,22,017-014,OTHER PARTIES,6,3,0,0,50
Prince George's,4,22,017-014,REPUBLICAN,21,18,16,14,133
Prince George's,4,22,017-014,UNAFFILIATED,84,52,42,24,460
Prince George's,4,22,017-015,DEMOCRATIC,29,36,43,10,182
Prince George's,4,22,017-015,GREEN,0,0,0,0,1
Prince George's,4,22,017-015,LIBERTARIAN,1,0,0,0,2
Prince George's,4,22,017-015,NO LABELS MARYLAND,0,0,0,0,1
Prince George's,4,22,017-015,OTHER PARTIES,0,0,0,0,4
Prince George's,4,22,017-015,REPUBLICAN,1,4,1,0,8
Prince George's,4,22,017-015,UNAFFILIATED,8,18,9,7,62
Prince George's,4,47A,017-016,DEMOCRATIC,80,44,45,10,300
Prince George's,4,47A,017-016,GREEN,0,0,0,0,0
Prince George's,4,47A,017-016,LIBERTARIAN,1,0,0,0,1
Prince George's,4,47A,017-016,NO LABELS MARYLAND,1,0,0,0,2
Prince George's,4,47A,017-016,OTHER PARTIES,2,4,0,0,13
Prince George's,4,47A,017-016,REPUBLICAN,7,2,3,0,24
Prince George's,4,47A,017-016,UNAFFILIATED,17,6,7,1,72
Prince George's,4,22,017-017,DEMOCRATIC,33,21,31,3,112
Prince George's,4,22,017-017,GREEN,0,0,0,0,0
Prince George's,4,22,017-017,LIBERTARIAN,0,0,0,0,0
Prince George's,4,22,017-017,NO LABELS MARYLAND,0,0,0,0,0
Prince George's,4,22,017-017,OTHER PARTIES,1,0,0,0,3
Prince George's,4,22,017-017,REPUBLICAN,13,3,4,1,28
Prince George's,4,22,017-017,UNAFFILIATED,10,5,5,1,38
Prince George's,4,21,017-018,DEMOCRATIC,25,26,19,1,129
Prince George's,4,21,017-018,GREEN,0,0,0,0,0
Prince George's,4,21,017-018,LIBERTARIAN,0,0,0,0,1
Prince George's,4,21,017-018,NO LABELS MARYLAND,0,0,0,0,0
Prince George's,4,21,017-018,OTHER PARTIES,2,0,0,0,5
Prince George's,4,21,017-018,REPUBLICAN,5,0,2,0,19
Prince George's,4,21,017-018,UNAFFILIATED,7,5,2,1,37
Prince George's,4,21,017-019,DEMOCRATIC,16,7,5,3,102
Prince George's,4,21,017-019,GREEN,0,0,0,0,0
Prince George's,4,21,017-019,LIBERTARIAN,1,0,0,0,2
Prince George's,4,21,017-019,NO LABELS MARYLAND,1,0,0,0,1
Prince George's,4,21,017-019,OTHER PARTIES,2,0,0,0,6
Prince George's,4,21,017-019,REPUBLICAN,0,2,2,0,6
Prince George's,4,21,017-019,UNAFFILIATED,7,0,2,0,37
Prince George's,4,21,017-020,DEMOCRATIC,11,4,13,1,43
Prince George's,4,21,017-020,GREEN,0,0,1,0,1
Prince George's,4,21,017-020,LIBERTARIAN,0,0,0,0,0
Prince George's,4,21,017-020,NO LABELS MARYLAND,0,0,0,0,0
Prince George's,4,21,017-020,OTHER PARTIES,0,1,0,0,2
Prince George's,4,21,017-020,REPUBLICAN,1,1,0,0,3
Prince George's,4,21,017-020,UNAFFILIATED,5,4,8,2,33
Prince George's,4,24,018-001,DEMOCRATIC,579,567,335,104,2424
Prince George's,4,24,018-001,GREEN,1,0,0,0,2
Prince George's,4,24,018-001,LIBERTARIAN,2,0,0,0,4
Prince George's,4,24,018-001,NO LABELS MARYLAND,0,0,1,2,5
Prince George's,4,24,018-001,OTHER PARTIES,12,3,0,2,62
Prince George's,4,24,018-001,REPUBLICAN,24,16,5,5,94
Prince George's,4,24,018-001,UNAFFILIATED,102,47,23,26,409
Prince George's,4,24,018-002,DEMOCRATIC,307,238,139,51,1296
Prince George's,4,24,018-002,GREEN,0,1,0,0,2
Prince George's,4,24,018-002,LIBERTARIAN,1,0,1,0,6
Prince George's,4,24,018-002,NO LABELS MARYLAND,1,0,2,0,7
Prince George's,4,24,018-002,OTHER PARTIES,9,2,2,1,42
Prince George's,4,24,018-002,REPUBLICAN,13,4,3,4,51
Prince George's,4,24,018-002,UNAFFILIATED,49,23,7,11,203
Prince George's,4,47A,018-003,DEMOCRATIC,288,230,152,18,1082
Prince George's,4,47A,018-003,GREEN,0,1,0,0,2
Prince George's,4,47A,018-003,LIBERTARIAN,1,0,0,0,4
Prince George's,4,47A,018-003,NO LABELS MARYLAND,2,0,1,0,3
Prince George's,4,47A,018-003,OTHER PARTIES,5,2,1,0,28
Prince George's,4,47A,018-003,REPUBLICAN,9,3,3,2,45
Prince George's,4,47A,018-003,UNAFFILIATED,31,23,10,3,166
Prince George's,4,24,018-004,DEMOCRATIC,286,254,172,42,1353
Prince George's,4,24,018-004,GREEN,0,0,0,0,1
Prince George's,4,24,018-004,LIBERTARIAN,1,0,0,1,7
Prince George's,4,24,018-004,NO LABELS MARYLAND,1,1,0,0,3
Prince George's,4,24,018-004,OTHER PARTIES,4,7,2,1,58
Prince George's,4,24,018-004,REPUBLICAN,11,7,6,1,59
Prince George's,4,24,018-004,UNAFFILIATED,45,25,18,2,256
Prince George's,4,47A,018-005,DEMOCRATIC,283,191,130,47,1106
Prince George's,4,47A,018-005,GREEN,0,0,0,0,0
Prince George's,4,47A,018-005,LIBERTARIAN,0,0,0,0,2
Prince George's,4,47A,018-005,NO LABELS MARYLAND,0,1,1,0,5
Prince George's,4,47A,018-005,OTHER PARTIES,1,2,1,2,28
Prince George's,4,47A,018-005,REPUBLICAN,11,4,3,4,56
Prince George's,4,47A,018-005,UNAFFILIATED,53,30,25,12,266
Prince George's,4,25,018-006,DEMOCRATIC,593,652,518,61,3044
Prince George's,4,25,018-006,GREEN,0,0,0,0,3
Prince George's,4,25,018-006,LIBERTARIAN,1,0,0,1,3
Prince George's,4,25,018-006,NO LABELS MARYLAND,1,1,1,0,6
Prince George's,4,25,018-006,OTHER PARTIES,5,2,4,1,63
Prince George's,4,25,018-006,REPUBLICAN,11,12,7,3,76
Prince George's,4,25,018-006,UNAFFILIATED,93,44,31,13,434
Prince George's,4,24,018-007,DEMOCRATIC,492,366,329,70,2135
Prince George's,4,24,018-007,GREEN,0,0,0,1,1
Prince George's,4,24,018-007,LIBERTARIAN,0,0,1,1,3
Prince George's,4,24,018-007,NO LABELS MARYLAND,0,0,1,0,1
Prince George's,4,24,018-007,OTHER PARTIES,5,4,1,1,63
Prince George's,4,24,018-007,REPUBLICAN,19,8,9,1,85
Prince George's,4,24,018-007,UNAFFILIATED,68,26,15,16,312
Prince George's,4,24,018-008,DEMOCRATIC,297,330,215,40,1376
Prince George's,4,24,018-008,GREEN,0,0,0,0,1
Prince George's,4,24,018-008,LIBERTARIAN,2,0,0,0,2
Prince George's,4,24,018-008,NO LABELS MARYLAND,0,0,0,0,1
Prince George's,4,24,018-008,OTHER PARTIES,4,1,1,0,27
Prince George's,4,24,018-008,REPUBLICAN,9,8,4,6,53
Prince George's,4,24,018-008,UNAFFILIATED,41,35,14,8,199
Prince George's,4,24,018-009,DEMOCRATIC,388,421,294,85,1762
Prince George's,4,24,018-009,GREEN,0,1,1,0,3
Prince George's,4,24,018-009,LIBERTARIAN,2,0,0,0,2
Prince George's,4,24,018-009,NO LABELS MARYLAND,0,0,1,1,3
Prince George's,4,24,018-009,OTHER PARTIES,8,3,0,0,39
Prince George's,4,24,018-009,REPUBLICAN,17,9,5,4,76
Prince George's,4,24,018-009,UNAFFILIATED,70,39,32,10,314
Prince George's,4,24,018-010,DEMOCRATIC,186,197,176,22,876
Prince George's,4,24,018-010,GREEN,0,0,0,1,0
Prince George's,4,24,018-010,LIBERTARIAN,0,2,0,0,5
Prince George's,4,24,018-010,NO LABELS MARYLAND,0,0,0,0,1
Prince George's,4,24,018-010,OTHER PARTIES,1,0,0,1,14
Prince George's,4,24,018-010,REPUBLICAN,10,4,0,2,27
Prince George's,4,24,018-010,UNAFFILIATED,21,12,7,3,109
Prince George's,4,24,018-011,DEMOCRATIC,371,251,184,71,1532
Prince George's,4,24,018-011,GREEN,0,0,0,0,2
Prince George's,4,24,018-011,LIBERTARIAN,3,1,0,0,5
Prince George's,4,24,018-011,NO LABELS MARYLAND,2,0,0,1,4
Prince George's,4,24,018-011,OTHER PARTIES,8,1,0,0,59
Prince George's,4,24,018-011,REPUBLICAN,16,6,2,5,58
Prince George's,4,24,018-011,UNAFFILIATED,52,20,26,8,249
Prince George's,4,47A,018-012,DEMOCRATIC,14,41,18,1,107
Prince George's,4,47A,018-012,GREEN,0,0,0,0,0
Prince George's,4,47A,018-012,LIBERTARIAN,0,0,0,0,0
Prince George's,4,47A,018-012,NO LABELS MARYLAND,0,0,1,0,0
Prince George's,4,47A,018-012,OTHER PARTIES,0,1,0,0,5
Prince George's,4,47A,018-012,REPUBLICAN,1,2,0,0,3
Prince George's,4,47A,018-012,UNAFFILIATED,9,2,4,0,28
Prince George's,4,24,018-013,DEMOCRATIC,148,159,101,56,707
Prince George's,4,24,018-013,GREEN,0,0,0,0,2
Prince George's,4,24,018-013,LIBERTARIAN,0,3,0,0,5
Prince George's,4,24,018-013,NO LABELS MARYLAND,0,0,1,0,2
Prince George's,4,24,018-013,OTHER PARTIES,0,1,2,0,14
Prince George's,4,24,018-013,REPUBLICAN,10,1,2,4,29
Prince George's,4,24,018-013,UNAFFILIATED,28,18,7,12,123
Prince George's,4,47A,018-014,DEMOCRATIC,32,33,23,5,154
Prince George's,4,47A,018-014,GREEN,0,0,0,0,1
Prince George's,4,47A,018-014,LIBERTARIAN,1,0,0,0,1
Prince George's,4,47A,018-014,NO LABELS MARYLAND,0,0,0,0,1
Prince George's,4,47A,018-014,OTHER PARTIES,1,1,0,0,7
Prince George's,4,47A,018-014,REPUBLICAN,1,1,1,0,6
Prince George's,4,47A,018-014,UNAFFILIATED,6,2,2,1,31
Prince George's,4,24,018-015,DEMOCRATIC,24,2,12,0,68
Prince George's,4,24,018-015,GREEN,0,0,0,0,0
Prince George's,4,24,018-015,LIBERTARIAN,0,0,0,0,0
Prince George's,4,24,018-015,NO LABELS MARYLAND,0,0,0,0,2
Prince George's,4,24,018-015,OTHER PARTIES,0,0,0,0,0
Prince George's,4,24,018-015,REPUBLICAN,1,0,0,1,2
Prince George's,4,24,018-015,UNAFFILIATED,7,4,1,0,17
Prince George's,4,24,018-016,DEMOCRATIC,4,1,0,0,8
Prince George's,4,24,018-016,GREEN,0,0,0,0,0
Prince George's,4,24,018-016,LIBERTARIAN,0,0,0,0,0
Prince George's,4,24,018-016,NO LABELS MARYLAND,0,0,0,0,0
Prince George's,4,24,018-016,OTHER PARTIES,0,0,0,0,1
Prince George's,4,24,018-016,REPUBLICAN,1,0,0,0,1
Prince George's,4,24,018-016,UNAFFILIATED,1,0,1,0,3
Prince George's,4,25,018-017,DEMOCRATIC,6,4,3,0,22
Prince George's,4,25,018-017,GREEN,0,0,0,0,0
Prince George's,4,25,018-017,LIBERTARIAN,0,0,0,0,0
Prince George's,4,25,018-017,NO LABELS MARYLAND,0,0,0,0,0
Prince George's,4,25,018-017,OTHER PARTIES,0,0,0,0,0
Prince George's,4,25,018-017,REPUBLICAN,0,0,0,0,1
Prince George's,4,25,018-017,UNAFFILIATED,1,0,0,0,2
Prince George's,4,47A,018-018,DEMOCRATIC,2,0,0,0,4
Prince George's,4,47A,018-018,GREEN,0,0,0,0,0
Prince George's,4,47A,018-018,LIBERTARIAN,0,0,0,0,0
Prince George's,4,47A,018-018,NO LABELS MARYLAND,0,0,0,0,0
Prince George's,4,47A,018-018,OTHER PARTIES,0,0,0,0,0
Prince George's,4,47A,018-018,REPUBLICAN,0,0,0,0,0
Prince George's,4,47A,018-018,UNAFFILIATED,0,0,0,0,1
Prince George's,4,22,019-001,DEMOCRATIC,560,395,371,75,1982
Prince George's,4,22,019-001,GREEN,3,0,1,0,11
Prince George's,4,22,019-001,LIBERTARIAN,3,0,2,0,15
Prince George's,4,22,019-001,NO LABELS MARYLAND,0,0,1,1,4
Prince George's,4,22,019-001,OTHER PARTIES,18,4,2,0,74
Prince George's,4,22,019-001,REPUBLICAN,69,61,38,9,278
Prince George's,4,22,019-001,UNAFFILIATED,180,79,75,37,639
Prince George's,4,22,019-002,DEMOCRATIC,389,291,209,71,1647
Prince George's,4,22,019-002,GREEN,1,0,1,1,6
Prince George's,4,22,019-002,LIBERTARIAN,1,0,1,0,8
Prince George's,4,22,019-002,NO LABELS MARYLAND,1,0,0,1,5
Prince George's,4,22,019-002,OTHER PARTIES,7,6,1,0,73
Prince George's,4,22,019-002,REPUBLICAN,62,35,14,15,231
Prince George's,4,22,019-002,UNAFFILIATED,86,48,43,43,496
Prince George's,4,22,019-003,DEMOCRATIC,385,336,441,27,1421
Prince George's,4,22,019-003,GREEN,0,1,1,0,4
Prince George's,4,22,019-003,LIBERTARIAN,6,0,0,0,8
Prince George's,4,22,019-003,NO LABELS MARYLAND,0,0,1,0,1
Prince George's,4,22,019-003,OTHER PARTIES,7,6,2,0,29
Prince George's,4,22,019-003,REPUBLICAN,55,27,39,9,171
Prince George's,4,22,019-003,UNAFFILIATED,113,66,83,15,385
Prince George's,4,22,019-004,DEMOCRATIC,204,171,81,24,963
Prince George's,4,22,019-004,GREEN,0,0,0,0,2
Prince George's,4,22,019-004,LIBERTARIAN,0,2,0,1,5
Prince George's,4,22,019-004,NO LABELS MARYLAND,1,0,0,0,6
Prince George's,4,22,019-004,OTHER PARTIES,3,2,2,0,37
Prince George's,4,22,019-004,REPUBLICAN,25,14,6,5,116
Prince George's,4,22,019-004,UNAFFILIATED,58,27,18,13,309
Prince George's,4,22,019-005,DEMOCRATIC,0,0,0,0,1
Prince George's,4,22,019-005,GREEN,0,0,0,0,0
Prince George's,4,22,019-005,LIBERTARIAN,0,0,0,0,0
Prince George's,4,22,019-005,NO LABELS MARYLAND,0,0,0,0,0
Prince George's,4,22,019-005,OTHER PARTIES,0,0,0,0,1
Prince George's,4,22,019-005,REPUBLICAN,0,0,0,0,0
Prince George's,4,22,019-005,UNAFFILIATED,0,0,0,0,0
Prince George's,4,22,020-001,DEMOCRATIC,361,402,280,90,1693
Prince George's,4,22,020-001,GREEN,0,0,0,0,1
Prince George's,4,22,020-001,LIBERTARIAN,2,1,0,0,6
Prince George's,4,22,020-001,NO LABELS MARYLAND,0,0,1,0,4
Prince George's,4,22,020-001,OTHER PARTIES,5,5,2,2,50
Prince George's,4,22,020-001,REPUBLICAN,43,28,27,9,171
Prince George's,4,22,020-001,UNAFFILIATED,99,45,32,19,401
Prince George's,4,47A,020-002,DEMOCRATIC,256,265,164,93,1072
Prince George's,4,47A,020-002,GREEN,0,0,0,0,0
Prince George's,4,47A,020-002,LIBERTARIAN,1,2,1,0,5
Prince George's,4,47A,020-002,NO LABELS MARYLAND,0,1,1,3,7
Prince George's,4,47A,020-002,OTHER PARTIES,3,3,1,1,23
Prince George's,4,47A,020-002,REPUBLICAN,18,9,7,12,74
Prince George's,4,47A,020-002,UNAFFILIATED,55,41,26,22,286
Prince George's,4,24,020-003,DEMOCRATIC,337,488,297,60,1623
Prince George's,4,24,020-003,GREEN,0,0,0,0,0
Prince George's,4,24,020-003,LIBERTARIAN,1,0,0,0,3
Prince George's,4,24,020-003,NO LABELS MARYLAND,0,0,1,1,2
Prince George's,4,24,020-003,OTHER PARTIES,8,6,1,0,39
Prince George's,4,24,020-003,REPUBLICAN,19,16,2,0,64
Prince George's,4,24,020-003,UNAFFILIATED,58,43,33,13,263
Prince George's,4,24,020-004,DEMOCRATIC,279,253,201,38,1226
Prince George's,4,24,020-004,GREEN,0,0,0,0,1
Prince George's,4,24,020-004,LIBERTARIAN,0,0,1,1,2
Prince George's,4,24,020-004,NO LABELS MARYLAND,2,0,1,0,3
Prince George's,4,24,020-004,OTHER PARTIES,7,3,1,1,40
Prince George's,4,24,020-004,REPUBLICAN,39,12,8,6,133
Prince George's,4,24,020-004,UNAFFILIATED,69,32,27,15,289
Prince George's,4,22,020-005,DEMOCRATIC,384,299,251,34,1476
Prince George's,4,22,020-005,GREEN,0,0,0,0,2
Prince George's,4,22,020-005,LIBERTARIAN,2,0,0,1,3
Prince George's,4,22,020-005,NO LABELS MARYLAND,1,0,1,1,5
Prince George's,4,22,020-005,OTHER PARTIES,5,6,1,1,45
Prince George's,4,22,020-005,REPUBLICAN,45,21,22,8,164
Prince George's,4,22,020-005,UNAFFILIATED,111,48,32,12,410
Prince George's,4,22,020-006,DEMOCRATIC,336,265,204,55,1344
Prince George's,4,22,020-006,GREEN,0,0,1,0,1
Prince George's,4,22,020-006,LIBERTARIAN,0,0,0,0,4
Prince George's,4,22,020-006,NO LABELS MARYLAND,0,0,0,1,4
Prince George's,4,22,020-006,OTHER PARTIES,10,5,1,0,53
Prince George's,4,22,020-006,REPUBLICAN,38,16,10,6,125
Prince George's,4,22,020-006,UNAFFILIATED,84,35,31,6,352
Prince George's,4,24,020-007,DEMOCRATIC,220,170,186,35,937
Prince George's,4,24,020-007,GREEN,0,0,0,0,0
Prince George's,4,24,020-007,LIBERTARIAN,0,0,0,0,2
Prince George's,4,24,020-007,NO LABELS MARYLAND,1,0,1,0,2
Prince George's,4,24,020-007,OTHER PARTIES,1,1,4,0,23
Prince George's,4,24,020-007,REPUBLICAN,10,3,3,0,44
Prince George's,4,24,020-007,UNAFFILIATED,41,16,16,4,155
Prince George's,4,24,020-008,DEMOCRATIC,266,250,196,46,1027
Prince George's,4,24,020-008,GREEN,0,0,0,1,1
Prince George's,4,24,020-008,LIBERTARIAN,3,0,1,0,5
Prince George's,4,24,020-008,NO LABELS MARYLAND,0,0,0,0,0
Prince George's,4,24,020-008,OTHER PARTIES,5,2,0,1,16
Prince George's,4,24,020-008,REPUBLICAN,14,8,6,2,46
Prince George's,4,24,020-008,UNAFFILIATED,60,22,19,12,194
Prince George's,4,24,020-009,DEMOCRATIC,319,337,222,29,1231
Prince George's,4,24,020-009,GREEN,0,0,0,0,0
Prince George's,4,24,020-009,LIBERTARIAN,0,0,0,0,2
Prince George's,4,24,020-009,NO LABELS MARYLAND,0,1,0,0,1
Prince George's,4,24,020-009,OTHER PARTIES,8,5,1,0,41
Prince George's,4,24,020-009,REPUBLICAN,48,10,23,2,124
Prince George's,4,24,020-009,UNAFFILIATED,56,34,24,6,243
Prince George's,4,24,020-010,DEMOCRATIC,191,117,81,58,652
Prince George's,4,24,020-010,GREEN,0,0,0,1,1
Prince George's,4,24,020-010,LIBERTARIAN,0,0,0,1,0
Prince George's,4,24,020-010,NO LABELS MARYLAND,0,0,0,0,1
Prince George's,4,24,020-010,OTHER PARTIES,3,0,1,0,20
Prince George's,4,24,020-010,REPUBLICAN,28,9,10,7,84
Prince George's,4,24,020-010,UNAFFILIATED,40,20,17,14,166
Prince George's,4,22,020-011,DEMOCRATIC,422,354,293,53,1626
Prince George's,4,22,020-011,GREEN,0,0,0,0,1
Prince George's,4,22,020-011,LIBERTARIAN,1,0,0,0,7
Prince George's,4,22,020-011,NO LABELS MARYLAND,2,0,0,0,3
Prince George's,4,22,020-011,OTHER PARTIES,3,2,0,0,48
Prince George's,4,22,020-011,REPUBLICAN,26,9,14,9,103
Prince George's,4,22,020-011,UNAFFILIATED,81,46,34,12,375
Prince George's,4,22,020-012,DEMOCRATIC,266,171,125,59,1077
Prince George's,4,22,020-012,GREEN,0,0,0,0,3
Prince George's,4,22,020-012,LIBERTARIAN,2,0,0,0,4
Prince George's,4,22,020-012,NO LABELS MARYLAND,2,0,0,0,2
Prince George's,4,22,020-012,OTHER PARTIES,3,1,0,1,32
Prince George's,4,22,020-012,REPUBLICAN,23,5,10,6,77
Prince George's,4,22,020-012,UNAFFILIATED,59,17,22,19,268
Prince George's,4,22,020-013,DEMOCRATIC,93,75,55,6,467
Prince George's,4,22,020-013,GREEN,0,0,0,0,0
Prince George's,4,22,020-013,LIBERTARIAN,1,0,0,0,1
Prince George's,4,22,020-013,NO LABELS MARYLAND,0,0,0,2,1
Prince George's,4,22,020-013,OTHER PARTIES,2,2,1,0,16
Prince George's,4,22,020-013,REPUBLICAN,8,7,3,1,38
Prince George's,4,22,020-013,UNAFFILIATED,24,8,8,5,135
Prince George's,4,22,020-014,DEMOCRATIC,33,31,28,2,183
Prince George's,4,22,020-014,GREEN,0,0,0,0,0
Prince George's,4,22,020-014,LIBERTARIAN,0,0,0,0,0
Prince George's,4,22,020-014,NO LABELS MARYLAND,0,0,0,0,1
Prince George's,4,22,020-014,OTHER PARTIES,1,0,0,0,5
Prince George's,4,22,020-014,REPUBLICAN,7,0,3,0,21
Prince George's,4,22,020-014,UNAFFILIATED,14,0,2,0,44
Prince George's,4,22,020-015,DEMOCRATIC,15,17,14,1,86
Prince George's,4,22,020-015,GREEN,0,0,0,0,0
Prince George's,4,22,020-015,LIBERTARIAN,0,0,0,0,0
Prince George's,4,22,020-015,NO LABELS MARYLAND,0,0,0,0,0
Prince George's,4,22,020-015,OTHER PARTIES,1,0,0,0,5
Prince George's,4,22,020-015,REPUBLICAN,2,1,1,0,7
Prince George's,4,22,020-015,UNAFFILIATED,7,1,1,0,22
Prince George's,4,22,020-016,DEMOCRATIC,91,150,72,18,415
Prince George's,4,22,020-016,GREEN,0,0,0,0,0
Prince George's,4,22,020-016,LIBERTARIAN,0,0,0,0,1
Prince George's,4,22,020-016,NO LABELS MARYLAND,1,0,0,0,1
Prince George's,4,22,020-016,OTHER PARTIES,0,2,0,1,6
Prince George's,4,22,020-016,REPUBLICAN,2,2,1,0,14
Prince George's,4,22,020-016,UNAFFILIATED,18,22,14,0,83
Prince George's,4,24,020-017,DEMOCRATIC,0,0,0,1,1
Prince George's,4,24,020-017,GREEN,0,0,0,0,0
Prince George's,4,24,020-017,LIBERTARIAN,0,0,0,0,0
Prince George's,4,24,020-017,NO LABELS MARYLAND,0,0,0,0,0
Prince George's,4,24,020-017,OTHER PARTIES,0,0,0,0,0
Prince George's,4,24,020-017,REPUBLICAN,0,0,0,0,0
Prince George's,4,24,020-017,UNAFFILIATED,0,0,0,1,0
Prince George's,4,22,020-018,DEMOCRATIC,176,284,142,58,1122
Prince George's,4,22,020-018,GREEN,0,0,0,0,1
Prince George's,4,22,020-018,LIBERTARIAN,2,1,2,0,5
Prince George's,4,22,020-018,NO LABELS MARYLAND,0,0,1,0,1
Prince George's,4,22,020-018,OTHER PARTIES,2,2,1,0,35
Prince George's,4,22,020-018,REPUBLICAN,6,4,7,6,51
Prince George's,4,22,020-018,UNAFFILIATED,35,47,25,17,263
Prince George's,4,24,020-019,DEMOCRATIC,348,308,205,77,1277
Prince George's,4,24,020-019,GREEN,0,2,0,0,4
Prince George's,4,24,020-019,LIBERTARIAN,2,2,1,0,6
Prince George's,4,24,020-019,NO LABELS MARYLAND,0,1,0,1,2
Prince George's,4,24,020-019,OTHER PARTIES,2,3,2,2,34
Prince George's,4,24,020-019,REPUBLICAN,26,14,10,6,110
Prince George's,4,24,020-019,UNAFFILIATED,81,39,37,15,327
Prince George's,4,24,020-020,DEMOCRATIC,52,62,30,4,208
Prince George's,4,24,020-020,GREEN,1,0,0,0,1
Prince George's,4,24,020-020,LIBERTARIAN,1,0,0,0,3
Prince George's,4,24,020-020,NO LABELS MARYLAND,0,0,0,0,0
Prince George's,4,24,020-020,OTHER PARTIES,0,0,0,0,1
Prince George's,4,24,020-020,REPUBLICAN,0,2,8,0,16
Prince George's,4,24,020-020,UNAFFILIATED,8,6,4,1,31
Prince George's,4,24,020-021,DEMOCRATIC,166,157,116,5,783
Prince George's,4,24,020-021,GREEN,0,0,0,0,2
Prince George's,4,24,020-021,LIBERTARIAN,1,0,0,0,1
Prince George's,4,24,020-021,NO LABELS MARYLAND,0,0,0,0,2
Prince George's,4,24,020-021,OTHER PARTIES,12,2,0,0,37
Prince George's,4,24,020-021,REPUBLICAN,28,22,11,3,117
Prince George's,4,24,020-021,UNAFFILIATED,63,17,16,4,249
Prince George's,4,24,020-022,DEMOCRATIC,111,111,89,7,526
Prince George's,4,24,020-022,GREEN,1,0,0,0,3
Prince George's,4,24,020-022,LIBERTARIAN,0,0,1,0,2
Prince George's,4,24,020-022,NO LABELS MARYLAND,0,0,0,0,1
Prince George's,4,24,020-022,OTHER PARTIES,3,1,0,0,19
Prince George's,4,24,020-022,REPUBLICAN,21,22,17,2,108
Prince George's,4,24,020-022,UNAFFILIATED,36,18,20,1,158
Prince George's,5,24,020-023,DEMOCRATIC,20,18,10,1,76
Prince George's,5,24,020-023,GREEN,0,0,0,0,0
Prince George's,5,24,020-023,LIBERTARIAN,0,0,0,0,0
Prince George's,5,24,020-023,NO LABELS MARYLAND,0,0,0,0,0
Prince George's,5,24,020-023,OTHER PARTIES,0,0,0,0,0
Prince George's,5,24,020-023,REPUBLICAN,0,2,0,0,3
Prince George's,5,24,020-023,UNAFFILIATED,3,3,2,1,15
Prince George's,4,22,020-024,DEMOCRATIC,1,1,2,0,7
Prince George's,4,22,020-024,GREEN,0,0,0,0,0
Prince George's,4,22,020-024,LIBERTARIAN,0,0,0,0,0
Prince George's,4,22,020-024,NO LABELS MARYLAND,0,0,0,0,0
Prince George's,4,22,020-024,OTHER PARTIES,0,0,0,0,0
Prince George's,4,22,020-024,REPUBLICAN,0,0,0,0,0
Prince George's,4,22,020-024,UNAFFILIATED,0,0,0,0,1
Prince George's,4,24,020-025,DEMOCRATIC,16,9,4,0,44
Prince George's,4,24,020-025,GREEN,0,0,0,0,0
Prince George's,4,24,020-025,LIBERTARIAN,0,0,0,0,0
Prince George's,4,24,020-025,NO LABELS MARYLAND,0,0,1,0,1
Prince George's,4,24,020-025,OTHER PARTIES,0,0,0,0,1
Prince George's,4,24,020-025,REPUBLICAN,0,0,0,0,0
Prince George's,4,24,020-025,UNAFFILIATED,6,1,0,0,9
Prince George's,4,21,021-001,DEMOCRATIC,275,426,349,327,1852
Prince George's,4,21,021-001,GREEN,0,1,1,1,9
Prince George's,4,21,021-001,LIBERTARIAN,2,0,2,3,14
Prince George's,4,21,021-001,NO LABELS MARYLAND,1,0,1,3,6
Prince George's,4,21,021-001,OTHER PARTIES,5,10,4,2,98
Prince George's,4,21,021-001,REPUBLICAN,66,77,33,56,361
Prince George's,4,21,021-001,UNAFFILIATED,102,122,112,121,803
Prince George's,4,21,021-002,DEMOCRATIC,181,221,277,171,1429
Prince George's,4,21,021-002,GREEN,3,1,0,2,11
Prince George's,4,21,021-002,LIBERTARIAN,0,1,1,0,16
Prince George's,4,21,021-002,NO LABELS MARYLAND,0,1,1,0,2
Prince George's,4,21,021-002,OTHER PARTIES,3,2,0,2,168
Prince George's,4,21,021-002,REPUBLICAN,41,45,29,52,460
Prince George's,4,21,021-002,UNAFFILIATED,77,57,68,137,734
Prince George's,4,22,021-003,DEMOCRATIC,630,468,520,101,2174
Prince George's,4,22,021-003,GREEN,2,1,2,0,8
Prince George's,4,22,021-003,LIBERTARIAN,5,0,3,1,13
Prince George's,4,22,021-003,NO LABELS MARYLAND,1,0,3,0,4
Prince George's,4,22,021-003,OTHER PARTIES,10,4,3,3,38
Prince George's,4,22,021-003,REPUBLICAN,60,45,39,14,213
Prince George's,4,22,021-003,UNAFFILIATED,162,87,101,24,564
Prince George's,4,21,021-004,DEMOCRATIC,317,270,232,135,1394
Prince George's,4,21,021-004,GREEN,0,0,1,1,7
Prince George's,4,21,021-004,LIBERTARIAN,2,2,1,0,14
Prince George's,4,21,021-004,NO LABELS MARYLAND,2,0,2,0,4
Prince George's,4,21,021-004,OTHER PARTIES,11,7,1,2,80
Prince George's,4,21,021-004,REPUBLICAN,80,43,25,13,251
Prince George's,4,21,021-004,UNAFFILIATED,122,58,53,24,550
Prince George's,4,47B,021-005,DEMOCRATIC,340,206,196,43,1194
Prince George's,4,47B,021-005,GREEN,0,0,1,0,1
Prince George's,4,47B,021-005,LIBERTARIAN,2,3,0,0,11
Prince George's,4,47B,021-005,NO LABELS MARYLAND,0,0,0,3,4
Prince George's,4,47B,021-005,OTHER PARTIES,6,2,0,0,47
Prince George's,4,47B,021-005,REPUBLICAN,62,35,21,4,204
Prince George's,4,47B,021-005,UNAFFILIATED,113,45,38,10,396
Prince George's,4,22,021-006,DEMOCRATIC,538,331,487,38,1629
Prince George's,4,22,021-006,GREEN,3,2,1,1,9
Prince George's,4,22,021-006,LIBERTARIAN,4,2,0,0,7
Prince George's,4,22,021-006,NO LABELS MARYLAND,0,0,0,0,2
Prince George's,4,22,021-006,OTHER PARTIES,12,7,3,2,43
Prince George's,4,22,021-006,REPUBLICAN,112,51,32,1,255
Prince George's,4,22,021-006,UNAFFILIATED,155,53,99,14,418
Prince George's,4,22,021-007,DEMOCRATIC,389,184,242,47,1229
Prince George's,4,22,021-007,GREEN,2,0,2,0,6
Prince George's,4,22,021-007,LIBERTARIAN,4,1,0,1,9
Prince George's,4,22,021-007,NO LABELS MARYLAND,0,2,1,1,7
Prince George's,4,22,021-007,OTHER PARTIES,6,4,4,0,54
Prince George's,4,22,021-007,REPUBLICAN,97,47,31,12,292
Prince George's,4,22,021-007,UNAFFILIATED,135,68,80,17,507
Prince George's,4,22,021-008,DEMOCRATIC,625,460,267,165,2491
Prince George's,4,22,021-008,GREEN,1,0,0,0,3
Prince George's,4,22,021-008,LIBERTARIAN,4,0,0,1,11
Prince George's,4,22,021-008,NO LABELS MARYLAND,2,2,2,0,14
Prince George's,4,22,021-008,OTHER PARTIES,16,4,4,0,69
Prince George's,4,22,021-008,REPUBLICAN,41,14,10,13,171
Prince George's,4,22,021-008,UNAFFILIATED,154,87,69,32,791
Prince George's,4,22,021-009,DEMOCRATIC,128,151,158,45,678
Prince George's,4,22,021-009,GREEN,1,0,0,0,2
Prince George's,4,22,021-009,LIBERTARIAN,2,2,1,0,6
Prince George's,4,22,021-009,NO LABELS MARYLAND,1,0,1,0,4
Prince George's,4,22,021-009,OTHER PARTIES,4,5,1,0,40
Prince George's,4,22,021-009,REPUBLICAN,18,22,12,8,106
Prince George's,4,22,021-009,UNAFFILIATED,30,32,38,11,228
Prince George's,4,21,021-010,DEMOCRATIC,373,207,222,49,1290
Prince George's,4,21,021-010,GREEN,1,0,0,0,6
Prince George's,4,21,021-010,LIBERTARIAN,2,1,3,0,19
Prince George's,4,21,021-010,NO LABELS MARYLAND,0,0,2,0,6
Prince George's,4,21,021-010,OTHER PARTIES,14,3,4,0,77
Prince George's,4,21,021-010,REPUBLICAN,83,55,35,12,303
Prince George's,4,21,021-010,UNAFFILIATED,140,75,72,12,557
Prince George's,4,22,021-011,DEMOCRATIC,464,348,278,69,1899
Prince George's,4,22,021-011,GREEN,0,0,2,1,6
Prince George's,4,22,021-011,LIBERTARIAN,1,1,1,0,6
Prince George's,4,22,021-011,NO LABELS MARYLAND,1,0,1,2,5
Prince George's,4,22,021-011,OTHER PARTIES,4,3,3,0,61
Prince George's,4,22,021-011,REPUBLICAN,42,20,20,6,159
Prince George's,4,22,021-011,UNAFFILIATED,104,48,50,16,482
Prince George's,4,22,021-012,DEMOCRATIC,69,91,120,32,341
Prince George's,4,22,021-012,GREEN,1,0,0,0,2
Prince George's,4,22,021-012,LIBERTARIAN,0,1,0,0,3
Prince George's,4,22,021-012,NO LABELS MARYLAND,0,0,0,1,1
Prince George's,4,22,021-012,OTHER PARTIES,3,0,0,1,15
Prince George's,4,22,021-012,REPUBLICAN,34,22,13,4,91
Prince George's,4,22,021-012,UNAFFILIATED,31,14,22,14,93
Prince George's,4,22,021-013,DEMOCRATIC,596,471,345,110,2135
Prince George's,4,22,021-013,GREEN,0,0,0,0,3
Prince George's,4,22,021-013,LIBERTARIAN,1,0,3,0,8
Prince George's,4,22,021-013,NO LABELS MARYLAND,2,0,1,0,4
Prince George's,4,22,021-013,OTHER PARTIES,9,2,3,4,52
Prince George's,4,22,021-013,REPUBLICAN,61,27,20,12,173
Prince George's,4,22,021-013,UNAFFILIATED,137,60,78,27,538
Prince George's,4,47B,021-014,DEMOCRATIC,201,151,151,43,747
Prince George's,4,47B,021-014,GREEN,1,1,0,0,2
Prince George's,4,47B,021-014,LIBERTARIAN,2,0,0,1,5
Prince George's,4,47B,021-014,NO LABELS MARYLAND,2,0,0,0,3
Prince George's,4,47B,021-014,OTHER PARTIES,11,3,1,0,30
Prince George's,4,47B,021-014,REPUBLICAN,32,19,24,10,127
Prince George's,4,47B,021-014,UNAFFILIATED,56,21,22,12,200
Prince George's,4,21,021-015,DEMOCRATIC,143,172,164,38,807
Prince George's,4,21,021-015,GREEN,0,0,1,0,1
Prince George's,4,21,021-015,LIBERTARIAN,0,1,0,0,2
Prince George's,4,21,021-015,NO LABELS MARYLAND,0,1,1,0,4
Prince George's,4,21,021-015,OTHER PARTIES,6,6,1,1,44
Prince George's,4,21,021-015,REPUBLICAN,32,29,19,7,177
Prince George's,4,21,021-015,UNAFFILIATED,59,54,31,13,343
Prince George's,4,22,021-016,DEMOCRATIC,402,260,204,55,1303
Prince George's,4,22,021-016,GREEN,0,0,0,0,0
Prince George's,4,22,021-016,LIBERTARIAN,3,0,0,0,7
Prince George's,4,22,021-016,NO LABELS MARYLAND,0,0,0,1,0
Prince George's,4,22,021-016,OTHER PARTIES,5,2,0,0,32
Prince George's,4,22,021-016,REPUBLICAN,48,15,14,12,153
Prince George's,4,22,021-016,UNAFFILIATED,76,30,22,20,253
Prince George's,4,21,021-017,DEMOCRATIC,89,39,115,269,696
Prince George's,4,21,021-017,GREEN,0,0,0,0,4
Prince George's,4,21,021-017,LIBERTARIAN,0,0,1,4,6
Prince George's,4,21,021-017,NO LABELS MARYLAND,0,0,1,0,1
Prince George's,4,21,021-017,OTHER PARTIES,0,0,1,6,6
Prince George's,4,21,021-017,REPUBLICAN,14,2,11,31,156
Prince George's,4,21,021-017,UNAFFILIATED,40,8,45,237,382
Prince George's,4,22,021-018,DEMOCRATIC,464,583,378,69,2072
Prince George's,4,22,021-018,GREEN,2,0,0,0,4
Prince George's,4,22,021-018,LIBERTARIAN,2,1,0,0,4
Prince George's,4,22,021-018,NO LABELS MARYLAND,3,0,0,1,6
Prince George's,4,22,021-018,OTHER PARTIES,7,4,2,2,43
Prince George's,4,22,021-018,REPUBLICAN,38,30,18,7,152
Prince George's,4,22,021-018,UNAFFILIATED,124,101,74,19,553
Prince George's,4,22,021-019,DEMOCRATIC,4,1,4,1,11
Prince George's,4,22,021-019,GREEN,0,0,0,0,0
Prince George's,4,22,021-019,LIBERTARIAN,0,0,0,0,0
Prince George's,4,22,021-019,NO LABELS MARYLAND,0,0,0,0,0
Prince George's,4,22,021-019,OTHER PARTIES,0,0,0,0,0
Prince George's,4,22,021-019,REPUBLICAN,5,2,1,0,9
Prince George's,4,22,021-019,UNAFFILIATED,1,2,8,2,11
Prince George's,4,21,021-020,DEMOCRATIC,12,6,17,3,58
Prince George's,4,21,021-020,GREEN,0,0,0,0,0
Prince George's,4,21,021-020,LIBERTARIAN,0,0,0,0,0
Prince George's,4,21,021-020,NO LABELS MARYLAND,0,0,0,0,0
Prince George's,4,21,021-020,OTHER PARTIES,0,0,0,0,0
Prince George's,4,21,021-020,REPUBLICAN,1,1,0,0,6
Prince George's,4,21,021-020,UNAFFILIATED,6,5,4,1,34
Prince George's,4,21,021-021,DEMOCRATIC,38,26,18,3,119
Prince George's,4,21,021-021,GREEN,0,0,0,0,0
Prince George's,4,21,021-021,LIBERTARIAN,0,0,0,0,2
Prince George's,4,21,021-021,NO LABELS MARYLAND,0,0,0,0,0
Prince George's,4,21,021-021,OTHER PARTIES,2,1,0,0,7
Prince George's,4,21,021-021,REPUBLICAN,9,1,5,1,29
Prince George's,4,21,021-021,UNAFFILIATED,13,3,2,0,41
Prince George's,8,47B,021-022,DEMOCRATIC,0,3,0,0,6
Prince George's,8,47B,021-022,GREEN,0,0,0,0,0
Prince George's,8,47B,021-022,LIBERTARIAN,0,0,0,0,0
Prince George's,8,47B,021-022,NO LABELS MARYLAND,0,0,0,0,0
Prince George's,8,47B,021-022,OTHER PARTIES,0,0,0,0,0
Prince George's,8,47B,021-022,REPUBLICAN,2,0,0,0,3
Prince George's,8,47B,021-022,UNAFFILIATED,0,0,0,0,0
Prince George's,,,Unable to Determine,DEMOCRATIC,0,0,0,922,
Prince George's,,,Unable to Determine,GREEN,0,0,0,2,
Prince George's,,,Unable to Determine,LIBERTARIAN,0,0,0,3,
Prince George's,,,Unable to Determine,NO LABELS MARYLAND,0,0,0,4,
Prince George's,,,Unable to Determine,OTHER PARTIES,0,0,0,6,
Prince George's,,,Unable to Determine,REPUBLICAN,0,0,0,86,
Prince George's,,,Unable to Determine,UNAFFILIATED,0,0,0,260,
Queen Anne's,1,36,001-001,DEMOCRATIC,158,58,57,10,384
Queen Anne's,1,36,001-001,GREEN,0,0,0,0,0
Queen Anne's,1,36,001-001,LIBERTARIAN,3,0,0,1,5
Queen Anne's,1,36,001-001,NO LABELS MARYLAND,0,1,1,0,2
Queen Anne's,1,36,001-001,OTHER PARTIES,4,4,1,0,15
Queen Anne's,1,36,001-001,REPUBLICAN,490,221,56,17,951
Queen Anne's,1,36,001-001,UNAFFILIATED,142,49,17,8,356
Queen Anne's,1,36,002-001,DEMOCRATIC,293,195,233,18,968
Queen Anne's,1,36,002-001,GREEN,2,0,0,0,5
Queen Anne's,1,36,002-001,LIBERTARIAN,8,3,1,0,21
Queen Anne's,1,36,002-001,NO LABELS MARYLAND,2,1,4,0,9
Queen Anne's,1,36,002-001,OTHER PARTIES,9,11,3,0,35
Queen Anne's,1,36,002-001,REPUBLICAN,733,501,171,19,1686
Queen Anne's,1,36,002-001,UNAFFILIATED,256,127,73,15,716
Queen Anne's,1,36,003-002,DEMOCRATIC,453,650,423,30,2065
Queen Anne's,1,36,003-002,GREEN,0,1,0,1,1
Queen Anne's,1,36,003-002,LIBERTARIAN,14,8,1,0,35
Queen Anne's,1,36,003-002,NO LABELS MARYLAND,4,2,0,1,9
Queen Anne's,1,36,003-002,OTHER PARTIES,13,17,2,0,46
Queen Anne's,1,36,003-002,REPUBLICAN,1091,1624,358,48,3592
Queen Anne's,1,36,003-002,UNAFFILIATED,402,357,153,19,1434
Queen Anne's,1,36,004-001,DEMOCRATIC,197,262,156,13,790
Queen Anne's,1,36,004-001,GREEN,3,0,0,1,4
Queen Anne's,1,36,004-001,LIBERTARIAN,10,3,1,0,21
Queen Anne's,1,36,004-001,NO LABELS MARYLAND,1,2,2,0,5
Queen Anne's,1,36,004-001,OTHER PARTIES,8,7,1,0,35
Queen Anne's,1,36,004-001,REPUBLICAN,482,617,116,21,1487
Queen Anne's,1,36,004-001,UNAFFILIATED,224,160,60,6,655
Queen Anne's,1,36,004-002,DEMOCRATIC,335,754,522,51,2005
Queen Anne's,1,36,004-002,GREEN,7,0,3,0,16
Queen Anne's,1,36,004-002,LIBERTARIAN,18,10,2,1,41
Queen Anne's,1,36,004-002,NO LABELS MARYLAND,2,1,2,0,11
Queen Anne's,1,36,004-002,OTHER PARTIES,8,16,4,4,49
Queen Anne's,1,36,004-002,REPUBLICAN,735,1457,365,88,3136
Queen Anne's,1,36,004-002,UNAFFILIATED,345,467,240,48,1538
Queen Anne's,1,36,004-003,DEMOCRATIC,239,337,354,15,1162
Queen Anne's,1,36,004-003,GREEN,1,3,0,0,5
Queen Anne's,1,36,004-003,LIBERTARIAN,8,7,2,0,22
Queen Anne's,1,36,004-003,NO LABELS MARYLAND,1,1,0,0,3
Queen Anne's,1,36,004-003,OTHER PARTIES,7,9,2,1,29
Queen Anne's,1,36,004-003,REPUBLICAN,701,984,276,35,2334
Queen Anne's,1,36,004-003,UNAFFILIATED,296,305,157,22,1071
Queen Anne's,1,36,004-006,DEMOCRATIC,177,217,155,12,681
Queen Anne's,1,36,004-006,GREEN,0,0,0,0,0
Queen Anne's,1,36,004-006,LIBERTARIAN,3,6,2,0,16
Queen Anne's,1,36,004-006,NO LABELS MARYLAND,0,0,0,0,0
Queen Anne's,1,36,004-006,OTHER PARTIES,7,8,5,0,29
Queen Anne's,1,36,004-006,REPUBLICAN,527,528,134,20,1456
Queen Anne's,1,36,004-006,UNAFFILIATED,224,147,83,8,626
Queen Anne's,1,36,005-001,DEMOCRATIC,113,160,161,19,581
Queen Anne's,1,36,005-001,GREEN,1,0,0,0,1
Queen Anne's,1,36,005-001,LIBERTARIAN,4,1,1,0,12
Queen Anne's,1,36,005-001,NO LABELS MARYLAND,0,0,0,1,1
Queen Anne's,1,36,005-001,OTHER PARTIES,4,5,0,0,11
Queen Anne's,1,36,005-001,REPUBLICAN,289,423,97,17,990
Queen Anne's,1,36,005-001,UNAFFILIATED,115,80,68,8,381
Queen Anne's,1,36,005-002,DEMOCRATIC,367,428,348,32,1531
Queen Anne's,1,36,005-002,GREEN,2,0,2,0,5
Queen Anne's,1,36,005-002,LIBERTARIAN,12,13,2,3,40
Queen Anne's,1,36,005-002,NO LABELS MARYLAND,3,0,2,0,7
Queen Anne's,1,36,005-002,OTHER PARTIES,16,11,3,1,41
Queen Anne's,1,36,005-002,REPUBLICAN,743,1052,263,41,2495
Queen Anne's,1,36,005-002,UNAFFILIATED,315,305,138,28,1132
Queen Anne's,1,36,006-001,DEMOCRATIC,80,132,62,10,367
Queen Anne's,1,36,006-001,GREEN,0,1,1,0,3
Queen Anne's,1,36,006-001,LIBERTARIAN,3,4,0,0,11
Queen Anne's,1,36,006-001,NO LABELS MARYLAND,0,0,0,0,0
Queen Anne's,1,36,006-001,OTHER PARTIES,3,6,4,1,20
Queen Anne's,1,36,006-001,REPUBLICAN,411,520,85,19,1193
Queen Anne's,1,36,006-001,UNAFFILIATED,107,89,31,12,355
Queen Anne's,1,36,007-001,DEMOCRATIC,233,85,135,8,631
Queen Anne's,1,36,007-001,GREEN,2,0,0,0,3
Queen Anne's,1,36,007-001,LIBERTARIAN,5,2,1,2,13
Queen Anne's,1,36,007-001,NO LABELS MARYLAND,0,0,0,0,1
Queen Anne's,1,36,007-001,OTHER PARTIES,4,1,1,1,18
Queen Anne's,1,36,007-001,REPUBLICAN,488,211,87,17,982
Queen Anne's,1,36,007-001,UNAFFILIATED,174,70,53,6,489
Queen Anne's,,,Unable to Determine,DEMOCRATIC,0,0,0,10,
Queen Anne's,,,Unable to Determine,GREEN,0,0,0,0,
Queen Anne's,,,Unable to Determine,LIBERTARIAN,0,0,0,0,
Queen Anne's,,,Unable to Determine,NO LABELS MARYLAND,0,0,0,0,
Queen Anne's,,,Unable to Determine,OTHER PARTIES,0,0,0,0,
Queen Anne's,,,Unable to Determine,REPUBLICAN,0,0,0,11,
Queen Anne's,,,Unable to Determine,UNAFFILIATED,0,0,0,11,
Saint Mary's,5,29B,001-001,DEMOCRATIC,196,184,231,43,799
Saint Mary's,5,29B,001-001,GREEN,1,1,0,0,3
Saint Mary's,5,29B,001-001,LIBERTARIAN,7,2,1,1,17
Saint Mary's,5,29B,001-001,NO LABELS MARYLAND,1,0,1,2,7
Saint Mary's,5,29B,001-001,OTHER PARTIES,6,6,1,0,27
Saint Mary's,5,29B,001-001,REPUBLICAN,335,364,98,14,951
Saint Mary's,5,29B,001-001,UNAFFILIATED,136,114,65,24,468
Saint Mary's,5,29B,001-002,DEMOCRATIC,169,80,150,13,533
Saint Mary's,5,29B,001-002,GREEN,1,0,0,0,3
Saint Mary's,5,29B,001-002,LIBERTARIAN,2,4,3,0,10
Saint Mary's,5,29B,001-002,NO LABELS MARYLAND,0,0,1,0,1
Saint Mary's,5,29B,001-002,OTHER PARTIES,6,2,0,0,12
Saint Mary's,5,29B,001-002,REPUBLICAN,376,183,82,13,767
Saint Mary's,5,29B,001-002,UNAFFILIATED,100,51,54,4,322
Saint Mary's,5,29C,002-001,DEMOCRATIC,425,331,409,20,1504
Saint Mary's,5,29C,002-001,GREEN,4,1,0,0,9
Saint Mary's,5,29C,002-001,LIBERTARIAN,8,9,9,0,43
Saint Mary's,5,29C,002-001,NO LABELS MARYLAND,4,1,3,0,12
Saint Mary's,5,29C,002-001,OTHER PARTIES,16,15,4,1,60
Saint Mary's,5,29C,002-001,REPUBLICAN,956,903,329,46,2582
Saint Mary's,5,29C,002-001,UNAFFILIATED,396,262,178,18,1233
Saint Mary's,5,29A,003-001,DEMOCRATIC,269,266,304,23,1037
Saint Mary's,5,29A,003-001,GREEN,0,0,0,0,0
Saint Mary's,5,29A,003-001,LIBERTARIAN,8,11,2,0,24
Saint Mary's,5,29A,003-001,NO LABELS MARYLAND,1,0,0,0,3
Saint Mary's,5,29A,003-001,OTHER PARTIES,3,2,2,0,16
Saint Mary's,5,29A,003-001,REPUBLICAN,416,431,213,21,1276
Saint Mary's,5,29A,003-001,UNAFFILIATED,251,180,127,22,761
Saint Mary's,5,29A,003-002,DEMOCRATIC,374,334,384,20,1382
Saint Mary's,5,29A,003-002,GREEN,0,0,0,0,2
Saint Mary's,5,29A,003-002,LIBERTARIAN,6,3,3,2,16
Saint Mary's,5,29A,003-002,NO LABELS MARYLAND,1,0,0,0,1
Saint Mary's,5,29A,003-002,OTHER PARTIES,8,7,0,1,25
Saint Mary's,5,29A,003-002,REPUBLICAN,671,805,247,26,2047
Saint Mary's,5,29A,003-002,UNAFFILIATED,270,184,128,20,863
Saint Mary's,5,29C,003-003,DEMOCRATIC,123,119,144,13,497
Saint Mary's,5,29C,003-003,GREEN,0,1,0,0,2
Saint Mary's,5,29C,003-003,LIBERTARIAN,3,1,3,0,10
Saint Mary's,5,29C,003-003,NO LABELS MARYLAND,0,0,2,0,2
Saint Mary's,5,29C,003-003,OTHER PARTIES,7,8,2,1,23
Saint Mary's,5,29C,003-003,REPUBLICAN,363,353,112,28,971
Saint Mary's,5,29C,003-003,UNAFFILIATED,139,78,70,10,411
Saint Mary's,5,29C,003-004,DEMOCRATIC,174,269,203,11,854
Saint Mary's,5,29C,003-004,GREEN,0,0,1,0,1
Saint Mary's,5,29C,003-004,LIBERTARIAN,5,7,0,2,20
Saint Mary's,5,29C,003-004,NO LABELS MARYLAND,0,1,1,0,2
Saint Mary's,5,29C,003-004,OTHER PARTIES,5,3,2,0,13
Saint Mary's,5,29C,003-004,REPUBLICAN,389,557,189,22,1397
Saint Mary's,5,29C,003-004,UNAFFILIATED,219,190,135,19,802
Saint Mary's,5,29B,003-005,DEMOCRATIC,84,92,87,14,334
Saint Mary's,5,29B,003-005,GREEN,0,0,0,1,0
Saint Mary's,5,29B,003-005,LIBERTARIAN,2,2,3,1,8
Saint Mary's,5,29B,003-005,NO LABELS MARYLAND,0,0,0,0,0
Saint Mary's,5,29B,003-005,OTHER PARTIES,3,1,1,0,6
Saint Mary's,5,29B,003-005,REPUBLICAN,133,132,45,18,378
Saint Mary's,5,29B,003-005,UNAFFILIATED,96,71,47,11,287
Saint Mary's,5,29A,003-006,DEMOCRATIC,11,7,2,0,36
Saint Mary's,5,29A,003-006,GREEN,0,0,0,0,0
Saint Mary's,5,29A,003-006,LIBERTARIAN,0,0,1,0,1
Saint Mary's,5,29A,003-006,NO LABELS MARYLAND,0,0,0,0,0
Saint Mary's,5,29A,003-006,OTHER PARTIES,0,1,0,0,1
Saint Mary's,5,29A,003-006,REPUBLICAN,8,6,2,0,24
Saint Mary's,5,29A,003-006,UNAFFILIATED,2,2,1,0,11
Saint Mary's,5,29A,003-007,DEMOCRATIC,0,0,0,0,0
Saint Mary's,5,29A,003-007,GREEN,0,0,0,0,0
Saint Mary's,5,29A,003-007,LIBERTARIAN,0,0,0,0,0
Saint Mary's,5,29A,003-007,NO LABELS MARYLAND,0,0,0,0,0
Saint Mary's,5,29A,003-007,OTHER PARTIES,0,0,0,0,0
Saint Mary's,5,29A,003-007,REPUBLICAN,0,0,0,0,0
Saint Mary's,5,29A,003-007,UNAFFILIATED,0,0,0,0,0
Saint Mary's,5,29A,004-001,DEMOCRATIC,445,548,384,29,1895
Saint Mary's,5,29A,004-001,GREEN,1,0,0,0,3
Saint Mary's,5,29A,004-001,LIBERTARIAN,12,7,2,0,39
Saint Mary's,5,29A,004-001,NO LABELS MARYLAND,1,1,2,0,7
Saint Mary's,5,29A,004-001,OTHER PARTIES,18,26,1,2,78
Saint Mary's,5,29A,004-001,REPUBLICAN,1200,1732,295,52,3913
Saint Mary's,5,29A,004-001,UNAFFILIATED,463,445,149,17,1673
Saint Mary's,5,29A,005-001,DEMOCRATIC,457,612,448,34,2162
Saint Mary's,5,29A,005-001,GREEN,3,0,1,0,6
Saint Mary's,5,29A,005-001,LIBERTARIAN,12,16,5,1,54
Saint Mary's,5,29A,005-001,NO LABELS MARYLAND,3,2,2,0,10
Saint Mary's,5,29A,005-001,OTHER PARTIES,24,21,5,0,75
Saint Mary's,5,29A,005-001,REPUBLICAN,1231,2103,382,76,4493
Saint Mary's,5,29A,005-001,UNAFFILIATED,523,551,203,31,1958
Saint Mary's,5,29A,006-001,DEMOCRATIC,211,376,217,31,1105
Saint Mary's,5,29A,006-001,GREEN,0,0,0,0,3
Saint Mary's,5,29A,006-001,LIBERTARIAN,7,12,3,0,32
Saint Mary's,5,29A,006-001,NO LABELS MARYLAND,1,0,0,1,2
Saint Mary's,5,29A,006-001,OTHER PARTIES,6,8,1,1,31
Saint Mary's,5,29A,006-001,REPUBLICAN,600,979,201,45,2101
Saint Mary's,5,29A,006-001,UNAFFILIATED,236,255,76,31,882
Saint Mary's,5,29A,006-002,DEMOCRATIC,119,126,95,13,486
Saint Mary's,5,29A,006-002,GREEN,0,0,0,0,2
Saint Mary's,5,29A,006-002,LIBERTARIAN,3,3,0,0,9
Saint Mary's,5,29A,006-002,NO LABELS MARYLAND,0,0,0,0,2
Saint Mary's,5,29A,006-002,OTHER PARTIES,8,4,1,0,16
Saint Mary's,5,29A,006-002,REPUBLICAN,342,430,67,21,1001
Saint Mary's,5,29A,006-002,UNAFFILIATED,131,89,37,12,412
Saint Mary's,5,29C,006-003,DEMOCRATIC,110,169,143,7,555
Saint Mary's,5,29C,006-003,GREEN,0,3,0,1,4
Saint Mary's,5,29C,006-003,LIBERTARIAN,7,2,2,0,16
Saint Mary's,5,29C,006-003,NO LABELS MARYLAND,0,0,1,0,2
Saint Mary's,5,29C,006-003,OTHER PARTIES,3,10,5,0,27
Saint Mary's,5,29C,006-003,REPUBLICAN,385,551,159,22,1319
Saint Mary's,5,29C,006-003,UNAFFILIATED,162,138,55,7,516
Saint Mary's,5,29C,006-004,DEMOCRATIC,64,75,58,3,246
Saint Mary's,5,29C,006-004,GREEN,0,0,0,0,0
Saint Mary's,5,29C,006-004,LIBERTARIAN,5,2,0,0,8
Saint Mary's,5,29C,006-004,NO LABELS MARYLAND,0,1,0,0,1
Saint Mary's,5,29C,006-004,OTHER PARTIES,2,2,1,0,10
Saint Mary's,5,29C,006-004,REPUBLICAN,122,188,56,4,437
Saint Mary's,5,29C,006-004,UNAFFILIATED,59,76,34,1,233
Saint Mary's,5,29A,007-001,DEMOCRATIC,289,175,170,18,886
Saint Mary's,5,29A,007-001,GREEN,1,1,0,0,3
Saint Mary's,5,29A,007-001,LIBERTARIAN,7,1,0,0,14
Saint Mary's,5,29A,007-001,NO LABELS MARYLAND,1,0,0,0,1
Saint Mary's,5,29A,007-001,OTHER PARTIES,11,7,2,0,33
Saint Mary's,5,29A,007-001,REPUBLICAN,475,395,97,14,1173
Saint Mary's,5,29A,007-001,UNAFFILIATED,142,60,38,8,402
Saint Mary's,5,29B,008-001,DEMOCRATIC,763,783,450,84,3232
Saint Mary's,5,29B,008-001,GREEN,2,0,2,1,8
Saint Mary's,5,29B,008-001,LIBERTARIAN,18,7,3,1,39
Saint Mary's,5,29B,008-001,NO LABELS MARYLAND,3,1,2,1,14
Saint Mary's,5,29B,008-001,OTHER PARTIES,24,17,3,1,89
Saint Mary's,5,29B,008-001,REPUBLICAN,373,488,121,49,1396
Saint Mary's,5,29B,008-001,UNAFFILIATED,345,291,151,48,1583
Saint Mary's,5,29C,008-002,DEMOCRATIC,171,165,151,11,606
Saint Mary's,5,29C,008-002,GREEN,1,2,0,0,4
Saint Mary's,5,29C,008-002,LIBERTARIAN,6,2,0,0,12
Saint Mary's,5,29C,008-002,NO LABELS MARYLAND,0,1,0,1,1
Saint Mary's,5,29C,008-002,OTHER PARTIES,8,0,1,0,13
Saint Mary's,5,29C,008-002,REPUBLICAN,279,323,114,27,870
Saint Mary's,5,29C,008-002,UNAFFILIATED,155,119,70,17,508
Saint Mary's,5,29B,008-003,DEMOCRATIC,490,421,271,52,1632
Saint Mary's,5,29B,008-003,GREEN,0,0,0,0,1
Saint Mary's,5,29B,008-003,LIBERTARIAN,6,6,3,0,29
Saint Mary's,5,29B,008-003,NO LABELS MARYLAND,2,2,2,1,8
Saint Mary's,5,29B,008-003,OTHER PARTIES,13,9,3,0,48
Saint Mary's,5,29B,008-003,REPUBLICAN,356,377,103,24,1079
Saint Mary's,5,29B,008-003,UNAFFILIATED,316,203,109,34,1029
Saint Mary's,5,29B,008-004,DEMOCRATIC,380,357,242,35,1325
Saint Mary's,5,29B,008-004,GREEN,1,0,1,0,4
Saint Mary's,5,29B,008-004,LIBERTARIAN,20,4,1,0,43
Saint Mary's,5,29B,008-004,NO LABELS MARYLAND,6,1,0,1,10
Saint Mary's,5,29B,008-004,OTHER PARTIES,6,6,2,1,28
Saint Mary's,5,29B,008-004,REPUBLICAN,329,289,105,23,942
Saint Mary's,5,29B,008-004,UNAFFILIATED,257,167,99,22,838
Saint Mary's,5,29B,008-005,DEMOCRATIC,247,306,274,27,1061
Saint Mary's,5,29B,008-005,GREEN,0,1,0,0,1
Saint Mary's,5,29B,008-005,LIBERTARIAN,6,10,6,1,28
Saint Mary's,5,29B,008-005,NO LABELS MARYLAND,1,1,1,0,6
Saint Mary's,5,29B,008-005,OTHER PARTIES,11,8,3,2,34
Saint Mary's,5,29B,008-005,REPUBLICAN,354,484,165,27,1238
Saint Mary's,5,29B,008-005,UNAFFILIATED,259,196,132,18,893
Saint Mary's,5,29C,008-006,DEMOCRATIC,90,125,117,21,416
Saint Mary's,5,29C,008-006,GREEN,0,0,0,0,0
Saint Mary's,5,29C,008-006,LIBERTARIAN,1,0,0,0,5
Saint Mary's,5,29C,008-006,NO LABELS MARYLAND,0,0,1,0,1
Saint Mary's,5,29C,008-006,OTHER PARTIES,4,3,2,1,17
Saint Mary's,5,29C,008-006,REPUBLICAN,220,246,86,7,646
Saint Mary's,5,29C,008-006,UNAFFILIATED,118,81,58,7,371
Saint Mary's,5,29B,008-007,DEMOCRATIC,343,390,205,23,1319
Saint Mary's,5,29B,008-007,GREEN,0,0,0,0,3
Saint Mary's,5,29B,008-007,LIBERTARIAN,6,1,1,0,14
Saint Mary's,5,29B,008-007,NO LABELS MARYLAND,1,1,3,0,9
Saint Mary's,5,29B,008-007,OTHER PARTIES,4,5,4,0,23
Saint Mary's,5,29B,008-007,REPUBLICAN,204,230,57,16,678
Saint Mary's,5,29B,008-007,UNAFFILIATED,154,137,64,22,626
Saint Mary's,5,29B,008-008,DEMOCRATIC,155,199,138,24,693
Saint Mary's,5,29B,008-008,GREEN,3,0,0,0,3
Saint Mary's,5,29B,008-008,LIBERTARIAN,6,4,3,0,20
Saint Mary's,5,29B,008-008,NO LABELS MARYLAND,0,0,1,1,5
Saint Mary's,5,29B,008-008,OTHER PARTIES,5,2,3,0,15
Saint Mary's,5,29B,008-008,REPUBLICAN,221,210,67,16,626
Saint Mary's,5,29B,008-008,UNAFFILIATED,144,105,70,12,525
Saint Mary's,5,29C,008-009,DEMOCRATIC,35,31,26,2,124
Saint Mary's,5,29C,008-009,GREEN,0,0,0,0,0
Saint Mary's,5,29C,008-009,LIBERTARIAN,1,0,0,0,4
Saint Mary's,5,29C,008-009,NO LABELS MARYLAND,0,0,0,0,0
Saint Mary's,5,29C,008-009,OTHER PARTIES,1,1,0,0,4
Saint Mary's,5,29C,008-009,REPUBLICAN,69,93,31,0,245
Saint Mary's,5,29C,008-009,UNAFFILIATED,37,46,11,0,135
Saint Mary's,5,29B,008-010,DEMOCRATIC,0,0,0,0,1
Saint Mary's,5,29B,008-010,GREEN,0,0,0,0,0
Saint Mary's,5,29B,008-010,LIBERTARIAN,0,0,0,0,0
Saint Mary's,5,29B,008-010,NO LABELS MARYLAND,0,0,0,0,0
Saint Mary's,5,29B,008-010,OTHER PARTIES,0,0,0,0,0
Saint Mary's,5,29B,008-010,REPUBLICAN,2,0,0,0,3
Saint Mary's,5,29B,008-010,UNAFFILIATED,0,0,0,0,0
Saint Mary's,5,29C,009-001,DEMOCRATIC,23,9,27,1,69
Saint Mary's,5,29C,009-001,GREEN,1,0,0,0,1
Saint Mary's,5,29C,009-001,LIBERTARIAN,0,1,0,0,2
Saint Mary's,5,29C,009-001,NO LABELS MARYLAND,0,0,0,0,0
Saint Mary's,5,29C,009-001,OTHER PARTIES,1,0,0,0,2
Saint Mary's,5,29C,009-001,REPUBLICAN,34,31,6,2,85
Saint Mary's,5,29C,009-001,UNAFFILIATED,14,8,9,0,43
Saint Mary's,,,Unable to Determine,DEMOCRATIC,0,0,0,21,
Saint Mary's,,,Unable to Determine,GREEN,0,0,0,0,
Saint Mary's,,,Unable to Determine,LIBERTARIAN,0,0,0,1,
Saint Mary's,,,Unable to Determine,NO LABELS MARYLAND,0,0,0,0,
Saint Mary's,,,Unable to Determine,OTHER PARTIES,0,0,0,2,
Saint Mary's,,,Unable to Determine,REPUBLICAN,0,0,0,23,
Saint Mary's,,,Unable to Determine,UNAFFILIATED,0,0,0,12,
Somerset,1,38A,001-001,DEMOCRATIC,71,67,48,21,308
Somerset,1,38A,001-001,GREEN,1,0,0,0,1
Somerset,1,38A,001-001,LIBERTARIAN,3,0,1,0,5
Somerset,1,38A,001-001,NO LABELS MARYLAND,0,0,0,1,4
Somerset,1,38A,001-001,OTHER PARTIES,1,1,1,0,6
Somerset,1,38A,001-001,REPUBLICAN,87,96,16,12,252
Somerset,1,38A,001-001,UNAFFILIATED,41,29,12,12,156
Somerset,1,38A,001-002,DEMOCRATIC,206,190,110,14,758
Somerset,1,38A,001-002,GREEN,2,0,0,0,3
Somerset,1,38A,001-002,LIBERTARIAN,3,3,2,0,11
Somerset,1,38A,001-002,NO LABELS MARYLAND,1,0,0,0,1
Somerset,1,38A,001-002,OTHER PARTIES,3,0,0,0,10
Somerset,1,38A,001-002,REPUBLICAN,197,203,44,6,572
Somerset,1,38A,001-002,UNAFFILIATED,89,49,26,6,309
Somerset,1,38A,001-003,DEMOCRATIC,137,93,49,12,495
Somerset,1,38A,001-003,GREEN,0,0,0,0,0
Somerset,1,38A,001-003,LIBERTARIAN,1,1,0,0,2
Somerset,1,38A,001-003,NO LABELS MARYLAND,3,0,0,0,4
Somerset,1,38A,001-003,OTHER PARTIES,2,2,1,1,13
Somerset,1,38A,001-003,REPUBLICAN,39,37,16,3,144
Somerset,1,38A,001-003,UNAFFILIATED,39,20,8,0,173
Somerset,1,38A,002-001,DEMOCRATIC,27,16,20,12,97
Somerset,1,38A,002-001,GREEN,0,0,0,0,2
Somerset,1,38A,002-001,LIBERTARIAN,0,0,0,0,4
Somerset,1,38A,002-001,NO LABELS MARYLAND,1,0,0,2,1
Somerset,1,38A,002-001,OTHER PARTIES,0,2,0,1,4
Somerset,1,38A,002-001,REPUBLICAN,92,52,18,6,203
Somerset,1,38A,002-001,UNAFFILIATED,16,7,6,7,68
Somerset,1,38A,003-001,DEMOCRATIC,66,73,46,17,289
Somerset,1,38A,003-001,GREEN,0,0,0,0,1
Somerset,1,38A,003-001,LIBERTARIAN,4,2,2,0,11
Somerset,1,38A,003-001,NO LABELS MARYLAND,0,0,0,0,1
Somerset,1,38A,003-001,OTHER PARTIES,3,5,3,0,13
Somerset,1,38A,003-001,REPUBLICAN,205,249,50,10,591
Somerset,1,38A,003-001,UNAFFILIATED,54,30,14,7,173
Somerset,1,38A,004-001,DEMOCRATIC,57,63,68,202,233
Somerset,1,38A,004-001,GREEN,0,0,0,2,1
Somerset,1,38A,004-001,LIBERTARIAN,4,1,0,5,6
Somerset,1,38A,004-001,NO LABELS MARYLAND,0,0,0,1,0
Somerset,1,38A,004-001,OTHER PARTIES,1,0,1,7,5
Somerset,1,38A,004-001,REPUBLICAN,128,180,38,11,432
Somerset,1,38A,004-001,UNAFFILIATED,41,25,20,71,162
Somerset,1,38A,005-001,DEMOCRATIC,30,64,38,2,169
Somerset,1,38A,005-001,GREEN,0,0,0,0,0
Somerset,1,38A,005-001,LIBERTARIAN,1,0,0,0,1
Somerset,1,38A,005-001,NO LABELS MARYLAND,0,0,0,0,0
Somerset,1,38A,005-001,OTHER PARTIES,3,0,2,0,9
Somerset,1,38A,005-001,REPUBLICAN,125,137,33,7,365
Somerset,1,38A,005-001,UNAFFILIATED,29,25,9,2,110
Somerset,1,38A,006-001,DEMOCRATIC,37,36,21,0,144
Somerset,1,38A,006-001,GREEN,0,0,0,0,1
Somerset,1,38A,006-001,LIBERTARIAN,2,0,0,0,3
Somerset,1,38A,006-001,NO LABELS MARYLAND,0,0,0,0,0
Somerset,1,38A,006-001,OTHER PARTIES,1,0,0,0,4
Somerset,1,38A,006-001,REPUBLICAN,45,79,13,6,187
Somerset,1,38A,006-001,UNAFFILIATED,19,16,2,1,75
Somerset,1,38A,007-001,DEMOCRATIC,228,112,67,8,687
Somerset,1,38A,007-001,GREEN,1,0,1,0,3
Somerset,1,38A,007-001,LIBERTARIAN,1,0,0,0,6
Somerset,1,38A,007-001,NO LABELS MARYLAND,1,0,0,0,2
Somerset,1,38A,007-001,OTHER PARTIES,2,4,3,1,22
Somerset,1,38A,007-001,REPUBLICAN,276,178,65,18,703
Somerset,1,38A,007-001,UNAFFILIATED,82,22,25,9,290
Somerset,1,38A,008-001,DEMOCRATIC,64,75,53,0,267
Somerset,1,38A,008-001,GREEN,0,0,0,0,0
Somerset,1,38A,008-001,LIBERTARIAN,2,2,0,0,5
Somerset,1,38A,008-001,NO LABELS MARYLAND,1,0,0,0,1
Somerset,1,38A,008-001,OTHER PARTIES,2,1,0,1,7
Somerset,1,38A,008-001,REPUBLICAN,317,314,75,10,826
Somerset,1,38A,008-001,UNAFFILIATED,59,31,19,2,178
Somerset,1,38A,008-002,DEMOCRATIC,22,10,15,1,72
Somerset,1,38A,008-002,GREEN,0,0,0,0,1
Somerset,1,38A,008-002,LIBERTARIAN,0,0,0,0,2
Somerset,1,38A,008-002,NO LABELS MARYLAND,0,0,0,0,0
Somerset,1,38A,008-002,OTHER PARTIES,1,2,1,0,8
Somerset,1,38A,008-002,REPUBLICAN,118,101,21,7,305
Somerset,1,38A,008-002,UNAFFILIATED,15,12,2,0,65
Somerset,1,38A,009-001,DEMOCRATIC,27,10,21,2,80
Somerset,1,38A,009-001,GREEN,0,0,0,0,1
Somerset,1,38A,009-001,LIBERTARIAN,2,0,0,0,3
Somerset,1,38A,009-001,NO LABELS MARYLAND,0,0,0,0,0
Somerset,1,38A,009-001,OTHER PARTIES,0,0,1,0,2
Somerset,1,38A,009-001,REPUBLICAN,63,33,15,2,138
Somerset,1,38A,009-001,UNAFFILIATED,15,7,9,3,47
Somerset,1,38A,010-001,DEMOCRATIC,25,3,8,0,49
Somerset,1,38A,010-001,GREEN,0,0,0,0,0
Somerset,1,38A,010-001,LIBERTARIAN,0,0,0,0,0
Somerset,1,38A,010-001,NO LABELS MARYLAND,0,0,0,0,0
Somerset,1,38A,010-001,OTHER PARTIES,0,0,0,0,1
Somerset,1,38A,010-001,REPUBLICAN,27,5,10,1,52
Somerset,1,38A,010-001,UNAFFILIATED,5,1,1,0,16
Somerset,1,38A,010-002,DEMOCRATIC,0,1,0,1,4
Somerset,1,38A,010-002,GREEN,0,0,0,0,0
Somerset,1,38A,010-002,LIBERTARIAN,0,0,0,0,0
Somerset,1,38A,010-002,NO LABELS MARYLAND,0,0,0,0,0
Somerset,1,38A,010-002,OTHER PARTIES,0,0,1,0,1
Somerset,1,38A,010-002,REPUBLICAN,7,14,7,1,28
Somerset,1,38A,010-002,UNAFFILIATED,1,0,1,0,2
Somerset,1,38A,011-001,DEMOCRATIC,3,4,8,0,21
Somerset,1,38A,011-001,GREEN,0,0,0,0,0
Somerset,1,38A,011-001,LIBERTARIAN,0,0,0,0,0
Somerset,1,38A,011-001,NO LABELS MARYLAND,0,0,0,0,0
Somerset,1,38A,011-001,OTHER PARTIES,1,0,0,0,1
Somerset,1,38A,011-001,REPUBLICAN,31,22,3,2,73
Somerset,1,38A,011-001,UNAFFILIATED,12,4,2,1,25
Somerset,1,38A,012-001,DEMOCRATIC,40,24,31,0,149
Somerset,1,38A,012-001,GREEN,0,0,0,0,0
Somerset,1,38A,012-001,LIBERTARIAN,1,3,0,0,8
Somerset,1,38A,012-001,NO LABELS MARYLAND,0,0,1,0,1
Somerset,1,38A,012-001,OTHER PARTIES,0,2,0,0,6
Somerset,1,38A,012-001,REPUBLICAN,133,90,23,1,333
Somerset,1,38A,012-001,UNAFFILIATED,22,25,5,1,104
Somerset,1,38A,013-001,DEMOCRATIC,7,11,7,0,33
Somerset,1,38A,013-001,GREEN,0,0,0,0,0
Somerset,1,38A,013-001,LIBERTARIAN,0,0,0,0,0
Somerset,1,38A,013-001,NO LABELS MARYLAND,0,0,0,0,0
Somerset,1,38A,013-001,OTHER PARTIES,3,0,0,0,3
Somerset,1,38A,013-001,REPUBLICAN,29,40,3,1,89
Somerset,1,38A,013-001,UNAFFILIATED,8,7,0,0,21
Somerset,1,38A,013-002,DEMOCRATIC,25,28,13,3,104
Somerset,1,38A,013-002,GREEN,0,0,0,0,0
Somerset,1,38A,013-002,LIBERTARIAN,0,0,0,0,0
Somerset,1,38A,013-002,NO LABELS MARYLAND,0,0,0,0,0
Somerset,1,38A,013-002,OTHER PARTIES,0,1,0,0,4
Somerset,1,38A,013-002,REPUBLICAN,49,58,10,3,152
Somerset,1,38A,013-002,UNAFFILIATED,17,18,2,0,62
Somerset,1,38A,013-003,DEMOCRATIC,10,15,7,2,51
Somerset,1,38A,013-003,GREEN,0,0,0,0,0
Somerset,1,38A,013-003,LIBERTARIAN,0,0,1,0,1
Somerset,1,38A,013-003,NO LABELS MARYLAND,0,0,0,1,0
Somerset,1,38A,013-003,OTHER PARTIES,0,2,0,0,3
Somerset,1,38A,013-003,REPUBLICAN,30,33,13,1,86
Somerset,1,38A,013-003,UNAFFILIATED,10,4,6,3,32
Somerset,1,38A,014-001,DEMOCRATIC,28,9,20,0,75
Somerset,1,38A,014-001,GREEN,0,0,0,0,0
Somerset,1,38A,014-001,LIBERTARIAN,1,0,0,0,2
Somerset,1,38A,014-001,NO LABELS MARYLAND,0,0,0,0,1
Somerset,1,38A,014-001,OTHER PARTIES,0,0,0,0,0
Somerset,1,38A,014-001,REPUBLICAN,82,30,22,2,160
Somerset,1,38A,014-001,UNAFFILIATED,18,6,4,0,50
Somerset,1,38A,015-001,DEMOCRATIC,105,88,40,5,483
Somerset,1,38A,015-001,GREEN,0,0,0,0,2
Somerset,1,38A,015-001,LIBERTARIAN,0,2,0,0,4
Somerset,1,38A,015-001,NO LABELS MARYLAND,0,0,0,0,3
Somerset,1,38A,015-001,OTHER PARTIES,4,1,0,0,12
Somerset,1,38A,015-001,REPUBLICAN,102,74,14,3,274
Somerset,1,38A,015-001,UNAFFILIATED,42,21,7,0,186
Somerset,1,38A,015-002,DEMOCRATIC,201,93,51,10,699
Somerset,1,38A,015-002,GREEN,0,1,0,0,1
Somerset,1,38A,015-002,LIBERTARIAN,1,0,0,0,2
Somerset,1,38A,015-002,NO LABELS MARYLAND,0,0,0,0,0
Somerset,1,38A,015-002,OTHER PARTIES,1,3,1,1,15
Somerset,1,38A,015-002,REPUBLICAN,59,45,11,1,182
Somerset,1,38A,015-002,UNAFFILIATED,37,18,17,0,189
Somerset,1,38A,015-003,DEMOCRATIC,20,18,4,0,59
Somerset,1,38A,015-003,GREEN,0,0,0,0,0
Somerset,1,38A,015-003,LIBERTARIAN,0,0,0,0,0
Somerset,1,38A,015-003,NO LABELS MARYLAND,0,0,0,0,0
Somerset,1,38A,015-003,OTHER PARTIES,0,0,0,0,0
Somerset,1,38A,015-003,REPUBLICAN,13,21,0,1,54
Somerset,1,38A,015-003,UNAFFILIATED,6,5,1,0,21
Somerset,,,Unable to Determine,DEMOCRATIC,0,0,0,24,
Somerset,,,Unable to Determine,GREEN,0,0,0,0,
Somerset,,,Unable to Determine,LIBERTARIAN,0,0,0,0,
Somerset,,,Unable to Determine,NO LABELS MARYLAND,0,0,0,0,
Somerset,,,Unable to Determine,OTHER PARTIES,0,0,0,0,
Somerset,,,Unable to Determine,REPUBLICAN,0,0,0,1,
Somerset,,,Unable to Determine,UNAFFILIATED,0,0,0,7,
Talbot,1,37B,001-001,DEMOCRATIC,296,688,642,73,2039
Talbot,1,37B,001-001,GREEN,0,1,0,0,4
Talbot,1,37B,001-001,LIBERTARIAN,5,7,2,0,23
Talbot,1,37B,001-001,NO LABELS MARYLAND,0,2,2,0,7
Talbot,1,37B,001-001,OTHER PARTIES,8,13,5,2,37
Talbot,1,37B,001-001,REPUBLICAN,343,802,335,45,1745
Talbot,1,37B,001-001,UNAFFILIATED,156,260,203,39,910
Talbot,1,37B,001-002,DEMOCRATIC,424,712,546,43,2132
Talbot,1,37B,001-002,GREEN,0,2,1,0,6
Talbot,1,37B,001-002,LIBERTARIAN,12,9,6,1,40
Talbot,1,37B,001-002,NO LABELS MARYLAND,0,0,2,0,7
Talbot,1,37B,001-002,OTHER PARTIES,8,16,9,0,57
Talbot,1,37B,001-002,REPUBLICAN,474,766,258,24,1828
Talbot,1,37B,001-002,UNAFFILIATED,263,305,206,36,1131
Talbot,1,37B,001-003,DEMOCRATIC,313,414,199,6,1211
Talbot,1,37B,001-003,GREEN,1,1,0,0,5
Talbot,1,37B,001-003,LIBERTARIAN,6,7,1,0,21
Talbot,1,37B,001-003,NO LABELS MARYLAND,0,3,0,0,6
Talbot,1,37B,001-003,OTHER PARTIES,4,6,2,0,25
Talbot,1,37B,001-003,REPUBLICAN,256,401,82,7,949
Talbot,1,37B,001-003,UNAFFILIATED,185,157,70,1,687
Talbot,1,37B,001-005,DEMOCRATIC,168,296,258,15,939
Talbot,1,37B,001-005,GREEN,2,0,0,0,2
Talbot,1,37B,001-005,LIBERTARIAN,4,5,0,0,15
Talbot,1,37B,001-005,NO LABELS MARYLAND,0,0,0,0,1
Talbot,1,37B,001-005,OTHER PARTIES,6,8,1,1,23
Talbot,1,37B,001-005,REPUBLICAN,349,718,154,11,1456
Talbot,1,37B,001-005,UNAFFILIATED,166,196,97,12,661
Talbot,1,37B,002-001,DEMOCRATIC,230,260,352,23,1021
Talbot,1,37B,002-001,GREEN,0,0,2,1,4
Talbot,1,37B,002-001,LIBERTARIAN,2,4,3,0,13
Talbot,1,37B,002-001,NO LABELS MARYLAND,0,0,1,0,1
Talbot,1,37B,002-001,OTHER PARTIES,4,8,3,0,23
Talbot,1,37B,002-001,REPUBLICAN,285,281,142,17,826
Talbot,1,37B,002-001,UNAFFILIATED,140,98,107,14,470
Talbot,1,37B,002-002,DEMOCRATIC,25,63,77,1,198
Talbot,1,37B,002-002,GREEN,1,0,0,0,1
Talbot,1,37B,002-002,LIBERTARIAN,0,0,2,0,3
Talbot,1,37B,002-002,NO LABELS MARYLAND,0,0,0,0,0
Talbot,1,37B,002-002,OTHER PARTIES,1,0,0,0,3
Talbot,1,37B,002-002,REPUBLICAN,111,117,49,3,315
Talbot,1,37B,002-002,UNAFFILIATED,36,20,24,0,107
Talbot,1,37B,002-003,DEMOCRATIC,115,101,104,10,400
Talbot,1,37B,002-003,GREEN,0,0,0,0,0
Talbot,1,37B,002-003,LIBERTARIAN,3,1,1,0,7
Talbot,1,37B,002-003,NO LABELS MARYLAND,0,1,0,0,1
Talbot,1,37B,002-003,OTHER PARTIES,3,1,0,0,5
Talbot,1,37B,002-003,REPUBLICAN,179,191,76,7,510
Talbot,1,37B,002-003,UNAFFILIATED,56,38,45,7,204
Talbot,1,37B,003-001,DEMOCRATIC,252,201,172,21,813
Talbot,1,37B,003-001,GREEN,0,0,0,0,0
Talbot,1,37B,003-001,LIBERTARIAN,13,3,0,0,21
Talbot,1,37B,003-001,NO LABELS MARYLAND,2,1,1,0,5
Talbot,1,37B,003-001,OTHER PARTIES,4,3,1,0,20
Talbot,1,37B,003-001,REPUBLICAN,482,414,114,5,1160
Talbot,1,37B,003-001,UNAFFILIATED,150,81,58,13,513
Talbot,1,37B,003-003,DEMOCRATIC,133,69,142,10,394
Talbot,1,37B,003-003,GREEN,0,0,0,0,0
Talbot,1,37B,003-003,LIBERTARIAN,1,1,1,0,5
Talbot,1,37B,003-003,NO LABELS MARYLAND,0,0,0,0,0
Talbot,1,37B,003-003,OTHER PARTIES,3,2,1,0,8
Talbot,1,37B,003-003,REPUBLICAN,150,142,63,2,401
Talbot,1,37B,003-003,UNAFFILIATED,75,45,52,7,223
Talbot,1,37B,004-001,DEMOCRATIC,207,241,183,12,828
Talbot,1,37B,004-001,GREEN,0,0,0,0,2
Talbot,1,37B,004-001,LIBERTARIAN,5,2,1,1,18
Talbot,1,37B,004-001,NO LABELS MARYLAND,0,0,0,0,2
Talbot,1,37B,004-001,OTHER PARTIES,13,7,2,0,29
Talbot,1,37B,004-001,REPUBLICAN,704,637,151,25,1745
Talbot,1,37B,004-001,UNAFFILIATED,190,145,86,12,664
Talbot,1,37B,005-001,DEMOCRATIC,99,82,84,8,318
Talbot,1,37B,005-001,GREEN,0,0,0,0,0
Talbot,1,37B,005-001,LIBERTARIAN,3,1,0,0,6
Talbot,1,37B,005-001,NO LABELS MARYLAND,0,0,0,0,1
Talbot,1,37B,005-001,OTHER PARTIES,1,1,0,0,6
Talbot,1,37B,005-001,REPUBLICAN,148,81,30,8,309
Talbot,1,37B,005-001,UNAFFILIATED,43,21,18,3,137
Talbot,1,37B,005-002,DEMOCRATIC,78,39,83,8,241
Talbot,1,37B,005-002,GREEN,0,0,0,0,0
Talbot,1,37B,005-002,LIBERTARIAN,0,0,0,0,2
Talbot,1,37B,005-002,NO LABELS MARYLAND,1,0,0,0,1
Talbot,1,37B,005-002,OTHER PARTIES,3,1,0,0,6
Talbot,1,37B,005-002,REPUBLICAN,201,56,38,5,353
Talbot,1,37B,005-002,UNAFFILIATED,86,27,32,1,198
Talbot,,,Unable to Determine,DEMOCRATIC,0,0,0,14,
Talbot,,,Unable to Determine,GREEN,0,0,0,0,
Talbot,,,Unable to Determine,LIBERTARIAN,0,0,0,0,
Talbot,,,Unable to Determine,NO LABELS MARYLAND,0,0,0,0,
Talbot,,,Unable to Determine,OTHER PARTIES,0,0,0,0,
Talbot,,,Unable to Determine,REPUBLICAN,0,0,0,10,
Talbot,,,Unable to Determine,UNAFFILIATED,0,0,0,6,
Washington,6,02A,001-000,DEMOCRATIC,178,89,204,18,592
Washington,6,02A,001-000,GREEN,4,1,0,0,8
Washington,6,02A,001-000,LIBERTARIAN,5,4,1,0,14
Washington,6,02A,001-000,NO LABELS MARYLAND,1,0,1,0,2
Washington,6,02A,001-000,OTHER PARTIES,7,6,2,0,20
Washington,6,02A,001-000,REPUBLICAN,505,428,117,22,1235
Washington,6,02A,001-000,UNAFFILIATED,176,88,77,10,527
Washington,6,01C,002-001,DEMOCRATIC,191,167,221,12,839
Washington,6,01C,002-001,GREEN,0,1,0,1,2
Washington,6,01C,002-001,LIBERTARIAN,12,2,3,2,33
Washington,6,01C,002-001,NO LABELS MARYLAND,1,0,1,0,5
Washington,6,01C,002-001,OTHER PARTIES,6,4,2,0,33
Washington,6,01C,002-001,REPUBLICAN,557,478,174,52,1575
Washington,6,01C,002-001,UNAFFILIATED,183,146,54,28,725
Washington,6,02A,002-002,DEMOCRATIC,8,3,11,0,33
Washington,6,02A,002-002,GREEN,0,0,0,0,0
Washington,6,02A,002-002,LIBERTARIAN,0,0,0,0,1
Washington,6,02A,002-002,NO LABELS MARYLAND,1,0,0,0,1
Washington,6,02A,002-002,OTHER PARTIES,0,0,0,0,0
Washington,6,02A,002-002,REPUBLICAN,16,15,6,0,49
Washington,6,02A,002-002,UNAFFILIATED,5,11,6,0,33
Washington,6,02B,003-001,DEMOCRATIC,102,51,67,21,360
Washington,6,02B,003-001,GREEN,0,0,1,0,2
Washington,6,02B,003-001,LIBERTARIAN,2,0,0,0,4
Washington,6,02B,003-001,NO LABELS MARYLAND,1,0,0,0,2
Washington,6,02B,003-001,OTHER PARTIES,5,1,0,0,15
Washington,6,02B,003-001,REPUBLICAN,67,24,22,16,200
Washington,6,02B,003-001,UNAFFILIATED,56,13,15,12,195
Washington,6,02B,003-002,DEMOCRATIC,382,261,247,58,1559
Washington,6,02B,003-002,GREEN,4,0,0,0,7
Washington,6,02B,003-002,LIBERTARIAN,10,2,1,0,32
Washington,6,02B,003-002,NO LABELS MARYLAND,4,1,1,0,14
Washington,6,02B,003-002,OTHER PARTIES,10,5,5,1,72
Washington,6,02B,003-002,REPUBLICAN,276,339,111,34,1138
Washington,6,02B,003-002,UNAFFILIATED,256,131,109,28,1184
Washington,6,01C,004-000,DEMOCRATIC,154,60,84,6,391
Washington,6,01C,004-000,GREEN,1,0,0,0,3
Washington,6,01C,004-000,LIBERTARIAN,3,0,0,0,3
Washington,6,01C,004-000,NO LABELS MARYLAND,0,0,0,0,1
Washington,6,01C,004-000,OTHER PARTIES,5,3,1,0,17
Washington,6,01C,004-000,REPUBLICAN,786,332,125,20,1492
Washington,6,01C,004-000,UNAFFILIATED,158,49,37,10,390
Washington,6,01C,005-000,DEMOCRATIC,121,23,77,2,335
Washington,6,01C,005-000,GREEN,0,0,0,0,2
Washington,6,01C,005-000,LIBERTARIAN,2,0,1,1,11
Washington,6,01C,005-000,NO LABELS MARYLAND,0,0,0,0,3
Washington,6,01C,005-000,OTHER PARTIES,1,0,0,0,9
Washington,6,01C,005-000,REPUBLICAN,898,144,108,35,1455
Washington,6,01C,005-000,UNAFFILIATED,179,20,41,15,481
Washington,6,02A,006-000,DEMOCRATIC,289,346,344,17,1225
Washington,6,02A,006-000,GREEN,0,2,0,1,4
Washington,6,02A,006-000,LIBERTARIAN,12,3,0,2,27
Washington,6,02A,006-000,NO LABELS MARYLAND,1,0,1,0,2
Washington,6,02A,006-000,OTHER PARTIES,3,6,5,1,23
Washington,6,02A,006-000,REPUBLICAN,663,1109,211,37,2377
Washington,6,02A,006-000,UNAFFILIATED,318,286,123,16,1103
Washington,6,02A,007-001,DEMOCRATIC,107,165,125,9,507
Washington,6,02A,007-001,GREEN,0,0,0,0,2
Washington,6,02A,007-001,LIBERTARIAN,8,3,2,0,17
Washington,6,02A,007-001,NO LABELS MARYLAND,0,1,3,0,4
Washington,6,02A,007-001,OTHER PARTIES,3,8,2,1,23
Washington,6,02A,007-001,REPUBLICAN,397,567,138,21,1339
Washington,6,02A,007-001,UNAFFILIATED,137,160,60,8,523
Washington,6,02A,007-002,DEMOCRATIC,143,146,118,8,517
Washington,6,02A,007-002,GREEN,0,0,0,0,1
Washington,6,02A,007-002,LIBERTARIAN,5,6,2,0,19
Washington,6,02A,007-002,NO LABELS MARYLAND,1,2,0,0,3
Washington,6,02A,007-002,OTHER PARTIES,3,8,2,1,21
Washington,6,02A,007-002,REPUBLICAN,297,442,77,10,1033
Washington,6,02A,007-002,UNAFFILIATED,160,128,54,7,544
Washington,6,02A,008-000,DEMOCRATIC,126,115,141,8,477
Washington,6,02A,008-000,GREEN,1,0,0,0,3
Washington,6,02A,008-000,LIBERTARIAN,2,3,1,2,9
Washington,6,02A,008-000,NO LABELS MARYLAND,0,0,0,0,0
Washington,6,02A,008-000,OTHER PARTIES,2,3,4,0,13
Washington,6,02A,008-000,REPUBLICAN,361,433,103,16,1033
Washington,6,02A,008-000,UNAFFILIATED,118,130,43,1,400
Washington,6,02A,009-000,DEMOCRATIC,141,94,174,9,517
Washington,6,02A,009-000,GREEN,1,0,0,0,1
Washington,6,02A,009-000,LIBERTARIAN,6,1,0,0,15
Washington,6,02A,009-000,NO LABELS MARYLAND,1,1,0,0,2
Washington,6,02A,009-000,OTHER PARTIES,7,6,1,0,21
Washington,6,02A,009-000,REPUBLICAN,398,361,115,16,1086
Washington,6,02A,009-000,UNAFFILIATED,110,84,73,7,410
Washington,6,02A,010-001,DEMOCRATIC,296,351,330,32,1314
Washington,6,02A,010-001,GREEN,2,0,0,0,3
Washington,6,02A,010-001,LIBERTARIAN,4,7,1,1,19
Washington,6,02A,010-001,NO LABELS MARYLAND,2,0,2,0,7
Washington,6,02A,010-001,OTHER PARTIES,11,8,4,2,33
Washington,6,02A,010-001,REPUBLICAN,438,656,238,40,1693
Washington,6,02A,010-001,UNAFFILIATED,258,210,125,29,992
Washington,6,02A,010-002,DEMOCRATIC,402,318,252,28,1340
Washington,6,02A,010-002,GREEN,1,0,0,0,2
Washington,6,02A,010-002,LIBERTARIAN,8,5,3,0,24
Washington,6,02A,010-002,NO LABELS MARYLAND,1,0,1,1,2
Washington,6,02A,010-002,OTHER PARTIES,12,10,2,0,47
Washington,6,02A,010-002,REPUBLICAN,498,444,124,8,1278
Washington,6,02A,010-002,UNAFFILIATED,285,163,93,15,873
Washington,6,02A,010-003,DEMOCRATIC,119,94,120,14,463
Washington,6,02A,010-003,GREEN,0,0,0,0,0
Washington,6,02A,010-003,LIBERTARIAN,4,2,0,0,7
Washington,6,02A,010-003,NO LABELS MARYLAND,0,0,0,0,4
Washington,6,02A,010-003,OTHER PARTIES,4,2,2,0,19
Washington,6,02A,010-003,REPUBLICAN,209,196,83,15,589
Washington,6,02A,010-003,UNAFFILIATED,89,51,50,17,336
Washington,6,01C,010-004,DEMOCRATIC,13,32,34,0,101
Washington,6,01C,010-004,GREEN,0,0,0,0,0
Washington,6,01C,010-004,LIBERTARIAN,0,1,0,0,1
Washington,6,01C,010-004,NO LABELS MARYLAND,0,0,1,0,1
Washington,6,01C,010-004,OTHER PARTIES,0,0,0,0,0
Washington,6,01C,010-004,REPUBLICAN,6,46,12,1,84
Washington,6,01C,010-004,UNAFFILIATED,3,9,8,0,34
Washington,6,02B,010-005,DEMOCRATIC,4,3,1,0,11
Washington,6,02B,010-005,GREEN,0,0,0,0,0
Washington,6,02B,010-005,LIBERTARIAN,0,0,0,0,0
Washington,6,02B,010-005,NO LABELS MARYLAND,0,0,0,0,0
Washington,6,02B,010-005,OTHER PARTIES,0,0,0,0,0
Washington,6,02B,010-005,REPUBLICAN,1,2,0,0,10
Washington,6,02B,010-005,UNAFFILIATED,3,1,1,0,13
Washington,6,02A,011-001,DEMOCRATIC,95,47,60,9,249
Washington,6,02A,011-001,GREEN,1,0,1,0,2
Washington,6,02A,011-001,LIBERTARIAN,1,0,0,0,2
Washington,6,02A,011-001,NO LABELS MARYLAND,0,1,0,0,2
Washington,6,02A,011-001,OTHER PARTIES,3,1,0,1,6
Washington,6,02A,011-001,REPUBLICAN,164,135,31,16,410
Washington,6,02A,011-001,UNAFFILIATED,87,41,33,5,223
Washington,6,02A,011-002,DEMOCRATIC,44,10,31,0,115
Washington,6,02A,011-002,GREEN,1,0,0,0,1
Washington,6,02A,011-002,LIBERTARIAN,0,0,0,0,0
Washington,6,02A,011-002,NO LABELS MARYLAND,1,0,1,0,3
Washington,6,02A,011-002,OTHER PARTIES,3,0,0,0,4
Washington,6,02A,011-002,REPUBLICAN,133,63,25,6,259
Washington,6,02A,011-002,UNAFFILIATED,35,19,12,2,100
Washington,6,02A,012-000,DEMOCRATIC,117,104,128,5,448
Washington,6,02A,012-000,GREEN,2,1,1,0,4
Washington,6,02A,012-000,LIBERTARIAN,12,1,2,0,19
Washington,6,02A,012-000,NO LABELS MARYLAND,0,0,1,0,1
Washington,6,02A,012-000,OTHER PARTIES,3,6,1,1,18
Washington,6,02A,012-000,REPUBLICAN,469,370,85,10,1092
Washington,6,02A,012-000,UNAFFILIATED,131,83,49,12,447
Washington,6,01C,013-001,DEMOCRATIC,356,193,248,22,1122
Washington,6,01C,013-001,GREEN,1,1,1,0,6
Washington,6,01C,013-001,LIBERTARIAN,4,3,2,1,20
Washington,6,01C,013-001,NO LABELS MARYLAND,1,0,0,1,5
Washington,6,01C,013-001,OTHER PARTIES,7,11,3,3,44
Washington,6,01C,013-001,REPUBLICAN,928,696,222,27,2303
Washington,6,01C,013-001,UNAFFILIATED,299,157,90,22,967
Washington,6,02A,013-002,DEMOCRATIC,0,0,1,0,2
Washington,6,02A,013-002,GREEN,0,0,0,0,0
Washington,6,02A,013-002,LIBERTARIAN,0,0,0,0,0
Washington,6,02A,013-002,NO LABELS MARYLAND,0,0,0,0,0
Washington,6,02A,013-002,OTHER PARTIES,0,0,0,0,0
Washington,6,02A,013-002,REPUBLICAN,2,0,0,0,2
Washington,6,02A,013-002,UNAFFILIATED,0,1,0,0,1
Washington,6,02A,014-001,DEMOCRATIC,47,32,60,4,177
Washington,6,02A,014-001,GREEN,0,0,0,0,0
Washington,6,02A,014-001,LIBERTARIAN,0,1,1,0,2
Washington,6,02A,014-001,NO LABELS MARYLAND,0,0,0,0,0
Washington,6,02A,014-001,OTHER PARTIES,1,0,1,0,6
Washington,6,02A,014-001,REPUBLICAN,199,159,49,5,483
Washington,6,02A,014-001,UNAFFILIATED,58,40,17,3,171
Washington,6,02A,014-002,DEMOCRATIC,70,32,41,4,208
Washington,6,02A,014-002,GREEN,0,0,0,0,2
Washington,6,02A,014-002,LIBERTARIAN,6,1,2,0,12
Washington,6,02A,014-002,NO LABELS MARYLAND,1,0,1,0,2
Washington,6,02A,014-002,OTHER PARTIES,0,2,2,0,11
Washington,6,02A,014-002,REPUBLICAN,256,102,34,9,487
Washington,6,02A,014-002,UNAFFILIATED,87,29,24,7,229
Washington,6,01C,015-000,DEMOCRATIC,78,21,64,2,230
Washington,6,01C,015-000,GREEN,0,0,0,0,1
Washington,6,01C,015-000,LIBERTARIAN,6,0,1,0,12
Washington,6,01C,015-000,NO LABELS MARYLAND,1,0,0,0,1
Washington,6,01C,015-000,OTHER PARTIES,1,0,1,0,9
Washington,6,01C,015-000,REPUBLICAN,498,179,100,13,967
Washington,6,01C,015-000,UNAFFILIATED,123,29,30,3,296
Washington,6,02A,016-000,DEMOCRATIC,163,166,208,13,710
Washington,6,02A,016-000,GREEN,1,0,1,0,2
Washington,6,02A,016-000,LIBERTARIAN,8,6,4,0,25
Washington,6,02A,016-000,NO LABELS MARYLAND,0,0,0,0,1
Washington,6,02A,016-000,OTHER PARTIES,6,5,0,0,22
Washington,6,02A,016-000,REPUBLICAN,492,569,172,26,1516
Washington,6,02A,016-000,UNAFFILIATED,176,168,97,13,646
Washington,6,02B,017-000,DEMOCRATIC,329,249,332,62,1559
Washington,6,02B,017-000,GREEN,2,2,1,1,5
Washington,6,02B,017-000,LIBERTARIAN,5,3,4,2,28
Washington,6,02B,017-000,NO LABELS MARYLAND,1,1,3,0,12
Washington,6,02B,017-000,OTHER PARTIES,7,4,4,7,45
Washington,6,02B,017-000,REPUBLICAN,354,328,193,35,1339
Washington,6,02B,017-000,UNAFFILIATED,218,105,113,57,1095
Washington,6,02A,018-001,DEMOCRATIC,126,85,135,11,455
Washington,6,02A,018-001,GREEN,1,0,1,0,3
Washington,6,02A,018-001,LIBERTARIAN,4,3,1,0,15
Washington,6,02A,018-001,NO LABELS MARYLAND,2,0,1,0,4
Washington,6,02A,018-001,OTHER PARTIES,2,3,1,2,14
Washington,6,02A,018-001,REPUBLICAN,417,398,114,15,1150
Washington,6,02A,018-001,UNAFFILIATED,131,94,60,10,456
Washington,6,02A,018-002,DEMOCRATIC,183,145,212,15,716
Washington,6,02A,018-002,GREEN,1,0,0,0,3
Washington,6,02A,018-002,LIBERTARIAN,2,1,0,2,12
Washington,6,02A,018-002,NO LABELS MARYLAND,1,0,0,1,4
Washington,6,02A,018-002,OTHER PARTIES,6,3,3,0,23
Washington,6,02A,018-002,REPUBLICAN,392,367,159,21,1118
Washington,6,02A,018-002,UNAFFILIATED,190,86,70,10,555
Washington,6,02A,018-003,DEMOCRATIC,376,295,287,38,1418
Washington,6,02A,018-003,GREEN,0,1,0,0,3
Washington,6,02A,018-003,LIBERTARIAN,7,7,4,0,21
Washington,6,02A,018-003,NO LABELS MARYLAND,1,1,4,1,6
Washington,6,02A,018-003,OTHER PARTIES,5,7,4,3,37
Washington,6,02A,018-003,REPUBLICAN,349,355,171,29,1134
Washington,6,02A,018-003,UNAFFILIATED,230,140,129,35,929
Washington,6,02B,018-004,DEMOCRATIC,0,0,0,0,0
Washington,6,02B,018-004,GREEN,0,0,0,0,0
Washington,6,02B,018-004,LIBERTARIAN,0,1,0,0,1
Washington,6,02B,018-004,NO LABELS MARYLAND,0,0,0,0,0
Washington,6,02B,018-004,OTHER PARTIES,0,0,0,0,0
Washington,6,02B,018-004,REPUBLICAN,3,2,0,0,6
Washington,6,02B,018-004,UNAFFILIATED,1,0,0,0,1
Washington,6,02A,019-000,DEMOCRATIC,154,107,165,9,512
Washington,6,02A,019-000,GREEN,1,0,1,0,3
Washington,6,02A,019-000,LIBERTARIAN,5,2,0,0,9
Washington,6,02A,019-000,NO LABELS MARYLAND,0,0,0,0,0
Washington,6,02A,019-000,OTHER PARTIES,2,5,2,0,14
Washington,6,02A,019-000,REPUBLICAN,360,366,81,9,969
Washington,6,02A,019-000,UNAFFILIATED,136,107,50,8,402
Washington,6,02A,020-000,DEMOCRATIC,102,53,83,3,298
Washington,6,02A,020-000,GREEN,0,0,0,0,1
Washington,6,02A,020-000,LIBERTARIAN,3,2,1,1,10
Washington,6,02A,020-000,NO LABELS MARYLAND,1,1,0,0,2
Washington,6,02A,020-000,OTHER PARTIES,2,1,3,0,9
Washington,6,02A,020-000,REPUBLICAN,411,256,81,12,930
Washington,6,02A,020-000,UNAFFILIATED,133,50,44,4,330
Washington,6,02B,021-000,DEMOCRATIC,649,486,549,52,2325
Washington,6,02B,021-000,GREEN,0,1,2,0,9
Washington,6,02B,021-000,LIBERTARIAN,16,4,1,0,34
Washington,6,02B,021-000,NO LABELS MARYLAND,4,1,1,1,13
Washington,6,02B,021-000,OTHER PARTIES,13,6,8,2,51
Washington,6,02B,021-000,REPUBLICAN,617,563,216,32,1781
Washington,6,02B,021-000,UNAFFILIATED,386,197,182,28,1358
Washington,6,02B,022-001,DEMOCRATIC,205,109,119,46,823
Washington,6,02B,022-001,GREEN,0,1,0,0,4
Washington,6,02B,022-001,LIBERTARIAN,2,0,0,0,13
Washington,6,02B,022-001,NO LABELS MARYLAND,1,1,0,0,5
Washington,6,02B,022-001,OTHER PARTIES,6,0,2,4,33
Washington,6,02B,022-001,REPUBLICAN,130,92,23,15,441
Washington,6,02B,022-001,UNAFFILIATED,119,46,30,30,577
Washington,6,02B,022-002,DEMOCRATIC,251,153,175,24,891
Washington,6,02B,022-002,GREEN,1,0,2,0,3
Washington,6,02B,022-002,LIBERTARIAN,4,2,1,1,10
Washington,6,02B,022-002,NO LABELS MARYLAND,0,0,2,0,5
Washington,6,02B,022-002,OTHER PARTIES,11,8,0,1,33
Washington,6,02B,022-002,REPUBLICAN,210,125,90,22,583
Washington,6,02B,022-002,UNAFFILIATED,157,61,51,18,501
Washington,6,02A,022-003,DEMOCRATIC,0,0,0,0,0
Washington,6,02A,022-003,GREEN,0,0,0,0,0
Washington,6,02A,022-003,LIBERTARIAN,0,0,0,0,0
Washington,6,02A,022-003,NO LABELS MARYLAND,0,0,0,0,0
Washington,6,02A,022-003,OTHER PARTIES,0,0,0,0,0
Washington,6,02A,022-003,REPUBLICAN,0,0,0,0,0
Washington,6,02A,022-003,UNAFFILIATED,1,0,0,0,1
Washington,6,01C,023-000,DEMOCRATIC,158,114,152,12,632
Washington,6,01C,023-000,GREEN,1,0,2,0,6
Washington,6,01C,023-000,LIBERTARIAN,15,8,0,0,33
Washington,6,01C,023-000,NO LABELS MARYLAND,0,1,3,1,5
Washington,6,01C,023-000,OTHER PARTIES,8,3,2,0,28
Washington,6,01C,023-000,REPUBLICAN,864,710,186,33,2201
Washington,6,01C,023-000,UNAFFILIATED,218,121,58,9,718
Washington,6,01C,024-001,DEMOCRATIC,40,39,27,2,144
Washington,6,01C,024-001,GREEN,0,0,0,0,1
Washington,6,01C,024-001,LIBERTARIAN,1,2,0,0,8
Washington,6,01C,024-001,NO LABELS MARYLAND,0,0,0,0,0
Washington,6,01C,024-001,OTHER PARTIES,4,2,1,2,9
Washington,6,01C,024-001,REPUBLICAN,77,85,20,12,247
Washington,6,01C,024-001,UNAFFILIATED,37,25,11,2,124
Washington,6,02B,025-001,DEMOCRATIC,132,60,44,17,560
Washington,6,02B,025-001,GREEN,0,0,0,0,1
Washington,6,02B,025-001,LIBERTARIAN,4,0,0,0,9
Washington,6,02B,025-001,NO LABELS MARYLAND,0,0,0,0,3
Washington,6,02B,025-001,OTHER PARTIES,1,0,0,0,12
Washington,6,02B,025-001,REPUBLICAN,27,30,13,1,153
Washington,6,02B,025-001,UNAFFILIATED,37,18,8,11,246
Washington,6,02B,025-002,DEMOCRATIC,299,159,131,39,1099
Washington,6,02B,025-002,GREEN,0,1,0,0,6
Washington,6,02B,025-002,LIBERTARIAN,6,4,3,0,30
Washington,6,02B,025-002,NO LABELS MARYLAND,2,0,0,0,7
Washington,6,02B,025-002,OTHER PARTIES,6,3,4,6,42
Washington,6,02B,025-002,REPUBLICAN,264,180,72,20,804
Washington,6,02B,025-002,UNAFFILIATED,177,80,65,27,807
Washington,6,02B,025-003,DEMOCRATIC,315,281,180,41,1197
Washington,6,02B,025-003,GREEN,1,1,2,0,6
Washington,6,02B,025-003,LIBERTARIAN,2,1,1,0,8
Washington,6,02B,025-003,NO LABELS MARYLAND,2,2,0,0,5
Washington,6,02B,025-003,OTHER PARTIES,7,6,1,1,29
Washington,6,02B,025-003,REPUBLICAN,279,169,70,27,764
Washington,6,02B,025-003,UNAFFILIATED,188,101,62,30,702
Washington,6,01C,026-001,DEMOCRATIC,252,351,316,90,1312
Washington,6,01C,026-001,GREEN,1,0,1,0,4
Washington,6,01C,026-001,LIBERTARIAN,7,2,1,3,26
Washington,6,01C,026-001,NO LABELS MARYLAND,1,1,1,0,5
Washington,6,01C,026-001,OTHER PARTIES,4,15,4,3,47
Washington,6,01C,026-001,REPUBLICAN,531,837,256,88,2086
Washington,6,01C,026-001,UNAFFILIATED,235,209,91,45,970
Washington,6,01C,026-002,DEMOCRATIC,218,277,188,14,913
Washington,6,01C,026-002,GREEN,1,1,1,0,3
Washington,6,01C,026-002,LIBERTARIAN,11,4,0,2,23
Washington,6,01C,026-002,NO LABELS MARYLAND,0,0,0,0,2
Washington,6,01C,026-002,OTHER PARTIES,7,8,1,0,28
Washington,6,01C,026-002,REPUBLICAN,428,485,136,15,1319
Washington,6,01C,026-002,UNAFFILIATED,204,168,50,11,695
Washington,6,02A,027-001,DEMOCRATIC,203,202,254,22,831
Washington,6,02A,027-001,GREEN,0,0,1,1,3
Washington,6,02A,027-001,LIBERTARIAN,8,2,3,1,24
Washington,6,02A,027-001,NO LABELS MARYLAND,0,0,0,0,0
Washington,6,02A,027-001,OTHER PARTIES,3,7,1,0,15
Washington,6,02A,027-001,REPUBLICAN,370,368,180,14,1118
Washington,6,02A,027-001,UNAFFILIATED,154,111,110,14,549
Washington,6,02A,027-002,DEMOCRATIC,297,187,221,21,1001
Washington,6,02A,027-002,GREEN,0,0,2,0,5
Washington,6,02A,027-002,LIBERTARIAN,5,5,4,0,19
Washington,6,02A,027-002,NO LABELS MARYLAND,1,0,1,0,3
Washington,6,02A,027-002,OTHER PARTIES,6,3,1,0,30
Washington,6,02A,027-002,REPUBLICAN,501,330,144,26,1215
Washington,6,02A,027-002,UNAFFILIATED,230,119,89,33,774
Washington,6,01C,027-003,DEMOCRATIC,4,0,3,0,9
Washington,6,01C,027-003,GREEN,0,0,0,0,0
Washington,6,01C,027-003,LIBERTARIAN,0,0,0,0,1
Washington,6,01C,027-003,NO LABELS MARYLAND,0,0,0,0,0
Washington,6,01C,027-003,OTHER PARTIES,0,0,0,0,0
Washington,6,01C,027-003,REPUBLICAN,5,3,2,0,10
Washington,6,01C,027-003,UNAFFILIATED,0,2,0,0,2
Washington,,,Unable to Determine,DEMOCRATIC,0,0,0,17,
Washington,,,Unable to Determine,GREEN,0,0,0,0,
Washington,,,Unable to Determine,LIBERTARIAN,0,0,0,1,
Washington,,,Unable to Determine,NO LABELS MARYLAND,0,0,0,0,
Washington,,,Unable to Determine,OTHER PARTIES,0,0,0,1,
Washington,,,Unable to Determine,REPUBLICAN,0,0,0,24,
Washington,,,Unable to Determine,UNAFFILIATED,0,0,0,11,
Wicomico,1,37A,001-001,DEMOCRATIC,7,2,6,2,19
Wicomico,1,37A,001-001,GREEN,0,0,0,0,0
Wicomico,1,37A,001-001,LIBERTARIAN,0,0,0,0,0
Wicomico,1,37A,001-001,NO LABELS MARYLAND,0,0,0,0,0
Wicomico,1,37A,001-001,OTHER PARTIES,1,0,0,0,1
Wicomico,1,37A,001-001,REPUBLICAN,23,12,9,1,51
Wicomico,1,37A,001-001,UNAFFILIATED,6,2,2,1,14
Wicomico,1,37A,001-002,DEMOCRATIC,114,56,61,3,351
Wicomico,1,37A,001-002,GREEN,0,0,0,0,0
Wicomico,1,37A,001-002,LIBERTARIAN,1,0,0,0,3
Wicomico,1,37A,001-002,NO LABELS MARYLAND,1,0,0,0,1
Wicomico,1,37A,001-002,OTHER PARTIES,5,1,2,0,14
Wicomico,1,37A,001-002,REPUBLICAN,328,156,44,6,642
Wicomico,1,37A,001-002,UNAFFILIATED,124,32,11,5,267
Wicomico,1,37B,001-003,DEMOCRATIC,33,9,16,2,93
Wicomico,1,37B,001-003,GREEN,0,0,0,0,0
Wicomico,1,37B,001-003,LIBERTARIAN,1,1,0,0,3
Wicomico,1,37B,001-003,NO LABELS MARYLAND,0,0,0,0,0
Wicomico,1,37B,001-003,OTHER PARTIES,5,2,0,0,9
Wicomico,1,37B,001-003,REPUBLICAN,174,83,24,2,340
Wicomico,1,37B,001-003,UNAFFILIATED,54,18,13,2,139
Wicomico,1,37B,002-001,DEMOCRATIC,145,112,118,9,515
Wicomico,1,37B,002-001,GREEN,0,0,0,0,0
Wicomico,1,37B,002-001,LIBERTARIAN,7,0,0,0,8
Wicomico,1,37B,002-001,NO LABELS MARYLAND,1,0,0,0,2
Wicomico,1,37B,002-001,OTHER PARTIES,2,3,0,0,11
Wicomico,1,37B,002-001,REPUBLICAN,381,286,111,10,924
Wicomico,1,37B,002-001,UNAFFILIATED,129,84,39,9,413
Wicomico,1,38C,004-001,DEMOCRATIC,13,10,7,0,41
Wicomico,1,38C,004-001,GREEN,0,0,0,0,0
Wicomico,1,38C,004-001,LIBERTARIAN,1,0,0,0,1
Wicomico,1,38C,004-001,NO LABELS MARYLAND,1,0,0,0,1
Wicomico,1,38C,004-001,OTHER PARTIES,1,1,0,0,2
Wicomico,1,38C,004-001,REPUBLICAN,67,57,10,0,163
Wicomico,1,38C,004-001,UNAFFILIATED,29,13,6,0,74
Wicomico,1,38C,004-002,DEMOCRATIC,46,17,18,3,119
Wicomico,1,38C,004-002,GREEN,0,0,0,0,1
Wicomico,1,38C,004-002,LIBERTARIAN,2,0,0,0,3
Wicomico,1,38C,004-002,NO LABELS MARYLAND,1,0,0,1,1
Wicomico,1,38C,004-002,OTHER PARTIES,3,2,2,1,10
Wicomico,1,38C,004-002,REPUBLICAN,169,70,14,7,309
Wicomico,1,38C,004-002,UNAFFILIATED,67,15,5,4,150
Wicomico,1,38C,004-003,DEMOCRATIC,121,71,61,9,351
Wicomico,1,38C,004-003,GREEN,0,0,0,0,1
Wicomico,1,38C,004-003,LIBERTARIAN,7,2,0,0,15
Wicomico,1,38C,004-003,NO LABELS MARYLAND,1,0,0,0,1
Wicomico,1,38C,004-003,OTHER PARTIES,7,1,1,0,20
Wicomico,1,38C,004-003,REPUBLICAN,425,204,53,15,857
Wicomico,1,38C,004-003,UNAFFILIATED,137,60,19,7,375
Wicomico,1,37A,005-001,DEMOCRATIC,338,322,160,40,1564
Wicomico,1,37A,005-001,GREEN,1,1,0,0,5
Wicomico,1,37A,005-001,LIBERTARIAN,1,3,1,0,19
Wicomico,1,37A,005-001,NO LABELS MARYLAND,2,2,1,1,9
Wicomico,1,37A,005-001,OTHER PARTIES,4,6,1,0,42
Wicomico,1,37A,005-001,REPUBLICAN,77,107,35,9,398
Wicomico,1,37A,005-001,UNAFFILIATED,111,60,38,16,598
Wicomico,1,37A,005-002,DEMOCRATIC,29,24,8,4,106
Wicomico,1,37A,005-002,GREEN,0,0,0,0,1
Wicomico,1,37A,005-002,LIBERTARIAN,0,0,0,1,0
Wicomico,1,37A,005-002,NO LABELS MARYLAND,0,0,1,0,3
Wicomico,1,37A,005-002,OTHER PARTIES,1,0,0,2,2
Wicomico,1,37A,005-002,REPUBLICAN,19,19,5,8,75
Wicomico,1,37A,005-002,UNAFFILIATED,19,12,3,3,81
Wicomico,1,38B,005-003,DEMOCRATIC,183,187,132,25,748
Wicomico,1,38B,005-003,GREEN,0,0,2,0,4
Wicomico,1,38B,005-003,LIBERTARIAN,3,1,0,1,15
Wicomico,1,38B,005-003,NO LABELS MARYLAND,0,2,1,1,7
Wicomico,1,38B,005-003,OTHER PARTIES,3,3,3,0,25
Wicomico,1,38B,005-003,REPUBLICAN,186,206,96,14,653
Wicomico,1,38B,005-003,UNAFFILIATED,125,75,44,14,472
Wicomico,1,38B,005-004,DEMOCRATIC,219,332,196,37,1073
Wicomico,1,38B,005-004,GREEN,0,2,0,0,3
Wicomico,1,38B,005-004,LIBERTARIAN,1,8,1,1,16
Wicomico,1,38B,005-004,NO LABELS MARYLAND,1,1,0,1,5
Wicomico,1,38B,005-004,OTHER PARTIES,3,5,7,2,28
Wicomico,1,38B,005-004,REPUBLICAN,214,399,144,21,971
Wicomico,1,38B,005-004,UNAFFILIATED,142,135,62,12,608
Wicomico,1,38C,005-005,DEMOCRATIC,53,61,46,5,217
Wicomico,1,38C,005-005,GREEN,0,1,0,0,1
Wicomico,1,38C,005-005,LIBERTARIAN,0,2,0,0,5
Wicomico,1,38C,005-005,NO LABELS MARYLAND,0,0,0,0,0
Wicomico,1,38C,005-005,OTHER PARTIES,1,3,2,0,8
Wicomico,1,38C,005-005,REPUBLICAN,245,220,52,3,614
Wicomico,1,38C,005-005,UNAFFILIATED,80,40,10,2,206
Wicomico,1,38B,005-006,DEMOCRATIC,200,177,117,5,728
Wicomico,1,38B,005-006,GREEN,0,0,0,0,0
Wicomico,1,38B,005-006,LIBERTARIAN,0,1,2,1,7
Wicomico,1,38B,005-006,NO LABELS MARYLAND,1,0,0,1,7
Wicomico,1,38B,005-006,OTHER PARTIES,4,5,1,0,23
Wicomico,1,38B,005-006,REPUBLICAN,206,276,65,3,692
Wicomico,1,38B,005-006,UNAFFILIATED,119,85,45,4,445
Wicomico,1,38C,005-007,DEMOCRATIC,86,82,87,3,344
Wicomico,1,38C,005-007,GREEN,0,0,0,0,0
Wicomico,1,38C,005-007,LIBERTARIAN,4,2,2,0,11
Wicomico,1,38C,005-007,NO LABELS MARYLAND,0,0,0,0,0
Wicomico,1,38C,005-007,OTHER PARTIES,3,1,2,0,13
Wicomico,1,38C,005-007,REPUBLICAN,207,287,83,5,684
Wicomico,1,38C,005-007,UNAFFILIATED,84,62,18,5,282
Wicomico,1,38C,005-008,DEMOCRATIC,85,61,57,9,310
Wicomico,1,38C,005-008,GREEN,0,0,0,0,0
Wicomico,1,38C,005-008,LIBERTARIAN,4,0,0,0,8
Wicomico,1,38C,005-008,NO LABELS MARYLAND,0,0,0,0,1
Wicomico,1,38C,005-008,OTHER PARTIES,7,1,0,1,13
Wicomico,1,38C,005-008,REPUBLICAN,201,185,42,7,525
Wicomico,1,38C,005-008,UNAFFILIATED,98,43,23,4,268
Wicomico,1,38C,005-009,DEMOCRATIC,32,14,17,2,92
Wicomico,1,38C,005-009,GREEN,0,0,0,0,0
Wicomico,1,38C,005-009,LIBERTARIAN,2,0,0,0,2
Wicomico,1,38C,005-009,NO LABELS MARYLAND,0,1,0,0,1
Wicomico,1,38C,005-009,OTHER PARTIES,0,0,0,0,2
Wicomico,1,38C,005-009,REPUBLICAN,90,42,10,0,169
Wicomico,1,38C,005-009,UNAFFILIATED,27,14,6,2,67
Wicomico,1,38B,005-010,DEMOCRATIC,3,2,6,0,13
Wicomico,1,38B,005-010,GREEN,0,0,0,0,0
Wicomico,1,38B,005-010,LIBERTARIAN,0,0,0,0,0
Wicomico,1,38B,005-010,NO LABELS MARYLAND,0,0,0,0,0
Wicomico,1,38B,005-010,OTHER PARTIES,0,0,0,0,0
Wicomico,1,38B,005-010,REPUBLICAN,1,8,8,0,18
Wicomico,1,38B,005-010,UNAFFILIATED,0,2,2,0,7
Wicomico,1,38B,005-011,DEMOCRATIC,16,22,18,2,98
Wicomico,1,38B,005-011,GREEN,0,0,0,0,0
Wicomico,1,38B,005-011,LIBERTARIAN,0,0,0,0,0
Wicomico,1,38B,005-011,NO LABELS MARYLAND,0,0,0,0,0
Wicomico,1,38B,005-011,OTHER PARTIES,1,1,0,0,7
Wicomico,1,38B,005-011,REPUBLICAN,23,33,8,1,80
Wicomico,1,38B,005-011,UNAFFILIATED,14,12,7,1,63
Wicomico,1,38B,005-012,DEMOCRATIC,318,299,207,25,1214
Wicomico,1,38B,005-012,GREEN,2,0,2,0,4
Wicomico,1,38B,005-012,LIBERTARIAN,9,2,0,1,27
Wicomico,1,38B,005-012,NO LABELS MARYLAND,3,1,2,1,11
Wicomico,1,38B,005-012,OTHER PARTIES,7,6,1,0,35
Wicomico,1,38B,005-012,REPUBLICAN,326,252,117,29,917
Wicomico,1,38B,005-012,UNAFFILIATED,202,128,85,10,776
Wicomico,1,38C,006-001,DEMOCRATIC,46,25,22,0,127
Wicomico,1,38C,006-001,GREEN,0,1,0,0,1
Wicomico,1,38C,006-001,LIBERTARIAN,2,1,0,0,3
Wicomico,1,38C,006-001,NO LABELS MARYLAND,1,0,0,0,1
Wicomico,1,38C,006-001,OTHER PARTIES,3,0,0,0,8
Wicomico,1,38C,006-001,REPUBLICAN,208,84,17,4,367
Wicomico,1,38C,006-001,UNAFFILIATED,54,26,10,2,156
Wicomico,1,37B,007-001,DEMOCRATIC,118,77,91,6,422
Wicomico,1,37B,007-001,GREEN,0,0,0,0,0
Wicomico,1,37B,007-001,LIBERTARIAN,1,5,0,0,6
Wicomico,1,37B,007-001,NO LABELS MARYLAND,0,0,0,0,2
Wicomico,1,37B,007-001,OTHER PARTIES,4,4,0,0,11
Wicomico,1,37B,007-001,REPUBLICAN,347,201,53,2,679
Wicomico,1,37B,007-001,UNAFFILIATED,75,48,35,4,260
Wicomico,1,38A,008-001,DEMOCRATIC,64,96,78,86,330
Wicomico,1,38A,008-001,GREEN,0,0,0,0,1
Wicomico,1,38A,008-001,LIBERTARIAN,4,1,0,0,11
Wicomico,1,38A,008-001,NO LABELS MARYLAND,0,0,0,0,2
Wicomico,1,38A,008-001,OTHER PARTIES,3,4,0,5,17
Wicomico,1,38A,008-001,REPUBLICAN,186,263,81,52,641
Wicomico,1,38A,008-001,UNAFFILIATED,48,66,33,36,286
Wicomico,1,38A,008-002,DEMOCRATIC,112,135,117,4,443
Wicomico,1,38A,008-002,GREEN,0,0,0,0,2
Wicomico,1,38A,008-002,LIBERTARIAN,3,0,0,0,8
Wicomico,1,38A,008-002,NO LABELS MARYLAND,0,0,0,0,1
Wicomico,1,38A,008-002,OTHER PARTIES,2,4,0,0,12
Wicomico,1,38A,008-002,REPUBLICAN,287,376,108,7,891
Wicomico,1,38A,008-002,UNAFFILIATED,122,82,46,5,353
Wicomico,1,37B,008-003,DEMOCRATIC,46,43,24,0,146
Wicomico,1,37B,008-003,GREEN,0,0,0,0,0
Wicomico,1,37B,008-003,LIBERTARIAN,3,0,0,0,3
Wicomico,1,37B,008-003,NO LABELS MARYLAND,0,0,0,0,1
Wicomico,1,37B,008-003,OTHER PARTIES,0,2,1,0,6
Wicomico,1,37B,008-003,REPUBLICAN,71,63,10,2,169
Wicomico,1,37B,008-003,UNAFFILIATED,28,11,10,2,88
Wicomico,1,38B,008-004,DEMOCRATIC,65,120,175,6,466
Wicomico,1,38B,008-004,GREEN,0,0,0,0,0
Wicomico,1,38B,008-004,LIBERTARIAN,1,1,1,0,4
Wicomico,1,38B,008-004,NO LABELS MARYLAND,0,0,0,0,2
Wicomico,1,38B,008-004,OTHER PARTIES,6,5,2,0,20
Wicomico,1,38B,008-004,REPUBLICAN,119,206,113,11,546
Wicomico,1,38B,008-004,UNAFFILIATED,65,54,44,4,252
Wicomico,1,38B,008-005,DEMOCRATIC,88,127,80,43,434
Wicomico,1,38B,008-005,GREEN,1,1,0,1,2
Wicomico,1,38B,008-005,LIBERTARIAN,1,1,0,2,2
Wicomico,1,38B,008-005,NO LABELS MARYLAND,0,0,0,0,0
Wicomico,1,38B,008-005,OTHER PARTIES,4,3,0,0,16
Wicomico,1,38B,008-005,REPUBLICAN,124,144,55,33,420
Wicomico,1,38B,008-005,UNAFFILIATED,63,60,17,19,279
Wicomico,1,37B,008-006,DEMOCRATIC,45,78,77,5,237
Wicomico,1,37B,008-006,GREEN,0,0,0,0,0
Wicomico,1,37B,008-006,LIBERTARIAN,1,0,3,0,3
Wicomico,1,37B,008-006,NO LABELS MARYLAND,1,0,0,0,1
Wicomico,1,37B,008-006,OTHER PARTIES,1,2,0,0,4
Wicomico,1,37B,008-006,REPUBLICAN,113,109,50,2,323
Wicomico,1,37B,008-006,UNAFFILIATED,33,35,30,1,146
Wicomico,1,37A,009-001,DEMOCRATIC,309,396,237,23,1529
Wicomico,1,37A,009-001,GREEN,0,0,0,0,4
Wicomico,1,37A,009-001,LIBERTARIAN,0,3,0,0,6
Wicomico,1,37A,009-001,NO LABELS MARYLAND,1,1,0,1,7
Wicomico,1,37A,009-001,OTHER PARTIES,3,1,1,0,23
Wicomico,1,37A,009-001,REPUBLICAN,73,102,33,4,297
Wicomico,1,37A,009-001,UNAFFILIATED,80,49,30,7,369
Wicomico,1,37A,009-002,DEMOCRATIC,221,211,149,21,1132
Wicomico,1,37A,009-002,GREEN,0,0,0,0,1
Wicomico,1,37A,009-002,LIBERTARIAN,1,0,0,0,5
Wicomico,1,37A,009-002,NO LABELS MARYLAND,0,0,0,0,4
Wicomico,1,37A,009-002,OTHER PARTIES,5,2,0,0,19
Wicomico,1,37A,009-002,REPUBLICAN,15,10,3,0,90
Wicomico,1,37A,009-002,UNAFFILIATED,39,17,12,2,281
Wicomico,1,37A,009-003,DEMOCRATIC,186,182,131,31,1091
Wicomico,1,37A,009-003,GREEN,0,0,0,0,2
Wicomico,1,37A,009-003,LIBERTARIAN,3,0,0,0,5
Wicomico,1,37A,009-003,NO LABELS MARYLAND,0,0,2,0,7
Wicomico,1,37A,009-003,OTHER PARTIES,5,1,0,1,37
Wicomico,1,37A,009-003,REPUBLICAN,44,50,31,5,217
Wicomico,1,37A,009-003,UNAFFILIATED,49,40,15,10,371
Wicomico,1,38B,009-004,DEMOCRATIC,132,113,101,13,467
Wicomico,1,38B,009-004,GREEN,0,0,0,0,0
Wicomico,1,38B,009-004,LIBERTARIAN,1,2,0,0,6
Wicomico,1,38B,009-004,NO LABELS MARYLAND,0,0,0,0,0
Wicomico,1,38B,009-004,OTHER PARTIES,1,0,1,1,5
Wicomico,1,38B,009-004,REPUBLICAN,138,155,50,8,427
Wicomico,1,38B,009-004,UNAFFILIATED,63,53,38,7,265
Wicomico,1,37A,009-005,DEMOCRATIC,55,45,56,2,200
Wicomico,1,37A,009-005,GREEN,0,0,0,0,0
Wicomico,1,37A,009-005,LIBERTARIAN,0,2,0,0,3
Wicomico,1,37A,009-005,NO LABELS MARYLAND,0,0,0,0,0
Wicomico,1,37A,009-005,OTHER PARTIES,2,0,0,0,6
Wicomico,1,37A,009-005,REPUBLICAN,49,55,35,0,162
Wicomico,1,37A,009-005,UNAFFILIATED,41,14,14,1,113
Wicomico,1,37B,009-006,DEMOCRATIC,270,358,273,5,1123
Wicomico,1,37B,009-006,GREEN,0,1,4,0,7
Wicomico,1,37B,009-006,LIBERTARIAN,5,6,1,0,19
Wicomico,1,37B,009-006,NO LABELS MARYLAND,0,0,2,0,4
Wicomico,1,37B,009-006,OTHER PARTIES,8,6,5,0,28
Wicomico,1,37B,009-006,REPUBLICAN,582,654,155,17,1658
Wicomico,1,37B,009-006,UNAFFILIATED,233,168,102,8,754
Wicomico,1,38B,009-007,DEMOCRATIC,182,134,98,14,625
Wicomico,1,38B,009-007,GREEN,0,1,0,0,1
Wicomico,1,38B,009-007,LIBERTARIAN,5,4,0,1,13
Wicomico,1,38B,009-007,NO LABELS MARYLAND,1,1,0,0,4
Wicomico,1,38B,009-007,OTHER PARTIES,2,4,4,1,18
Wicomico,1,38B,009-007,REPUBLICAN,129,93,33,5,331
Wicomico,1,38B,009-007,UNAFFILIATED,74,35,25,6,282
Wicomico,1,37A,010-001,DEMOCRATIC,84,31,24,1,199
Wicomico,1,37A,010-001,GREEN,1,0,0,0,1
Wicomico,1,37A,010-001,LIBERTARIAN,0,2,0,0,3
Wicomico,1,37A,010-001,NO LABELS MARYLAND,0,0,0,0,0
Wicomico,1,37A,010-001,OTHER PARTIES,1,0,0,0,5
Wicomico,1,37A,010-001,REPUBLICAN,36,11,3,1,74
Wicomico,1,37A,010-001,UNAFFILIATED,22,4,4,2,66
Wicomico,1,37A,010-002,DEMOCRATIC,1,0,3,0,8
Wicomico,1,37A,010-002,GREEN,0,0,0,0,0
Wicomico,1,37A,010-002,LIBERTARIAN,0,0,0,0,0
Wicomico,1,37A,010-002,NO LABELS MARYLAND,0,0,0,0,0
Wicomico,1,37A,010-002,OTHER PARTIES,0,0,0,0,0
Wicomico,1,37A,010-002,REPUBLICAN,11,2,0,0,15
Wicomico,1,37A,010-002,UNAFFILIATED,4,0,0,0,5
Wicomico,1,37B,010-003,DEMOCRATIC,49,6,15,1,92
Wicomico,1,37B,010-003,GREEN,0,0,0,0,0
Wicomico,1,37B,010-003,LIBERTARIAN,4,1,1,0,8
Wicomico,1,37B,010-003,NO LABELS MARYLAND,0,0,0,0,0
Wicomico,1,37B,010-003,OTHER PARTIES,2,0,0,0,4
Wicomico,1,37B,010-003,REPUBLICAN,218,43,16,5,334
Wicomico,1,37B,010-003,UNAFFILIATED,42,5,6,3,100
Wicomico,1,37A,010-004,DEMOCRATIC,1,0,5,0,6
Wicomico,1,37A,010-004,GREEN,0,0,0,0,0
Wicomico,1,37A,010-004,LIBERTARIAN,0,0,0,0,0
Wicomico,1,37A,010-004,NO LABELS MARYLAND,0,0,0,0,0
Wicomico,1,37A,010-004,OTHER PARTIES,0,0,0,0,0
Wicomico,1,37A,010-004,REPUBLICAN,17,5,1,0,26
Wicomico,1,37A,010-004,UNAFFILIATED,5,3,1,0,12
Wicomico,1,38B,011-001,DEMOCRATIC,31,50,27,1,156
Wicomico,1,38B,011-001,GREEN,0,0,0,0,0
Wicomico,1,38B,011-001,LIBERTARIAN,0,0,0,0,0
Wicomico,1,38B,011-001,NO LABELS MARYLAND,0,0,0,0,0
Wicomico,1,38B,011-001,OTHER PARTIES,0,0,0,0,1
Wicomico,1,38B,011-001,REPUBLICAN,13,11,0,0,35
Wicomico,1,38B,011-001,UNAFFILIATED,5,9,1,0,46
Wicomico,1,37A,011-002,DEMOCRATIC,12,13,5,0,36
Wicomico,1,37A,011-002,GREEN,0,0,0,0,0
Wicomico,1,37A,011-002,LIBERTARIAN,0,0,0,0,2
Wicomico,1,37A,011-002,NO LABELS MARYLAND,0,0,0,0,0
Wicomico,1,37A,011-002,OTHER PARTIES,0,0,0,0,1
Wicomico,1,37A,011-002,REPUBLICAN,25,27,6,0,66
Wicomico,1,37A,011-002,UNAFFILIATED,7,8,1,0,26
Wicomico,1,37A,011-003,DEMOCRATIC,20,34,15,0,96
Wicomico,1,37A,011-003,GREEN,0,0,0,0,0
Wicomico,1,37A,011-003,LIBERTARIAN,0,0,0,0,0
Wicomico,1,37A,011-003,NO LABELS MARYLAND,0,0,0,0,0
Wicomico,1,37A,011-003,OTHER PARTIES,0,1,0,0,1
Wicomico,1,37A,011-003,REPUBLICAN,41,67,14,0,143
Wicomico,1,37A,011-003,UNAFFILIATED,12,15,6,0,72
Wicomico,1,37A,011-004,DEMOCRATIC,27,15,9,0,68
Wicomico,1,37A,011-004,GREEN,0,0,0,0,0
Wicomico,1,37A,011-004,LIBERTARIAN,0,0,0,0,1
Wicomico,1,37A,011-004,NO LABELS MARYLAND,0,0,0,0,0
Wicomico,1,37A,011-004,OTHER PARTIES,1,1,0,0,3
Wicomico,1,37A,011-004,REPUBLICAN,71,41,8,2,155
Wicomico,1,37A,011-004,UNAFFILIATED,15,8,7,0,51
Wicomico,1,38B,011-005,DEMOCRATIC,5,2,1,0,14
Wicomico,1,38B,011-005,GREEN,0,0,0,0,0
Wicomico,1,38B,011-005,LIBERTARIAN,0,1,0,0,1
Wicomico,1,38B,011-005,NO LABELS MARYLAND,0,0,0,0,0
Wicomico,1,38B,011-005,OTHER PARTIES,0,2,0,0,2
Wicomico,1,38B,011-005,REPUBLICAN,2,4,0,0,11
Wicomico,1,38B,011-005,UNAFFILIATED,1,0,1,0,8
Wicomico,1,38B,011-006,DEMOCRATIC,285,232,145,13,1031
Wicomico,1,38B,011-006,GREEN,1,0,0,1,6
Wicomico,1,38B,011-006,LIBERTARIAN,3,0,1,0,12
Wicomico,1,38B,011-006,NO LABELS MARYLAND,1,0,0,0,4
Wicomico,1,38B,011-006,OTHER PARTIES,10,4,2,1,33
Wicomico,1,38B,011-006,REPUBLICAN,308,245,68,20,861
Wicomico,1,38B,011-006,UNAFFILIATED,245,96,40,10,698
Wicomico,1,37A,013-001,DEMOCRATIC,101,74,45,44,417
Wicomico,1,37A,013-001,GREEN,0,0,0,0,3
Wicomico,1,37A,013-001,LIBERTARIAN,0,1,1,1,2
Wicomico,1,37A,013-001,NO LABELS MARYLAND,0,0,0,0,0
Wicomico,1,37A,013-001,OTHER PARTIES,2,0,0,2,12
Wicomico,1,37A,013-001,REPUBLICAN,22,34,12,38,123
Wicomico,1,37A,013-001,UNAFFILIATED,50,23,24,30,228
Wicomico,1,37A,013-002,DEMOCRATIC,329,259,116,16,1345
Wicomico,1,37A,013-002,GREEN,0,2,0,0,6
Wicomico,1,37A,013-002,LIBERTARIAN,7,1,4,0,16
Wicomico,1,37A,013-002,NO LABELS MARYLAND,2,1,1,0,9
Wicomico,1,37A,013-002,OTHER PARTIES,8,9,1,0,55
Wicomico,1,37A,013-002,REPUBLICAN,123,131,46,7,473
Wicomico,1,37A,013-002,UNAFFILIATED,123,74,38,10,626
Wicomico,1,38B,013-003,DEMOCRATIC,329,320,302,105,1204
Wicomico,1,38B,013-003,GREEN,3,1,0,1,5
Wicomico,1,38B,013-003,LIBERTARIAN,10,1,0,4,17
Wicomico,1,38B,013-003,NO LABELS MARYLAND,1,1,1,3,5
Wicomico,1,38B,013-003,OTHER PARTIES,5,6,1,2,29
Wicomico,1,38B,013-003,REPUBLICAN,287,290,112,43,832
Wicomico,1,38B,013-003,UNAFFILIATED,151,122,97,61,582
Wicomico,1,38B,013-004,DEMOCRATIC,175,117,93,33,716
Wicomico,1,38B,013-004,GREEN,0,0,0,0,0
Wicomico,1,38B,013-004,LIBERTARIAN,0,2,2,1,10
Wicomico,1,38B,013-004,NO LABELS MARYLAND,0,2,1,0,6
Wicomico,1,38B,013-004,OTHER PARTIES,4,0,1,1,18
Wicomico,1,38B,013-004,REPUBLICAN,83,88,39,27,332
Wicomico,1,38B,013-004,UNAFFILIATED,92,49,29,27,395
Wicomico,1,38C,014-001,DEMOCRATIC,24,9,12,1,62
Wicomico,1,38C,014-001,GREEN,0,0,0,1,0
Wicomico,1,38C,014-001,LIBERTARIAN,3,3,1,0,7
Wicomico,1,38C,014-001,NO LABELS MARYLAND,0,0,0,1,1
Wicomico,1,38C,014-001,OTHER PARTIES,1,0,0,0,6
Wicomico,1,38C,014-001,REPUBLICAN,85,42,16,10,173
Wicomico,1,38C,014-001,UNAFFILIATED,24,5,3,3,56
Wicomico,1,38C,014-002,DEMOCRATIC,127,28,28,5,279
Wicomico,1,38C,014-002,GREEN,0,1,0,0,1
Wicomico,1,38C,014-002,LIBERTARIAN,5,0,0,1,8
Wicomico,1,38C,014-002,NO LABELS MARYLAND,0,0,0,0,2
Wicomico,1,38C,014-002,OTHER PARTIES,5,1,2,0,17
Wicomico,1,38C,014-002,REPUBLICAN,355,89,40,2,590
Wicomico,1,38C,014-002,UNAFFILIATED,148,25,17,2,319
Wicomico,1,37A,015-001,DEMOCRATIC,143,117,78,8,498
Wicomico,1,37A,015-001,GREEN,0,2,0,0,2
Wicomico,1,37A,015-001,LIBERTARIAN,1,1,3,0,8
Wicomico,1,37A,015-001,NO LABELS MARYLAND,0,0,0,0,0
Wicomico,1,37A,015-001,OTHER PARTIES,8,2,1,0,23
Wicomico,1,37A,015-001,REPUBLICAN,306,155,54,7,659
Wicomico,1,37A,015-001,UNAFFILIATED,108,48,23,10,318
Wicomico,1,37A,015-002,DEMOCRATIC,15,12,9,1,51
Wicomico,1,37A,015-002,GREEN,0,0,0,0,0
Wicomico,1,37A,015-002,LIBERTARIAN,1,0,0,0,1
Wicomico,1,37A,015-002,NO LABELS MARYLAND,0,0,0,0,0
Wicomico,1,37A,015-002,OTHER PARTIES,0,0,0,0,1
Wicomico,1,37A,015-002,REPUBLICAN,54,18,1,3,96
Wicomico,1,37A,015-002,UNAFFILIATED,11,3,2,0,28
Wicomico,1,37B,015-003,DEMOCRATIC,19,6,9,0,39
Wicomico,1,37B,015-003,GREEN,0,0,0,0,0
Wicomico,1,37B,015-003,LIBERTARIAN,0,1,0,0,1
Wicomico,1,37B,015-003,NO LABELS MARYLAND,0,0,0,0,0
Wicomico,1,37B,015-003,OTHER PARTIES,0,1,0,0,1
Wicomico,1,37B,015-003,REPUBLICAN,58,24,6,0,103
Wicomico,1,37B,015-003,UNAFFILIATED,16,5,6,0,38
Wicomico,1,37A,015-004,DEMOCRATIC,15,9,3,0,32
Wicomico,1,37A,015-004,GREEN,0,0,0,0,0
Wicomico,1,37A,015-004,LIBERTARIAN,1,0,0,0,1
Wicomico,1,37A,015-004,NO LABELS MARYLAND,0,0,0,0,0
Wicomico,1,37A,015-004,OTHER PARTIES,1,0,0,0,1
Wicomico,1,37A,015-004,REPUBLICAN,15,7,2,0,28
Wicomico,1,37A,015-004,UNAFFILIATED,8,2,1,1,18
Wicomico,1,37A,015-005,DEMOCRATIC,0,0,0,0,1
Wicomico,1,37A,015-005,GREEN,0,0,0,0,0
Wicomico,1,37A,015-005,LIBERTARIAN,0,0,0,0,0
Wicomico,1,37A,015-005,NO LABELS MARYLAND,0,0,0,0,0
Wicomico,1,37A,015-005,OTHER PARTIES,0,0,0,0,0
Wicomico,1,37A,015-005,REPUBLICAN,5,2,0,0,7
Wicomico,1,37A,015-005,UNAFFILIATED,0,0,0,0,0
Wicomico,1,37B,015-006,DEMOCRATIC,44,35,40,1,147
Wicomico,1,37B,015-006,GREEN,0,0,0,0,0
Wicomico,1,37B,015-006,LIBERTARIAN,0,0,0,0,1
Wicomico,1,37B,015-006,NO LABELS MARYLAND,0,0,0,0,0
Wicomico,1,37B,015-006,OTHER PARTIES,1,3,1,0,8
Wicomico,1,37B,015-006,REPUBLICAN,132,133,19,5,354
Wicomico,1,37B,015-006,UNAFFILIATED,39,21,18,1,112
Wicomico,1,37B,016-001,DEMOCRATIC,25,39,52,10,158
Wicomico,1,37B,016-001,GREEN,0,0,0,0,1
Wicomico,1,37B,016-001,LIBERTARIAN,1,1,1,0,5
Wicomico,1,37B,016-001,NO LABELS MARYLAND,1,0,0,0,1
Wicomico,1,37B,016-001,OTHER PARTIES,2,0,0,0,5
Wicomico,1,37B,016-001,REPUBLICAN,69,71,21,6,198
Wicomico,1,37B,016-001,UNAFFILIATED,25,13,10,16,85
Wicomico,1,37B,016-002,DEMOCRATIC,32,27,13,5,102
Wicomico,1,37B,016-002,GREEN,0,1,0,0,1
Wicomico,1,37B,016-002,LIBERTARIAN,0,0,0,0,1
Wicomico,1,37B,016-002,NO LABELS MARYLAND,1,0,0,0,1
Wicomico,1,37B,016-002,OTHER PARTIES,0,0,0,1,1
Wicomico,1,37B,016-002,REPUBLICAN,75,70,15,7,206
Wicomico,1,37B,016-002,UNAFFILIATED,26,11,4,6,75
Wicomico,1,38B,016-003,DEMOCRATIC,135,132,132,11,547
Wicomico,1,38B,016-003,GREEN,0,0,0,0,1
Wicomico,1,38B,016-003,LIBERTARIAN,1,0,3,1,9
Wicomico,1,38B,016-003,NO LABELS MARYLAND,0,0,1,0,1
Wicomico,1,38B,016-003,OTHER PARTIES,2,4,0,0,19
Wicomico,1,38B,016-003,REPUBLICAN,175,195,78,8,553
Wicomico,1,38B,016-003,UNAFFILIATED,102,76,53,9,361
Wicomico,1,38B,016-004,DEMOCRATIC,91,74,56,6,355
Wicomico,1,38B,016-004,GREEN,0,0,0,0,0
Wicomico,1,38B,016-004,LIBERTARIAN,0,0,0,0,4
Wicomico,1,38B,016-004,NO LABELS MARYLAND,1,1,0,0,2
Wicomico,1,38B,016-004,OTHER PARTIES,1,1,1,0,14
Wicomico,1,38B,016-004,REPUBLICAN,86,71,29,0,255
Wicomico,1,38B,016-004,UNAFFILIATED,62,31,15,2,206
Wicomico,1,38B,016-005,DEMOCRATIC,301,184,134,15,895
Wicomico,1,38B,016-005,GREEN,0,0,0,0,0
Wicomico,1,38B,016-005,LIBERTARIAN,4,1,0,0,12
Wicomico,1,38B,016-005,NO LABELS MARYLAND,0,0,1,0,3
Wicomico,1,38B,016-005,OTHER PARTIES,4,4,4,1,28
Wicomico,1,38B,016-005,REPUBLICAN,203,150,25,7,507
Wicomico,1,38B,016-005,UNAFFILIATED,135,61,48,7,440
Wicomico,1,38B,016-006,DEMOCRATIC,17,44,63,0,141
Wicomico,1,38B,016-006,GREEN,0,0,0,0,0
Wicomico,1,38B,016-006,LIBERTARIAN,0,3,0,0,4
Wicomico,1,38B,016-006,NO LABELS MARYLAND,0,0,0,0,0
Wicomico,1,38B,016-006,OTHER PARTIES,0,2,0,0,2
Wicomico,1,38B,016-006,REPUBLICAN,25,72,52,1,165
Wicomico,1,38B,016-006,UNAFFILIATED,10,24,19,1,71
Wicomico,1,37B,017-001,DEMOCRATIC,111,81,121,3,418
Wicomico,1,37B,017-001,GREEN,0,0,0,0,0
Wicomico,1,37B,017-001,LIBERTARIAN,4,1,2,0,7
Wicomico,1,37B,017-001,NO LABELS MARYLAND,1,0,0,0,1
Wicomico,1,37B,017-001,OTHER PARTIES,4,1,1,1,13
Wicomico,1,37B,017-001,REPUBLICAN,245,132,56,10,514
Wicomico,1,37B,017-001,UNAFFILIATED,83,30,24,9,234
Wicomico,,,Unable to Determine,DEMOCRATIC,0,0,0,71,
Wicomico,,,Unable to Determine,GREEN,0,0,0,1,
Wicomico,,,Unable to Determine,LIBERTARIAN,0,0,0,0,
Wicomico,,,Unable to Determine,NO LABELS MARYLAND,0,0,0,1,
Wicomico,,,Unable to Determine,OTHER PARTIES,0,0,0,0,
Wicomico,,,Unable to Determine,REPUBLICAN,0,0,0,56,
Wicomico,,,Unable to Determine,UNAFFILIATED,0,0,0,32,
Worcester,1,38A,001-001,DEMOCRATIC,602,151,318,33,1664
Worcester,1,38A,001-001,GREEN,1,0,0,0,3
Worcester,1,38A,001-001,LIBERTARIAN,9,2,1,1,26
Worcester,1,38A,001-001,NO LABELS MARYLAND,1,0,1,0,4
Worcester,1,38A,001-001,OTHER PARTIES,6,3,8,0,44
Worcester,1,38A,001-001,REPUBLICAN,1139,311,223,38,2156
Worcester,1,38A,001-001,UNAFFILIATED,344,69,98,18,938
Worcester,1,38A,001-002,DEMOCRATIC,81,32,70,5,247
Worcester,1,38A,001-002,GREEN,0,0,0,0,2
Worcester,1,38A,001-002,LIBERTARIAN,0,0,0,0,1
Worcester,1,38A,001-002,NO LABELS MARYLAND,1,0,0,0,2
Worcester,1,38A,001-002,OTHER PARTIES,4,1,0,0,6
Worcester,1,38A,001-002,REPUBLICAN,319,83,38,14,535
Worcester,1,38A,001-002,UNAFFILIATED,71,19,24,3,192
Worcester,1,38A,002-001,DEMOCRATIC,199,37,52,7,516
Worcester,1,38A,002-001,GREEN,0,0,0,0,0
Worcester,1,38A,002-001,LIBERTARIAN,1,0,0,0,3
Worcester,1,38A,002-001,NO LABELS MARYLAND,0,0,1,0,3
Worcester,1,38A,002-001,OTHER PARTIES,3,0,1,1,10
Worcester,1,38A,002-001,REPUBLICAN,98,20,19,4,209
Worcester,1,38A,002-001,UNAFFILIATED,61,7,5,3,212
Worcester,1,38A,002-002,DEMOCRATIC,313,56,122,20,751
Worcester,1,38A,002-002,GREEN,0,0,0,0,1
Worcester,1,38A,002-002,LIBERTARIAN,2,0,0,0,3
Worcester,1,38A,002-002,NO LABELS MARYLAND,1,0,0,0,1
Worcester,1,38A,002-002,OTHER PARTIES,7,1,5,0,18
Worcester,1,38A,002-002,REPUBLICAN,167,49,35,19,323
Worcester,1,38A,002-002,UNAFFILIATED,74,14,18,5,224
Worcester,1,38A,002-003,DEMOCRATIC,61,16,22,6,122
Worcester,1,38A,002-003,GREEN,0,0,0,0,0
Worcester,1,38A,002-003,LIBERTARIAN,1,3,1,0,6
Worcester,1,38A,002-003,NO LABELS MARYLAND,0,0,0,0,0
Worcester,1,38A,002-003,OTHER PARTIES,0,1,0,0,1
Worcester,1,38A,002-003,REPUBLICAN,145,41,19,6,246
Worcester,1,38A,002-003,UNAFFILIATED,38,13,8,1,92
Worcester,1,38C,002-004,DEMOCRATIC,113,71,66,11,355
Worcester,1,38C,002-004,GREEN,0,0,0,0,0
Worcester,1,38C,002-004,LIBERTARIAN,0,3,0,0,4
Worcester,1,38C,002-004,NO LABELS MARYLAND,1,0,0,0,1
Worcester,1,38C,002-004,OTHER PARTIES,1,0,1,1,6
Worcester,1,38C,002-004,REPUBLICAN,56,34,14,18,138
Worcester,1,38C,002-004,UNAFFILIATED,32,13,10,10,105
Worcester,1,38A,002-005,DEMOCRATIC,359,175,127,16,1015
Worcester,1,38A,002-005,GREEN,2,0,0,0,2
Worcester,1,38A,002-005,LIBERTARIAN,2,1,0,0,6
Worcester,1,38A,002-005,NO LABELS MARYLAND,1,0,0,0,4
Worcester,1,38A,002-005,OTHER PARTIES,7,4,5,0,32
Worcester,1,38A,002-005,REPUBLICAN,195,149,46,4,533
Worcester,1,38A,002-005,UNAFFILIATED,124,60,45,3,451
Worcester,1,38C,003-001,DEMOCRATIC,267,211,274,15,1020
Worcester,1,38C,003-001,GREEN,1,0,0,0,4
Worcester,1,38C,003-001,LIBERTARIAN,9,8,2,0,31
Worcester,1,38C,003-001,NO LABELS MARYLAND,1,2,0,0,4
Worcester,1,38C,003-001,OTHER PARTIES,19,10,5,5,57
Worcester,1,38C,003-001,REPUBLICAN,836,806,271,49,2348
Worcester,1,38C,003-001,UNAFFILIATED,295,164,129,20,949
Worcester,1,38C,003-002,DEMOCRATIC,132,119,159,16,534
Worcester,1,38C,003-002,GREEN,1,0,0,0,2
Worcester,1,38C,003-002,LIBERTARIAN,9,2,0,0,13
Worcester,1,38C,003-002,NO LABELS MARYLAND,1,0,0,0,2
Worcester,1,38C,003-002,OTHER PARTIES,2,2,4,0,14
Worcester,1,38C,003-002,REPUBLICAN,376,384,174,22,1129
Worcester,1,38C,003-002,UNAFFILIATED,128,96,55,12,426
Worcester,1,38A,003-003,DEMOCRATIC,36,13,17,4,90
Worcester,1,38A,003-003,GREEN,0,0,0,0,0
Worcester,1,38A,003-003,LIBERTARIAN,0,1,1,0,4
Worcester,1,38A,003-003,NO LABELS MARYLAND,0,0,0,0,0
Worcester,1,38A,003-003,OTHER PARTIES,1,1,0,0,4
Worcester,1,38A,003-003,REPUBLICAN,43,30,9,4,109
Worcester,1,38A,003-003,UNAFFILIATED,27,15,4,3,75
Worcester,1,38A,004-001,DEMOCRATIC,229,78,113,10,558
Worcester,1,38A,004-001,GREEN,0,0,0,0,0
Worcester,1,38A,004-001,LIBERTARIAN,4,0,0,0,6
Worcester,1,38A,004-001,NO LABELS MARYLAND,0,0,1,0,1
Worcester,1,38A,004-001,OTHER PARTIES,5,3,1,1,17
Worcester,1,38A,004-001,REPUBLICAN,456,150,110,5,849
Worcester,1,38A,004-001,UNAFFILIATED,114,44,29,5,319
Worcester,1,38A,004-002,DEMOCRATIC,277,144,186,15,754
Worcester,1,38A,004-002,GREEN,0,0,0,0,1
Worcester,1,38A,004-002,LIBERTARIAN,5,2,2,0,12
Worcester,1,38A,004-002,NO LABELS MARYLAND,1,0,0,0,2
Worcester,1,38A,004-002,OTHER PARTIES,12,4,2,0,24
Worcester,1,38A,004-002,REPUBLICAN,405,290,116,22,955
Worcester,1,38A,004-002,UNAFFILIATED,187,88,69,10,496
Worcester,1,38C,004-003,DEMOCRATIC,26,16,25,0,93
Worcester,1,38C,004-003,GREEN,0,0,0,0,0
Worcester,1,38C,004-003,LIBERTARIAN,0,1,0,0,2
Worcester,1,38C,004-003,NO LABELS MARYLAND,0,0,0,0,0
Worcester,1,38C,004-003,OTHER PARTIES,0,0,0,0,3
Worcester,1,38C,004-003,REPUBLICAN,108,62,20,0,237
Worcester,1,38C,004-003,UNAFFILIATED,43,18,3,2,112
Worcester,1,38C,004-004,DEMOCRATIC,145,69,68,4,400
Worcester,1,38C,004-004,GREEN,1,0,0,0,4
Worcester,1,38C,004-004,LIBERTARIAN,5,4,0,1,14
Worcester,1,38C,004-004,NO LABELS MARYLAND,1,0,0,1,3
Worcester,1,38C,004-004,OTHER PARTIES,11,1,1,1,20
Worcester,1,38C,004-004,REPUBLICAN,381,174,48,11,739
Worcester,1,38C,004-004,UNAFFILIATED,101,44,18,4,282
Worcester,1,38C,005-001,DEMOCRATIC,218,267,376,19,1012
Worcester,1,38C,005-001,GREEN,0,0,0,0,0
Worcester,1,38C,005-001,LIBERTARIAN,3,4,2,0,17
Worcester,1,38C,005-001,NO LABELS MARYLAND,3,1,0,0,4
Worcester,1,38C,005-001,OTHER PARTIES,7,12,13,2,39
Worcester,1,38C,005-001,REPUBLICAN,465,612,258,19,1596
Worcester,1,38C,005-001,UNAFFILIATED,201,170,168,10,764
Worcester,1,38C,005-002,DEMOCRATIC,260,215,253,18,875
Worcester,1,38C,005-002,GREEN,1,0,2,0,5
Worcester,1,38C,005-002,LIBERTARIAN,4,2,3,2,15
Worcester,1,38C,005-002,NO LABELS MARYLAND,1,0,1,1,2
Worcester,1,38C,005-002,OTHER PARTIES,13,8,6,1,39
Worcester,1,38C,005-002,REPUBLICAN,487,439,143,27,1312
Worcester,1,38C,005-002,UNAFFILIATED,210,132,103,17,648
Worcester,1,38C,006-001,DEMOCRATIC,250,296,333,29,1078
Worcester,1,38C,006-001,GREEN,2,1,0,0,5
Worcester,1,38C,006-001,LIBERTARIAN,7,4,1,0,22
Worcester,1,38C,006-001,NO LABELS MARYLAND,1,0,4,0,7
Worcester,1,38C,006-001,OTHER PARTIES,13,14,6,0,45
Worcester,1,38C,006-001,REPUBLICAN,663,686,311,38,1964
Worcester,1,38C,006-001,UNAFFILIATED,272,182,124,22,848
Worcester,1,38C,006-002,DEMOCRATIC,25,29,39,1,118
Worcester,1,38C,006-002,GREEN,0,0,0,0,1
Worcester,1,38C,006-002,LIBERTARIAN,3,1,0,0,4
Worcester,1,38C,006-002,NO LABELS MARYLAND,0,1,0,0,1
Worcester,1,38C,006-002,OTHER PARTIES,3,4,1,0,11
Worcester,1,38C,006-002,REPUBLICAN,108,93,32,7,281
Worcester,1,38C,006-002,UNAFFILIATED,30,22,7,1,97
Worcester,1,38C,006-003,DEMOCRATIC,171,100,118,9,509
Worcester,1,38C,006-003,GREEN,1,0,0,0,2
Worcester,1,38C,006-003,LIBERTARIAN,3,1,3,0,12
Worcester,1,38C,006-003,NO LABELS MARYLAND,2,1,0,0,4
Worcester,1,38C,006-003,OTHER PARTIES,8,2,0,1,16
Worcester,1,38C,006-003,REPUBLICAN,485,347,90,20,1101
Worcester,1,38C,006-003,UNAFFILIATED,146,87,41,11,398
Worcester,1,38C,007-001,DEMOCRATIC,412,392,521,52,1875
Worcester,1,38C,007-001,GREEN,2,2,1,0,10
Worcester,1,38C,007-001,LIBERTARIAN,18,7,5,2,45
Worcester,1,38C,007-001,NO LABELS MARYLAND,4,1,3,0,11
Worcester,1,38C,007-001,OTHER PARTIES,21,16,14,2,93
Worcester,1,38C,007-001,REPUBLICAN,817,985,476,73,2988
Worcester,1,38C,007-001,UNAFFILIATED,383,273,203,35,1442
Worcester,,,Unable to Determine,DEMOCRATIC,0,0,0,17,
Worcester,,,Unable to Determine,GREEN,0,0,0,0,
Worcester,,,Unable to Determine,LIBERTARIAN,0,0,0,0,
Worcester,,,Unable to Determine,NO LABELS MARYLAND,0,0,0,0,
Worcester,,,Unable to Determine,OTHER PARTIES,0,0,0,0,
Worcester,,,Unable to Determine,REPUBLICAN,0,0,0,36,
Worcester,,,Unable to Determine,UNAFFILIATED,0,0,0,15,
